model,feature_type,preprocessing,threshold_mode,attack_type,intensity,precision_mean,precision_std,recall_mean,recall_std,f1_mean,f1_std,roc_auc_mean,roc_auc_std,average_precision_mean,average_precision_std,asr_mean,asr_std
linear_svc_char_gentle,char,gentle,default,leet,0.0,0.9765625,0.0,0.9615384615384615,0.0,0.9689922480620154,0.0,0.9963750850918993,0.0,0.9883122451396611,0.0,0.0,0.0
linear_svc_char_gentle,char,gentle,default,leet,0.1,0.9759958913009541,0.00032071635280855876,0.9384615384615385,0.01296811123728497,0.9568196338447669,0.006864349298772562,0.99446477195371,0.001382280619731171,0.9834092713565875,0.002221792413397973,0.027600000000000003,0.013100421849374887
linear_svc_char_gentle,char,gentle,default,leet,0.2,0.9752110328096799,0.000389336445733479,0.9080769230769231,0.0146536894165271,0.9403922140830574,0.00803169960100499,0.9926357215793058,0.002019017910308141,0.9770085561913084,0.0033543734174494,0.058399999999999994,0.015377358612412496
linear_svc_char_gentle,char,gentle,default,leet,0.3,0.9742703221398485,0.0005622091199779146,0.8742307692307693,0.019694806268614782,0.9214386230044431,0.011168834569783832,0.9899417120490129,0.002029103955213344,0.9694694997904764,0.003924968730348267,0.09359999999999999,0.02045379902944297
linear_svc_char_gentle,char,gentle,default,leet,0.4,0.972848588479098,0.0006371521505615443,0.8273076923076923,0.02019447645958664,0.8940763754050864,0.01200070512920992,0.9867188563648741,0.003352767004417524,0.9573000300473327,0.00639872552280408,0.142,0.019915611437949086
linear_svc_char_gentle,char,gentle,default,leet,0.5,0.9710923776645382,0.000779690220420355,0.7757692307692308,0.021363517393636657,0.8623657357630033,0.013559217826762341,0.9845958134785568,0.0032453621542028878,0.9438284231277327,0.008701874587782866,0.198,0.021066311344993705
linear_svc_char_gentle,char,gentle,default,separators,0.0,0.9765625,0.0,0.9615384615384615,0.0,0.9689922480620154,0.0,0.9963750850918993,0.0,0.9883122451396611,0.0,0.0,0.0
linear_svc_char_gentle,char,gentle,default,separators,0.1,0.9758513755120657,0.00030985704616555545,0.9326923076923077,0.012194571240347387,0.9537469004322411,0.006540955656636372,0.9954309904697073,0.0013225052115833813,0.984248728527867,0.001985450051194607,0.035199999999999995,0.010185645213782612
linear_svc_char_gentle,char,gentle,default,separators,0.2,0.975042568138601,0.0005001452240528911,0.901923076923077,0.01831844001196956,0.9369709907535043,0.010171390627208619,0.9936866065350578,0.0014395733346726656,0.9774509675363895,0.003106921597401798,0.0656,0.018824396264869748
linear_svc_char_gentle,char,gentle,default,separators,0.3,0.9736837246006479,0.0005770360828155855,0.8542307692307693,0.019246956749822925,0.9099506234432233,0.011170402485781697,0.9895732641252553,0.0030446561145660825,0.9647278751096708,0.0058186356900753996,0.11439999999999999,0.020617825705978438
linear_svc_char_gentle,char,gentle,default,separators,0.4,0.9721833243246332,0.000867933941161018,0.8073076923076924,0.02623172496388918,0.8819012763631745,0.01592700641685432,0.9863431756296801,0.002731514108513415,0.9520665225124937,0.005894710403858586,0.1624,0.028914392700922453
linear_svc_char_gentle,char,gentle,default,separators,0.5,0.9703568343583182,0.0009349543050831804,0.7561538461538462,0.024718911847559873,0.84976810698497,0.015933611965057853,0.9805135296119809,0.0029255367360458825,0.9321123695228618,0.005736983425035681,0.21680000000000002,0.024746291588204104
linear_svc_char_gentle,char,gentle,default,unicode,0.0,0.9765625,0.0,0.9615384615384615,0.0,0.9689922480620154,0.0,0.9963750850918993,0.0,0.9883122451396611,0.0,0.0,0.0
linear_svc_char_gentle,char,gentle,default,unicode,0.1,0.9760148948725419,0.0003296729015281666,0.9392307692307693,0.013182474705634144,0.9572268833927424,0.00701605911073934,0.9951816712049013,0.001077886065554647,0.9835194552567834,0.001901426865298283,0.027200000000000002,0.013336140055463852
linear_svc_char_gentle,char,gentle,default,unicode,0.2,0.9754578050898713,0.0005656935499064778,0.9176923076923076,0.021627922941489422,0.945575051242926,0.011762154657125145,0.9933360279101431,0.0019430576552517298,0.9784354165584,0.0021724767047502642,0.0496,0.020535976134322755
linear_svc_char_gentle,char,gentle,default,unicode,0.3,0.974634098049672,0.00041884650535027433,0.8869230769230769,0.015201337448739775,0.9286511611208358,0.008478523290143323,0.9912380871341048,0.0023132398974101452,0.9716742803564632,0.0032006258107082266,0.08,0.013234723069896178
linear_svc_char_gentle,char,gentle,default,unicode,0.4,0.9736801026298408,0.0006579507289504904,0.8542307692307693,0.021967247214234358,0.9099177806027117,0.012742039754702787,0.9881883934649421,0.002257940527722808,0.9621596696817496,0.00453574492233404,0.11239999999999999,0.022845937102803707
linear_svc_char_gentle,char,gentle,default,unicode,0.5,0.9723600621080244,0.0006711158454056474,0.8123076923076923,0.020489190167843126,0.8850321269875691,0.012384591472927163,0.9849825561606534,0.002514888280924081,0.9513578386660846,0.005721240491962246,0.15560000000000002,0.021162031541120247
linear_svc_char_gentle,char,gentle,validation,leet,0.0,0.8698630136986301,0.0,0.9769230769230768,0.0,0.9202898550724636,0.0,0.9963750850918993,0.0,0.9883122451396611,0.0,0.0,0.0
linear_svc_char_gentle,char,gentle,validation,leet,0.1,0.868688763016231,0.0008390325255230626,0.9669230769230769,0.007102927052897199,0.9151685441396644,0.003649001243108256,0.99446477195371,0.001382280619731171,0.9834092713565875,0.002221792413397973,0.010236220472440945,0.0072707127313121145
linear_svc_char_gentle,char,gentle,validation,leet,0.2,0.8669788803040609,0.001420960599461929,0.9526923076923077,0.011778871973862475,0.9077921937634716,0.006118181557163672,0.9926357215793058,0.002019017910308141,0.9770085561913084,0.0033543734174494,0.025196850393700787,0.011873024172048061
linear_svc_char_gentle,char,gentle,validation,leet,0.3,0.8654198546816181,0.0016482006782627158,0.9400000000000001,0.013346821787296846,0.9011372901633721,0.007017525305367208,0.9899417120490129,0.002029103955213344,0.9694694997904764,0.003924968730348267,0.0389763779527559,0.013390701435606701
linear_svc_char_gentle,char,gentle,validation,leet,0.4,0.8610335665739308,0.0019827252328213493,0.9057692307692309,0.014948265398714177,0.8827926752713336,0.008154697551790706,0.9867188563648741,0.003352767004417524,0.9573000300473327,0.00639872552280408,0.07322834645669292,0.015135195484657972
linear_svc_char_gentle,char,gentle,validation,leet,0.5,0.8568160190211577,0.004134525368189185,0.8753846153846154,0.029061945888871787,0.8658335846187762,0.016421927031480328,0.9845958134785568,0.0032453621542028878,0.9438284231277327,0.008701874587782866,0.10472440944881889,0.02969355193593296
linear_svc_char_gentle,char,gentle,validation,separators,0.0,0.8698630136986301,0.0,0.9769230769230768,0.0,0.9202898550724636,0.0,0.9963750850918993,0.0,0.9883122451396611,0.0,0.0,0.0
linear_svc_char_gentle,char,gentle,validation,separators,0.1,0.8689162665131016,0.0007486730109112179,0.9688461538461539,0.0063505995960145625,0.9161572791959971,0.003259091884654156,0.9954309904697073,0.0013225052115833813,0.984248728527867,0.001985450051194607,0.009448818897637795,0.0060454479996056255
linear_svc_char_gentle,char,gentle,validation,separators,0.2,0.8664659971403911,0.0013668022373559859,0.9484615384615385,0.011189041219571368,0.9055891161533939,0.005849993405982445,0.9936866065350578,0.0014395733346726656,0.9774509675363895,0.003106921597401798,0.030314960629921263,0.011783363107209455
linear_svc_char_gentle,char,gentle,validation,separators,0.3,0.8625150172446624,0.002794239340036037,0.9173076923076924,0.021158446316160786,0.8889838427160687,0.011514084139078676,0.9895732641252553,0.0030446561145660825,0.9647278751096708,0.0058186356900753996,0.06141732283464567,0.02191661020278612
linear_svc_char_gentle,char,gentle,validation,separators,0.4,0.8595840913370534,0.00242295130172216,0.8949999999999999,0.01769582784906605,0.876874182137883,0.00980940681096786,0.9863431756296801,0.002731514108513415,0.9520665225124937,0.005894710403858586,0.08464566929133858,0.018041636594314334
linear_svc_char_gentle,char,gentle,validation,separators,0.5,0.8533369695817044,0.002998129696795987,0.8507692307692307,0.020336625199612077,0.8519669106885642,0.01170231819503064,0.9805135296119809,0.0029255367360458825,0.9321123695228618,0.005736983425035681,0.1295275590551181,0.020513045900022262
linear_svc_char_gentle,char,gentle,validation,unicode,0.0,0.8698630136986301,0.0,0.9769230769230768,0.0,0.9202898550724636,0.0,0.9963750850918993,0.0,0.9883122451396611,0.0,0.0,0.0
linear_svc_char_gentle,char,gentle,validation,unicode,0.1,0.8685086404633523,0.0006937387955624803,0.9653846153846153,0.005852968540405222,0.9143818674713629,0.0030122662821019243,0.9951816712049013,0.001077886065554647,0.9835194552567834,0.001901426865298283,0.012204724409448819,0.005977595704852348
linear_svc_char_gentle,char,gentle,validation,unicode,0.2,0.8673102564682666,0.0010706024340186831,0.9553846153846154,0.008858906491729795,0.9092055669321528,0.004605870869984133,0.9933360279101431,0.0019430576552517298,0.9784354165584,0.0021724767047502642,0.02283464566929134,0.009175491379947706
linear_svc_char_gentle,char,gentle,validation,unicode,0.3,0.8652353892974979,0.001347384629424882,0.9384615384615385,0.010878565864408416,0.9003406030189829,0.005728833574231219,0.9912380871341048,0.0023132398974101452,0.9716742803564632,0.0032006258107082266,0.03976377952755906,0.01067930693051968
linear_svc_char_gentle,char,gentle,validation,unicode,0.4,0.862645990448091,0.0017555180982855283,0.9180769230769231,0.01350340510939471,0.8894646587659143,0.007291165683093629,0.9881883934649421,0.002257940527722808,0.9621596696817496,0.00453574492233404,0.060629921259842526,0.013781007557723159
linear_svc_char_gentle,char,gentle,validation,unicode,0.5,0.8597886476437895,0.002483319928309709,0.8965384615384615,0.01842016281162715,0.8777139869270251,0.010132916260922317,0.9849825561606534,0.002514888280924081,0.9513578386660846,0.005721240491962246,0.0826771653543307,0.018685785855939486
linear_svc_char_legacy,char,legacy,default,leet,0.0,0.9916666666666668,0.0,0.9153846153846154,0.0,0.952,0.0,0.9967750170183798,0.0,0.9878269397188288,0.0,0.0,0.0
linear_svc_char_legacy,char,legacy,default,leet,0.1,0.991286746982049,0.0001489545135802696,0.8753846153846154,0.01530342951245661,0.9296718527040259,0.008641078076673322,0.9954407760381212,0.0011774494918314626,0.9840482698970396,0.00202414917080201,0.044117647058823525,0.01699911989471704
linear_svc_char_legacy,char,legacy,default,leet,0.2,0.9910641385108583,0.00017600267901286712,0.8534615384615385,0.01701392618446804,0.9170458137028312,0.009883264317556085,0.9940303778080327,0.0018059423747648386,0.9787318520686853,0.003666783791511713,0.07184873949579831,0.017558379574730675
linear_svc_char_legacy,char,legacy,default,leet,0.3,0.9905122210349768,0.00021581523544864304,0.8034615384615386,0.018250309827022405,0.8871293593392815,0.011266527490725533,0.9916065350578626,0.00198364414916556,0.972894590063848,0.0042501814093686115,0.12394957983193278,0.020196611085036606
linear_svc_char_legacy,char,legacy,default,leet,0.4,0.9899255865650755,0.00030852124060847116,0.7565384615384615,0.023448426680618143,0.8574496684539114,0.01516734961975512,0.9891324880871342,0.0026665578377255235,0.963899031000462,0.005591388107327049,0.17563025210084032,0.024217523931136777
linear_svc_char_legacy,char,legacy,default,leet,0.5,0.9893207264247158,0.00037478450356473724,0.7134615384615385,0.02555823340772405,0.8288061495408782,0.017308386177526978,0.9885738597685501,0.0023771024628495697,0.9564544003383333,0.007254753574895756,0.22226890756302523,0.02773377280547484
linear_svc_char_legacy,char,legacy,default,separators,0.0,0.9916666666666668,0.0,0.9153846153846154,0.0,0.952,0.0,0.9967750170183798,0.0,0.9878269397188288,0.0,0.0,0.0
linear_svc_char_legacy,char,legacy,default,separators,0.1,0.9916666666666668,0.0,0.9153846153846154,0.0,0.952,0.0,0.9967750170183798,0.0,0.9878269397188288,0.0,0.0,0.0
linear_svc_char_legacy,char,legacy,default,separators,0.2,0.9916666666666668,0.0,0.9153846153846154,0.0,0.952,0.0,0.9967750170183798,0.0,0.9878269397188288,0.0,0.0,0.0
linear_svc_char_legacy,char,legacy,default,separators,0.3,0.9916666666666668,0.0,0.9153846153846154,0.0,0.952,0.0,0.9967750170183798,0.0,0.9878269397188288,0.0,0.0,0.0
linear_svc_char_legacy,char,legacy,default,separators,0.4,0.9916666666666668,0.0,0.9153846153846154,0.0,0.952,0.0,0.9967750170183798,0.0,0.9878269397188288,0.0,0.0,0.0
linear_svc_char_legacy,char,legacy,default,separators,0.5,0.9916666666666668,0.0,0.9153846153846154,0.0,0.952,0.0,0.9967750170183798,0.0,0.9878269397188288,0.0,0.0,0.0
linear_svc_char_legacy,char,legacy,default,unicode,0.0,0.9916666666666668,0.0,0.9153846153846154,0.0,0.952,0.0,0.9967750170183798,0.0,0.9878269397188288,0.0,0.0,0.0
linear_svc_char_legacy,char,legacy,default,unicode,0.1,0.991369735263995,0.00014014457411054283,0.883846153846154,0.014315047519564415,0.9344679645681346,0.008104792460998963,0.9958194349897889,0.00085891632572958,0.9843694737969892,0.0017768174128479518,0.034453781512605045,0.01563828720624683
linear_svc_char_legacy,char,legacy,default,unicode,0.2,0.9911254754653532,0.00011501359607112595,0.8592307692307692,0.011189041219571361,0.920441050773124,0.006482031167019339,0.9940316541865215,0.0017621375471833177,0.9800458922545372,0.002492662841083122,0.06218487394957983,0.012903729343696041
linear_svc_char_legacy,char,legacy,default,unicode,0.3,0.990826631937795,0.00017714420353862298,0.8311538461538461,0.01626527981045404,0.9039136736540255,0.009676069940468459,0.9921966473791695,0.001899109115327187,0.9747561865679307,0.0030305496790563402,0.09243697478991597,0.018491415267905237
linear_svc_char_legacy,char,legacy,default,unicode,0.4,0.9904041178796573,0.00018821392222670904,0.7942307692307693,0.0159559889869948,0.8814540680680099,0.009837998682667255,0.9899259700476515,0.0022852070356996624,0.9676788935698173,0.00479621210029745,0.13277310924369748,0.01820784993276689
linear_svc_char_legacy,char,legacy,default,unicode,0.5,0.9898430019489414,0.0003263669002903198,0.7503846153846154,0.024129181042131076,0.8534365921419822,0.01579571379327438,0.987100918992512,0.002506823891705143,0.9584150574520385,0.005908803677431568,0.1815126050420168,0.0263490325563615
linear_svc_char_legacy,char,legacy,validation,leet,0.0,0.8689655172413794,0.0,0.9692307692307691,0.0,0.9163636363636364,0.0,0.9967750170183798,0.0,0.9878269397188288,0.0,0.0,0.0
linear_svc_char_legacy,char,legacy,validation,leet,0.1,0.8685535152862147,0.0007514726695488781,0.9657692307692308,0.006350599596014551,0.9145781784068042,0.0032655084621926044,0.9954407760381212,0.0011774494918314626,0.9840482698970396,0.00202414917080201,0.005555555555555555,0.005213862581998303
linear_svc_char_legacy,char,legacy,validation,leet,0.2,0.8671115124550532,0.0017248696575370428,0.9538461538461538,0.01433678640455529,0.9083766830402791,0.007435878220898484,0.9940303778080327,0.0018059423747648386,0.9787318520686853,0.003666783791511713,0.01944444444444444,0.012475858853934456
linear_svc_char_legacy,char,legacy,validation,leet,0.3,0.8660366719962422,0.001646555396047168,0.945,0.013270770901642711,0.9037650823494812,0.006994135222722369,0.9916065350578626,0.00198364414916556,0.972894590063848,0.0042501814093686115,0.02936507936507936,0.014127031060720097
linear_svc_char_legacy,char,legacy,validation,leet,0.4,0.8631479768279856,0.0014067049573089194,0.921923076923077,0.01095700950547278,0.8915456402833319,0.005878510956896901,0.9891324880871342,0.0026665578377255235,0.963899031000462,0.005591388107327049,0.05119047619047619,0.00945218121359334
linear_svc_char_legacy,char,legacy,validation,leet,0.5,0.8606430469431077,0.0029817590471010137,0.9030769230769231,0.022516819555114986,0.8812533114400664,0.012270265868404332,0.9885738597685501,0.0023771024628495697,0.9564544003383333,0.007254753574895756,0.07420634920634919,0.02112002876959564
linear_svc_char_legacy,char,legacy,validation,separators,0.0,0.8689655172413794,0.0,0.9692307692307691,0.0,0.9163636363636364,0.0,0.9967750170183798,0.0,0.9878269397188288,0.0,0.0,0.0
linear_svc_char_legacy,char,legacy,validation,separators,0.1,0.8689655172413794,0.0,0.9692307692307691,0.0,0.9163636363636364,0.0,0.9967750170183798,0.0,0.9878269397188288,0.0,0.0,0.0
linear_svc_char_legacy,char,legacy,validation,separators,0.2,0.8689655172413794,0.0,0.9692307692307691,0.0,0.9163636363636364,0.0,0.9967750170183798,0.0,0.9878269397188288,0.0,0.0,0.0
linear_svc_char_legacy,char,legacy,validation,separators,0.3,0.8689655172413794,0.0,0.9692307692307691,0.0,0.9163636363636364,0.0,0.9967750170183798,0.0,0.9878269397188288,0.0,0.0,0.0
linear_svc_char_legacy,char,legacy,validation,separators,0.4,0.8689655172413794,0.0,0.9692307692307691,0.0,0.9163636363636364,0.0,0.9967750170183798,0.0,0.9878269397188288,0.0,0.0,0.0
linear_svc_char_legacy,char,legacy,validation,separators,0.5,0.8689655172413794,0.0,0.9692307692307691,0.0,0.9163636363636364,0.0,0.9967750170183798,0.0,0.9878269397188288,0.0,0.0,0.0
linear_svc_char_legacy,char,legacy,validation,unicode,0.0,0.8689655172413794,0.0,0.9692307692307691,0.0,0.9163636363636364,0.0,0.9967750170183798,0.0,0.9878269397188288,0.0,0.0,0.0
linear_svc_char_legacy,char,legacy,validation,unicode,0.1,0.8687778498059622,0.0009640244469654056,0.9676923076923076,0.008125456650560052,0.9155596856131094,0.004183829043820711,0.9958194349897889,0.00085891632572958,0.9843694737969892,0.0017768174128479518,0.003968253968253968,0.0075071849438644225
linear_svc_char_legacy,char,legacy,validation,unicode,0.2,0.8676781271451013,0.001174790433634359,0.9584615384615385,0.009793889628637155,0.9107962902275911,0.005072168520697982,0.9940316541865215,0.0017621375471833177,0.9800458922545372,0.002492662841083122,0.012698412698412698,0.009771222400810992
linear_svc_char_legacy,char,legacy,validation,unicode,0.3,0.8662287991973054,0.0014726491025816575,0.9465384615384614,0.0120919862738134,0.9045784743051406,0.006312078728929347,0.9921966473791695,0.001899109115327187,0.9747561865679307,0.0030305496790563402,0.026190476190476188,0.011544248877335527
linear_svc_char_legacy,char,legacy,validation,unicode,0.4,0.8638226326388463,0.0019082395796074874,0.9273076923076923,0.015072749980183429,0.8943982830414223,0.008027691302038377,0.9899259700476515,0.0022852070356996624,0.9676788935698173,0.00479621210029745,0.04523809523809523,0.014588820085266935
linear_svc_char_legacy,char,legacy,validation,unicode,0.5,0.861574819410891,0.002481038068760514,0.9099999999999999,0.01885874981861927,0.885058517820703,0.010244261871354961,0.987100918992512,0.002506823891705143,0.9584150574520385,0.005908803677431568,0.0630952380952381,0.01882968474216598
linear_svc_char_no_currency,char,no_currency,default,leet,0.0,0.9765625,0.0,0.9615384615384615,0.0,0.9689922480620154,0.0,0.9962729748127979,0.0,0.9881567219038583,0.0,0.0,0.0
linear_svc_char_no_currency,char,no_currency,default,leet,0.1,0.9759485507755423,0.0002901914987523334,0.9365384615384615,0.01167263420513237,0.9558040046356039,0.006194653657342623,0.9944464771953709,0.001362900734060425,0.9833598850157598,0.002197522748613212,0.029199999999999997,0.013304530292941178
linear_svc_char_no_currency,char,no_currency,default,leet,0.2,0.9751598496570837,0.0003863800969475505,0.9061538461538461,0.014466533722511605,0.9393373174863685,0.007948822568404875,0.992509785568414,0.0020644322152752062,0.9766634649055472,0.0035705914525676428,0.06,0.01589438828478052
linear_svc_char_no_currency,char,no_currency,default,leet,0.3,0.9741235864374398,0.0006278845785810261,0.8692307692307691,0.02146894507459573,0.9185664816983143,0.012313804497395631,0.989765571817563,0.0020763008461741643,0.9688453159703106,0.004458030042020012,0.0988,0.022963586736167184
linear_svc_char_no_currency,char,no_currency,default,leet,0.4,0.9726926485332033,0.0005279690753077576,0.8223076923076924,0.016535872125694927,0.8911205558688684,0.009881480805237451,0.986347855684139,0.0034576457723156607,0.9561350182181508,0.006662145879364136,0.1472,0.01608399007840111
linear_svc_char_no_currency,char,no_currency,default,leet,0.5,0.9708488693126511,0.0008780302107484198,0.7692307692307693,0.023676423509657412,0.8581792115934489,0.015132078901566008,0.9842150272294077,0.0034212518636206296,0.9425565689558549,0.00895779764143758,0.20400000000000001,0.02328767462572603
linear_svc_char_no_currency,char,no_currency,default,separators,0.0,0.9765625,0.0,0.9615384615384615,0.0,0.9689922480620154,0.0,0.9962729748127979,0.0,0.9881567219038583,0.0,0.0,0.0
linear_svc_char_no_currency,char,no_currency,default,separators,0.1,0.9758318557009424,0.0003129043103471308,0.9319230769230769,0.012296300395880224,0.9533345548698395,0.006600306287595798,0.9954007828454732,0.00131605216805215,0.9841427543368411,0.001967978009255085,0.035199999999999995,0.010185645213782613
linear_svc_char_no_currency,char,no_currency,default,separators,0.2,0.9749686050668528,0.0005301641592606425,0.8992307692307693,0.019315602360526703,0.9354716068143561,0.01075151625759224,0.9935836453369639,0.0014402773214453126,0.9771351887533705,0.0030479150872246385,0.0684,0.01967739820199815
linear_svc_char_no_currency,char,no_currency,default,separators,0.3,0.9736254660360257,0.0005879783451747828,0.8523076923076923,0.019587779257274226,0.9088288970710877,0.011374769274840327,0.989459666439755,0.0030759578389248183,0.9645200481603636,0.006057247909610744,0.11599999999999999,0.02163817289689195
linear_svc_char_no_currency,char,no_currency,default,separators,0.4,0.9721298079582953,0.0009007036959436286,0.8057692307692308,0.02709603208668619,0.8809456254295756,0.01648983028325276,0.9861261912865895,0.002747392146175435,0.9515860902947914,0.006027260444084794,0.16360000000000002,0.029533923403079167
linear_svc_char_no_currency,char,no_currency,default,separators,0.5,0.9701821399134897,0.0009042074392755808,0.7515384615384615,0.023820673339678116,0.8467913486953158,0.015378351976217411,0.97990682437032,0.002936156987545557,0.9303547006646632,0.005675761413563278,0.2212,0.02438636374784288
linear_svc_char_no_currency,char,no_currency,default,unicode,0.0,0.9765625,0.0,0.9615384615384615,0.0,0.9689922480620154,0.0,0.9962729748127979,0.0,0.9881567219038583,0.0,0.0,0.0
linear_svc_char_no_currency,char,no_currency,default,unicode,0.1,0.9759073110499944,0.00038942312202094263,0.9349999999999999,0.015480470613460083,0.9549566048250367,0.008262612877729295,0.9951323179033356,0.0011036129968977325,0.9833142770633412,0.0020403141626061687,0.0316,0.015889089272036232
linear_svc_char_no_currency,char,no_currency,default,unicode,0.2,0.9753982315756519,0.0005492341182656987,0.9153846153846154,0.02088064284733223,0.9443279367277473,0.011386416518162119,0.993281143635126,0.0019042550853287975,0.9781816093011034,0.002153833663444836,0.052000000000000005,0.02002104156289472
linear_svc_char_no_currency,char,no_currency,default,unicode,0.3,0.9745782657788518,0.00048272713503651025,0.885,0.01737615787968123,0.9275513888950856,0.009729393759723976,0.9911832028590878,0.0022598003047185466,0.9713552567509021,0.0030573555680562746,0.08199999999999999,0.015761378513048242
linear_svc_char_no_currency,char,no_currency,default,unicode,0.4,0.9736254004536484,0.0005910948865471767,0.8523076923076923,0.019587779257274278,0.908828623826534,0.01140243843065766,0.9880437372362151,0.002284863480007675,0.961668055230518,0.004663514384175077,0.11439999999999999,0.019953630457163744
linear_svc_char_no_currency,char,no_currency,default,unicode,0.5,0.9723233803448844,0.0006333153613738155,0.8111538461538462,0.019567895200522607,0.8843429678135134,0.011761631712308996,0.984757062627638,0.002664486223223117,0.9508034760066268,0.00613822241740588,0.1568,0.020338193264475533
linear_svc_char_no_currency,char,no_currency,validation,leet,0.0,0.9130434782608695,0.0,0.9692307692307691,0.0,0.9402985074626866,0.0,0.9962729748127979,0.0,0.9881567219038583,0.0,0.0,0.0
linear_svc_char_no_currency,char,no_currency,validation,leet,0.1,0.9124339197225488,0.0007941914694559612,0.961923076923077,0.00949520031517113,0.9365070773719824,0.004933247109739836,0.9944464771953709,0.001362900734060425,0.9833598850157598,0.002197522748613212,0.009126984126984126,0.009021492712448663
linear_svc_char_no_currency,char,no_currency,validation,leet,0.2,0.910965656169655,0.0011300263016397454,0.9446153846153846,0.013111409634258317,0.9274501552314798,0.0069163117836338935,0.992509785568414,0.0020644322152752062,0.9766634649055472,0.0035705914525676428,0.028174603174603175,0.012738814175117068
linear_svc_char_no_currency,char,no_currency,validation,leet,0.3,0.9091141015392002,0.0010382953891403235,0.9234615384615384,0.011565420597497107,0.9162034118698864,0.006228344334753826,0.989765571817563,0.0020763008461741643,0.9688453159703106,0.004458030042020012,0.0496031746031746,0.011479453703977691
linear_svc_char_no_currency,char,no_currency,validation,leet,0.4,0.9058518778292994,0.0017402889436125058,0.8884615384615385,0.018083167153139516,0.8969999570214107,0.01008047459307616,0.986347855684139,0.0034576457723156607,0.9561350182181508,0.006662145879364136,0.08452380952380953,0.019487234046417664
linear_svc_char_no_currency,char,no_currency,validation,leet,0.5,0.9021252890277136,0.00280464336898727,0.8515384615384616,0.026658620191601944,0.8759356039037479,0.015515318030531458,0.9842150272294077,0.0034212518636206296,0.9425565689558549,0.00895779764143758,0.125,0.028192394396869623
linear_svc_char_no_currency,char,no_currency,validation,separators,0.0,0.9130434782608695,0.0,0.9692307692307691,0.0,0.9402985074626866,0.0,0.9962729748127979,0.0,0.9881567219038583,0.0,0.0,0.0
linear_svc_char_no_currency,char,no_currency,validation,separators,0.1,0.9125660488653153,0.00045523389486395007,0.9634615384615385,0.005510387687779819,0.937317358292208,0.0028448445549074672,0.9954007828454732,0.00131605216805215,0.9841427543368411,0.001967978009255085,0.007142857142857143,0.005085105361247519
linear_svc_char_no_currency,char,no_currency,validation,separators,0.2,0.9103005437762761,0.001124450110299701,0.936923076923077,0.01287169271590885,0.9233856426654666,0.006836609594835053,0.9935836453369639,0.0014402773214453126,0.9771351887533705,0.0030479150872246385,0.034523809523809526,0.013447762543776422
linear_svc_char_no_currency,char,no_currency,validation,separators,0.3,0.9073071357336593,0.0016849387883430345,0.9038461538461539,0.017910118510602965,0.9055035284513803,0.009871969053946224,0.989459666439755,0.0030759578389248183,0.9645200481603636,0.006057247909610744,0.06785714285714285,0.018652793223656598
linear_svc_char_no_currency,char,no_currency,validation,separators,0.4,0.9043774534365934,0.0020918243196329147,0.8734615384615385,0.020951368108061606,0.888551099573094,0.011891452979612364,0.9861261912865895,0.002747392146175435,0.9515860902947914,0.006027260444084794,0.0992063492063492,0.021155317062824724
linear_svc_char_no_currency,char,no_currency,validation,separators,0.5,0.8996642728507689,0.0021432792428435813,0.828076923076923,0.019536038614154268,0.8622952049547852,0.011606798491927044,0.97990682437032,0.002936156987545557,0.9303547006646632,0.005675761413563278,0.146031746031746,0.01967768824786939
linear_svc_char_no_currency,char,no_currency,validation,unicode,0.0,0.9130434782608695,0.0,0.9692307692307691,0.0,0.9402985074626866,0.0,0.9962729748127979,0.0,0.9881567219038583,0.0,0.0,0.0
linear_svc_char_no_currency,char,no_currency,validation,unicode,0.1,0.9121483168534524,0.0006044173950086721,0.9584615384615385,0.007233266861255798,0.9347210974033446,0.003756209820672326,0.9951323179033356,0.0011036129968977325,0.9833142770633412,0.0020403141626061687,0.011507936507936507,0.007040009589865213
linear_svc_char_no_currency,char,no_currency,validation,unicode,0.2,0.9113018452526775,0.0007712344646714437,0.9484615384615385,0.009032968440190775,0.9294938156577656,0.004742639387435265,0.993281143635126,0.0019042550853287975,0.9781816093011034,0.002153833663444836,0.021825396825396824,0.009239346850707878
linear_svc_char_no_currency,char,no_currency,validation,unicode,0.3,0.9092446223708771,0.0013180506911338622,0.925,0.014738454776734737,0.9170088953164847,0.007921027268753272,0.9911832028590878,0.0022598003047185466,0.9713552567509021,0.0030573555680562746,0.04642857142857142,0.014168038494033057
linear_svc_char_no_currency,char,no_currency,validation,unicode,0.4,0.9074253667974792,0.0013143037261691473,0.905,0.014178424356114125,0.9061675868260579,0.007759050470365069,0.9880437372362151,0.002284863480007675,0.961668055230518,0.004663514384175077,0.06626984126984127,0.014628533065831993
linear_svc_char_no_currency,char,no_currency,validation,unicode,0.5,0.9046198210304555,0.0016968559946693635,0.8757692307692307,0.01715973646622113,0.8898942891516441,0.009695428781487684,0.984757062627638,0.002664486223223117,0.9508034760066268,0.00613822241740588,0.09682539682539681,0.017388017698576702
linear_svc_char_no_punctuation,char,no_punctuation,default,leet,0.0,0.9915966386554622,0.0,0.9076923076923077,0.0,0.9477911646586346,0.0,0.9966899251191286,0.0,0.9877537335359019,0.0,0.0,0.0
linear_svc_char_no_punctuation,char,no_punctuation,default,leet,0.1,0.991278627166766,0.00016502506211427462,0.8746153846153846,0.01676035125010161,0.929220710051254,0.009514364655044643,0.9953263274336284,0.00122077066995666,0.9839217030549852,0.0021105878355504233,0.04364406779661017,0.01701037115505956
linear_svc_char_no_punctuation,char,no_punctuation,default,leet,0.2,0.9910404027069093,0.0001692217475309309,0.851153846153846,0.01622694085363772,0.9157088303521794,0.00946204166559776,0.9938806160653506,0.0017742131393441638,0.978706047710156,0.0035801834514908853,0.06991525423728814,0.016696375543483313
linear_svc_char_no_punctuation,char,no_punctuation,default,leet,0.3,0.9904805075821409,0.00021841762689828577,0.8007692307692308,0.01849187790429304,0.8854697799853133,0.011409481472085679,0.9914967665078285,0.002031252537004226,0.9729729873556033,0.004349204396837102,0.12203389830508475,0.020464968118532028
linear_svc_char_no_punctuation,char,no_punctuation,default,leet,0.4,0.9899062989320744,0.00029002914054997674,0.755,0.02208037186169922,0.8564742967424163,0.014272064857410695,0.9890350578624915,0.0027698321622548192,0.9640637825699818,0.005782469501049927,0.17161016949152544,0.022983549501325643
linear_svc_char_no_punctuation,char,no_punctuation,default,leet,0.5,0.9892423903272736,0.00034574055233551736,0.708076923076923,0.023341933133669394,0.8251703734885606,0.01587276677695416,0.9883219877467665,0.0023094069838485278,0.9561947264333565,0.006816543715205568,0.22245762711864409,0.02592065650465278
linear_svc_char_no_punctuation,char,no_punctuation,default,separators,0.0,0.9915966386554622,0.0,0.9076923076923077,0.0,0.9477911646586346,0.0,0.9966899251191286,0.0,0.9877537335359019,0.0,0.0,0.0
linear_svc_char_no_punctuation,char,no_punctuation,default,separators,0.1,0.9915966386554622,0.0,0.9076923076923077,0.0,0.9477911646586346,0.0,0.9966899251191286,0.0,0.9877537335359019,0.0,0.0,0.0
linear_svc_char_no_punctuation,char,no_punctuation,default,separators,0.2,0.9915966386554622,0.0,0.9076923076923077,0.0,0.9477911646586346,0.0,0.9966899251191286,0.0,0.9877537335359019,0.0,0.0,0.0
linear_svc_char_no_punctuation,char,no_punctuation,default,separators,0.3,0.9915966386554622,0.0,0.9076923076923077,0.0,0.9477911646586346,0.0,0.9966899251191286,0.0,0.9877537335359019,0.0,0.0,0.0
linear_svc_char_no_punctuation,char,no_punctuation,default,separators,0.4,0.9915966386554622,0.0,0.9076923076923077,0.0,0.9477911646586346,0.0,0.9966899251191286,0.0,0.9877537335359019,0.0,0.0,0.0
linear_svc_char_no_punctuation,char,no_punctuation,default,separators,0.5,0.9915966386554622,0.0,0.9076923076923077,0.0,0.9477911646586346,0.0,0.9966899251191286,0.0,0.9877537335359019,0.0,0.0,0.0
linear_svc_char_no_punctuation,char,no_punctuation,default,unicode,0.0,0.9915966386554622,0.0,0.9076923076923077,0.0,0.9477911646586346,0.0,0.9966899251191286,0.0,0.9877537335359019,0.0,0.0,0.0
linear_svc_char_no_punctuation,char,no_punctuation,default,unicode,0.1,0.9913582424747405,0.000149478425711193,0.8826923076923077,0.015359290897677408,0.9338089637572257,0.00867139944693513,0.995639891082369,0.0011033295493570023,0.9839017841751811,0.0021229200196904337,0.03177966101694915,0.01623728068623318
linear_svc_char_no_punctuation,char,no_punctuation,default,unicode,0.2,0.9910901947092485,0.00010231919406199843,0.8557692307692308,0.009943784688919162,0.918443435149771,0.005763538372498135,0.9939525187202178,0.0014800844423974203,0.9796108670357271,0.0020326017538047467,0.0635593220338983,0.012748979418337601
linear_svc_char_no_punctuation,char,no_punctuation,default,unicode,0.3,0.9908067564536548,0.00014149538971418462,0.8292307692307693,0.012871692715908859,0.9027963805269552,0.007690151051693665,0.9921345302927161,0.0018818128424996112,0.974590363440092,0.0028420368729551834,0.08983050847457627,0.013300382130015179
linear_svc_char_no_punctuation,char,no_punctuation,default,unicode,0.4,0.9904502511503364,0.00017965632458784606,0.7980769230769231,0.015155171647161776,0.8838443814269702,0.009367132926190918,0.9897817392784207,0.0018643503897245606,0.9673903703829639,0.003936680765322785,0.125,0.017143180232807864
linear_svc_char_no_punctuation,char,no_punctuation,default,unicode,0.5,0.990006322028831,0.00019614390732297258,0.7623076923076922,0.015160308123041222,0.8612853866708468,0.009738424583873003,0.9871864363512592,0.0021748076373251687,0.9589775894943399,0.005181741552597249,0.1652542372881356,0.018749196750208478
linear_svc_char_no_punctuation,char,no_punctuation,validation,leet,0.0,0.9615384615384615,0.0,0.9615384615384615,0.0,0.9615384615384615,0.0,0.9966899251191286,0.0,0.9877537335359019,0.0,0.0,0.0
linear_svc_char_no_punctuation,char,no_punctuation,validation,leet,0.1,0.9610262024526955,0.00032938271748884625,0.9484615384615385,0.008314886673455113,0.9546864156711752,0.004381077400150417,0.9953263274336284,0.00122077066995666,0.9839217030549852,0.0021105878355504233,0.016,0.009711631658670145
linear_svc_char_no_punctuation,char,no_punctuation,validation,leet,0.2,0.960071687881296,0.0005868432020328394,0.925,0.014090290328173969,0.9421616420005658,0.007609225517880373,0.9938806160653506,0.0017742131393441638,0.978706047710156,0.0035801834514908853,0.040400000000000005,0.013850327755954675
linear_svc_char_no_punctuation,char,no_punctuation,validation,leet,0.3,0.9591798699306754,0.0009428301369888123,0.9042307692307693,0.02153773856507838,0.9307793078058724,0.011913364312401503,0.9914967665078285,0.002031252537004226,0.9729729873556033,0.004349204396837102,0.0632,0.02216113240503933
linear_svc_char_no_punctuation,char,no_punctuation,validation,leet,0.4,0.9579363998320233,0.0007086654826174733,0.8761538461538463,0.015565735473617386,0.9151592221093621,0.008775811704803722,0.9890350578624915,0.0027698321622548192,0.9640637825699818,0.005782469501049927,0.0912,0.01608399007840111
linear_svc_char_no_punctuation,char,no_punctuation,validation,leet,0.5,0.9567044674303478,0.0010454761663504079,0.8503846153846155,0.021681853512147086,0.9002906427664736,0.012560933331528065,0.9883219877467665,0.0023094069838485278,0.9561947264333565,0.006816543715205568,0.1196,0.022096439341643875
linear_svc_char_no_punctuation,char,no_punctuation,validation,separators,0.0,0.9615384615384615,0.0,0.9615384615384615,0.0,0.9615384615384615,0.0,0.9966899251191286,0.0,0.9877537335359019,0.0,0.0,0.0
linear_svc_char_no_punctuation,char,no_punctuation,validation,separators,0.1,0.9615384615384615,0.0,0.9615384615384615,0.0,0.9615384615384615,0.0,0.9966899251191286,0.0,0.9877537335359019,0.0,0.0,0.0
linear_svc_char_no_punctuation,char,no_punctuation,validation,separators,0.2,0.9615384615384615,0.0,0.9615384615384615,0.0,0.9615384615384615,0.0,0.9966899251191286,0.0,0.9877537335359019,0.0,0.0,0.0
linear_svc_char_no_punctuation,char,no_punctuation,validation,separators,0.3,0.9615384615384615,0.0,0.9615384615384615,0.0,0.9615384615384615,0.0,0.9966899251191286,0.0,0.9877537335359019,0.0,0.0,0.0
linear_svc_char_no_punctuation,char,no_punctuation,validation,separators,0.4,0.9615384615384615,0.0,0.9615384615384615,0.0,0.9615384615384615,0.0,0.9966899251191286,0.0,0.9877537335359019,0.0,0.0,0.0
linear_svc_char_no_punctuation,char,no_punctuation,validation,separators,0.5,0.9615384615384615,0.0,0.9615384615384615,0.0,0.9615384615384615,0.0,0.9966899251191286,0.0,0.9877537335359019,0.0,0.0,0.0
linear_svc_char_no_punctuation,char,no_punctuation,validation,unicode,0.0,0.9615384615384615,0.0,0.9615384615384615,0.0,0.9615384615384615,0.0,0.9966899251191286,0.0,0.9877537335359019,0.0,0.0,0.0
linear_svc_char_no_punctuation,char,no_punctuation,validation,unicode,0.1,0.960873349602543,0.0003527732966244959,0.9446153846153846,0.0088589064917298,0.952656634117721,0.004679618062450767,0.995639891082369,0.0011033295493570023,0.9839017841751811,0.0021229200196904337,0.019200000000000002,0.009849392180017479
linear_svc_char_no_punctuation,char,no_punctuation,validation,unicode,0.2,0.9603087382617298,0.0006027393171379467,0.9307692307692308,0.014764844152882982,0.9452562624982196,0.007895486065805724,0.9939525187202178,0.0014800844423974203,0.9796108670357271,0.0020326017538047467,0.0344,0.013758824919225287
linear_svc_char_no_punctuation,char,no_punctuation,validation,unicode,0.3,0.9594163035301797,0.0008208093270238694,0.9096153846153847,0.019149626382643347,0.9337619112445001,0.01048542129970631,0.9921345302927161,0.0018818128424996112,0.974590363440092,0.0028420368729551834,0.056400000000000006,0.01730956535074116
linear_svc_char_no_punctuation,char,no_punctuation,validation,unicode,0.4,0.9585046798059714,0.0009067741831059836,0.8888461538461538,0.020194476459586636,0.9222582216618072,0.011308838939457395,0.9897817392784207,0.0018643503897245606,0.9673903703829639,0.003936680765322785,0.07680000000000001,0.02000421008319578
linear_svc_char_no_punctuation,char,no_punctuation,validation,unicode,0.5,0.9571688293710418,0.0010210004611966503,0.86,0.021264890728655374,0.9058659360481147,0.012294766459554981,0.9871864363512592,0.0021748076373251687,0.9589775894943399,0.005181741552597249,0.1068,0.021603118683238894
linear_svc_word_char_gentle,word_char,gentle,default,leet,0.0,0.9914529914529915,0.0,0.8923076923076924,0.0,0.9392712550607287,0.0,0.9968260721579305,0.0,0.9901889688347275,0.0,0.0,0.0
linear_svc_word_char_gentle,word_char,gentle,default,leet,0.1,0.9911244719752788,0.00015116351158258993,0.8592307692307692,0.01457377413564641,0.9204150938053142,0.008477051163074763,0.9948179033356025,0.0016064646524513078,0.9854787633166587,0.0029116329211792626,0.04353448275862069,0.01518473142963103
linear_svc_word_char_gentle,word_char,gentle,default,leet,0.2,0.9907658467911109,0.0002176367601868388,0.8257692307692308,0.019375970053372476,0.9006588666415419,0.011685370819528586,0.9938644486044929,0.0022246566192927314,0.9803716968428515,0.004177172539239514,0.08318965517241379,0.020414649942777013
linear_svc_word_char_gentle,word_char,gentle,default,leet,0.3,0.9901605148003171,0.0002637857489278508,0.7746153846153846,0.020745975884873615,0.8690812317315174,0.013223623280788261,0.9900029782164739,0.0028413523453780943,0.9702912147347543,0.005402732030705708,0.1370689655172414,0.02321612957908425
linear_svc_word_char_gentle,word_char,gentle,default,leet,0.4,0.989296990888865,0.00029788655405273064,0.7115384615384615,0.0198875693778383,0.8275911015037523,0.013595106144746509,0.9869575391422737,0.00340912406917337,0.9582441225106685,0.007269922557426392,0.20689655172413796,0.02184465175537337
linear_svc_word_char_gentle,word_char,gentle,default,leet,0.5,0.988030519598842,0.0005276956040724909,0.6361538461538461,0.028356848712228173,0.7736358021597961,0.02114289739099211,0.9836534206943499,0.004275860005258131,0.9457740131696039,0.008754676509919677,0.29094827586206895,0.031628094773435755
linear_svc_word_char_gentle,word_char,gentle,default,separators,0.0,0.9914529914529915,0.0,0.8923076923076924,0.0,0.9392712550607287,0.0,0.9968260721579305,0.0,0.9901889688347275,0.0,0.0,0.0
linear_svc_word_char_gentle,word_char,gentle,default,separators,0.1,0.9909923689336549,0.00015980881095645783,0.8465384615384615,0.015072749980183452,0.9130201762210133,0.008856976234220281,0.9954948093941457,0.0017691006094722565,0.9844834616707642,0.0028316524178769696,0.05517241379310345,0.015165400127802769
linear_svc_word_char_gentle,word_char,gentle,default,separators,0.2,0.99036336418815,0.0002736530497037598,0.7911538461538462,0.02263751705574359,0.8794550365409213,0.014108668771392057,0.9927374063989107,0.001686346812470777,0.9747170019211604,0.0036914448192204314,0.11724137931034484,0.02460654781519419
linear_svc_word_char_gentle,word_char,gentle,default,separators,0.3,0.9892805601020553,0.0003818491028988,0.7107692307692307,0.025377866849235056,0.8269720691013795,0.01737256652248939,0.9875804118447924,0.0037838903463923482,0.959362694330153,0.007864799210798613,0.20517241379310347,0.027346966225475177
linear_svc_word_char_gentle,word_char,gentle,default,separators,0.4,0.9876871020906577,0.000509554334307145,0.6180769230769231,0.026326531597625217,0.760043604162233,0.019930113632376876,0.982657845473111,0.0028878752996496946,0.9403303692416205,0.008131402562563169,0.3094827586206897,0.029586613021212193
linear_svc_word_char_gentle,word_char,gentle,default,separators,0.5,0.9861226978223264,0.0006317258304333779,0.5476923076923077,0.024907177414637893,0.7039360616075284,0.0208504055553048,0.9739223110959836,0.004335489313776851,0.9153591202810081,0.008650693896116285,0.3875,0.02689628996103252
linear_svc_word_char_gentle,word_char,gentle,default,unicode,0.0,0.9914529914529915,0.0,0.8923076923076924,0.0,0.9392712550607287,0.0,0.9968260721579305,0.0,0.9901889688347275,0.0,0.0,0.0
linear_svc_word_char_gentle,word_char,gentle,default,unicode,0.1,0.9912571168293486,0.00012206951432132446,0.8723076923076925,0.012327918602862026,0.9279431859245969,0.007018439547165328,0.9956449965963241,0.0011647389744147544,0.9850675711846876,0.0022865717276449953,0.029741379310344828,0.012961247221332961
linear_svc_word_char_gentle,word_char,gentle,default,unicode,0.2,0.99100473556249,0.00015304425467176428,0.8476923076923077,0.014466533722511646,0.9137016049287894,0.008492697451648693,0.9937989278420695,0.0014503873534381516,0.9798487069834391,0.0018649494865875078,0.05991379310344828,0.016182309418583642
linear_svc_word_char_gentle,word_char,gentle,default,unicode,0.3,0.99066925042635,0.00015290370266841794,0.8169230769230769,0.013578153079355195,0.8953889045263062,0.008201074324570942,0.9917750170183799,0.0018070307400279238,0.9737448080686966,0.0029181544866052705,0.09008620689655172,0.013836987810903022
linear_svc_word_char_gentle,word_char,gentle,default,unicode,0.4,0.9901773897468494,0.000309516666583618,0.7761538461538462,0.024183972547626807,0.8700036317413085,0.015455783930777697,0.9888210517358746,0.002344219238032517,0.9652308114369521,0.004813553479723754,0.13232758620689655,0.02627840921103758
linear_svc_word_char_gentle,word_char,gentle,default,unicode,0.5,0.9894654187480555,0.0003897763414189153,0.7234615384615385,0.027279308964891183,0.8355407713860622,0.018272352929810658,0.9858772974812797,0.003080189548737879,0.9561520460578581,0.005843996195828117,0.1900862068965517,0.02926426932566666
linear_svc_word_char_gentle,word_char,gentle,validation,leet,0.0,0.9612403100775195,0.0,0.9538461538461538,0.0,0.9575289575289576,0.0,0.9968260721579305,0.0,0.9901889688347275,0.0,0.0,0.0
linear_svc_word_char_gentle,word_char,gentle,validation,leet,0.1,0.9609935195516706,0.0004509427345937747,0.9476923076923077,0.011327353531409607,0.9542665788762636,0.005982776125301323,0.9948179033356025,0.0016064646524513078,0.9854787633166587,0.0029116329211792626,0.01411290322580645,0.010091250787749353
linear_svc_word_char_gentle,word_char,gentle,validation,leet,0.2,0.9601651871254806,0.0006511246300222082,0.9273076923076923,0.015680355851789254,0.9433912215988489,0.008455266167450976,0.9938644486044929,0.0022246566192927314,0.9803716968428515,0.004177172539239514,0.035483870967741936,0.013695938386922358
linear_svc_word_char_gentle,word_char,gentle,validation,leet,0.3,0.9585645643907904,0.0006789203487968726,0.89,0.014995068222783035,0.9229532738792521,0.008431830861329277,0.9900029782164739,0.0028413523453780943,0.9702912147347543,0.005402732030705708,0.06975806451612904,0.01553996453781936
linear_svc_word_char_gentle,word_char,gentle,validation,leet,0.4,0.9565782126489186,0.0009449284236470431,0.8476923076923077,0.018775999310529427,0.898753160607684,0.011095287645147755,0.9869575391422737,0.00340912406917337,0.9582441225106685,0.007269922557426392,0.11370967741935485,0.020585519750994583
linear_svc_word_char_gentle,word_char,gentle,validation,leet,0.5,0.9548429909274994,0.0012129359463845212,0.8138461538461538,0.02268218397657195,0.8785771632385544,0.013787340667769305,0.9836534206943499,0.004275860005258131,0.9457740131696039,0.008754676509919677,0.14798387096774193,0.02344264815120747
linear_svc_word_char_gentle,word_char,gentle,validation,separators,0.0,0.9612403100775195,0.0,0.9538461538461538,0.0,0.9575289575289576,0.0,0.9968260721579305,0.0,0.9901889688347275,0.0,0.0,0.0
linear_svc_word_char_gentle,word_char,gentle,validation,separators,0.1,0.9604216413278674,0.0004880306639593486,0.9334615384615385,0.012040366032691163,0.9467152710266517,0.006416013875025024,0.9954948093941457,0.0017691006094722565,0.9844834616707642,0.0028316524178769696,0.024193548387096774,0.01013356229737973
linear_svc_word_char_gentle,word_char,gentle,validation,separators,0.2,0.9590076709106133,0.0006104423520750573,0.9,0.014117891315111486,0.9285177111878615,0.007764208431591874,0.9927374063989107,0.001686346812470777,0.9747170019211604,0.0036914448192204314,0.06048387096774194,0.013469127039577615
linear_svc_word_char_gentle,word_char,gentle,validation,separators,0.3,0.95594375261895,0.0010298638036535482,0.835,0.02034810725107718,0.891273671568257,0.012057428336889234,0.9875804118447924,0.0037838903463923482,0.959362694330153,0.007864799210798613,0.1278225806451613,0.021139268376801384
linear_svc_word_char_gentle,word_char,gentle,validation,separators,0.4,0.9534534675401518,0.0013020828830725625,0.7884615384615385,0.023345268410264762,0.8629823294422003,0.014463712343623602,0.982657845473111,0.0028878752996496946,0.9403303692416205,0.008131402562563169,0.17459677419354838,0.02300043337362007
linear_svc_word_char_gentle,word_char,gentle,validation,separators,0.5,0.9504604740314984,0.0013450695645357653,0.7384615384615385,0.021029261397927986,0.8310131282293691,0.013849865698463026,0.9739223110959836,0.004335489313776851,0.9153591202810081,0.008650693896116285,0.22620967741935485,0.02212043148851721
linear_svc_word_char_gentle,word_char,gentle,validation,unicode,0.0,0.9612403100775195,0.0,0.9538461538461538,0.0,0.9575289575289576,0.0,0.9968260721579305,0.0,0.9901889688347275,0.0,0.0,0.0
linear_svc_word_char_gentle,word_char,gentle,validation,unicode,0.1,0.9607785942178992,0.00048810229202652283,0.9423076923076923,0.012098423317800764,0.95141898842078,0.006432186996844324,0.9956449965963241,0.0011647389744147544,0.9850675711846876,0.0022865717276449953,0.016129032258064516,0.012272353391172292
linear_svc_word_char_gentle,word_char,gentle,validation,unicode,0.2,0.960076054812582,0.0003988668163293097,0.925,0.0096255007513917,0.9421893660103953,0.005185602745400884,0.9937989278420695,0.0014503873534381516,0.9798487069834391,0.0018649494865875078,0.03387096774193548,0.009997535158191705
linear_svc_word_char_gentle,word_char,gentle,validation,unicode,0.3,0.9591608782329066,0.0005136342464668282,0.9034615384615385,0.011831633142620299,0.930443545216173,0.006520094541236783,0.9917750170183799,0.0018070307400279238,0.9737448080686966,0.0029181544866052705,0.05524193548387096,0.012348817391952592
linear_svc_word_char_gentle,word_char,gentle,validation,unicode,0.4,0.9578884070688112,0.001039624572745586,0.8753846153846154,0.022266470359566092,0.9146506343738056,0.012701032584889955,0.9888210517358746,0.002344219238032517,0.9652308114369521,0.004813553479723754,0.08387096774193549,0.023314535288655087
linear_svc_word_char_gentle,word_char,gentle,validation,unicode,0.5,0.9568995923523891,0.000840040010073959,0.8542307692307693,0.017376157879681203,0.9025741533624952,0.010079696732654174,0.9858772974812797,0.003080189548737879,0.9561520460578581,0.005843996195828117,0.1060483870967742,0.01873567510554533
linear_svc_word_gentle,word,gentle,default,leet,0.0,0.975609756097561,0.0,0.9230769230769231,0.0,0.9486166007905139,0.0,0.9956773315180396,0.0,0.9816511858071436,0.0,0.0,0.0
linear_svc_word_gentle,word,gentle,default,leet,0.1,0.9744264093033689,0.0004904823041778561,0.8796153846153846,0.01751895356575957,0.9245146630235791,0.009844574154199811,0.9930803267528931,0.0021516176359910114,0.975103709030863,0.004147859000370739,0.05375,0.01677050983124842
linear_svc_word_gentle,word,gentle,default,leet,0.2,0.9728935498693192,0.0007315036598916078,0.8288461538461538,0.022582421100476882,0.8949620923214556,0.013581983666500454,0.9898698093941457,0.0034196831910405564,0.9631083512478427,0.007616038734677117,0.11083333333333334,0.02327373340628157
linear_svc_word_gentle,word,gentle,default,leet,0.3,0.9691033933367853,0.0012579971312569915,0.725,0.030246058294501894,0.8291492178655091,0.020306370127339775,0.9822689754935331,0.005214730044541106,0.9395540793864082,0.011041427818916295,0.22041666666666665,0.03272191443376329
linear_svc_word_gentle,word,gentle,default,leet,0.4,0.9629957612910797,0.0020145001826909177,0.6023076923076923,0.03404615183375377,0.7406027907897899,0.02632291459804504,0.9724795779441797,0.006887092195997586,0.9062716049606838,0.014914110789237184,0.35416666666666663,0.035406990422234906
linear_svc_word_gentle,word,gentle,default,leet,0.5,0.9549337842562888,0.0020373188804969195,0.49000000000000005,0.02355774394772493,0.6473774281495785,0.020922838971190013,0.9630933032675288,0.009092818406392766,0.8682906665628447,0.015399935402377968,0.47000000000000003,0.02570639440781793
linear_svc_word_gentle,word,gentle,default,separators,0.0,0.975609756097561,0.0,0.9230769230769231,0.0,0.9486166007905139,0.0,0.9956773315180396,0.0,0.9816511858071436,0.0,0.0,0.0
linear_svc_word_gentle,word,gentle,default,separators,0.1,0.9734974398191356,0.0005884939910928913,0.8480769230769232,0.01947216908934161,0.9063626729692162,0.011344314780117737,0.9921498468345813,0.00251318630457096,0.9689557944078254,0.005227912474823827,0.08291666666666667,0.01958543288483943
linear_svc_word_gentle,word,gentle,default,separators,0.2,0.9689870700901986,0.001307641059599463,0.7223076923076923,0.03195099018656871,0.8273071546539734,0.021294785750578263,0.9837287270251872,0.004007283673610037,0.9411222947805975,0.007943119895262868,0.22000000000000003,0.034454818283136776
linear_svc_word_gentle,word,gentle,default,separators,0.3,0.9591030685323144,0.0035189907992501956,0.545,0.0467088759298056,0.6940028287608915,0.039456982484830476,0.968962729748128,0.008005318503556045,0.888190763853196,0.018606501457368196,0.41125,0.04987374410325731
linear_svc_word_gentle,word,gentle,default,separators,0.4,0.943609742328961,0.0035808350425095233,0.38769230769230767,0.025500288528603806,0.549166086608858,0.0263431051395494,0.9499123553437713,0.0072699914484893454,0.8158331058485222,0.0164601467094225,0.58125,0.02742280499726694
linear_svc_word_gentle,word,gentle,default,separators,0.5,0.9196770771928419,0.01082467833351545,0.2684615384615385,0.033659773914034866,0.4146759101059819,0.04234736757361332,0.9284772804629,0.011666787241427855,0.7426048059011741,0.023786482492380315,0.7095833333333333,0.036702036369719464
linear_svc_word_gentle,word,gentle,default,unicode,0.0,0.975609756097561,0.0,0.9230769230769231,0.0,0.9486166007905139,0.0,0.9956773315180396,0.0,0.9816511858071436,0.0,0.0,0.0
linear_svc_word_gentle,word,gentle,default,unicode,0.1,0.9748124103049068,0.0004991119753158203,0.8934615384615384,0.017870951639135546,0.9322812032934206,0.010031154001927752,0.9931505275697754,0.001428963914594353,0.9747882060947413,0.0037571253155258212,0.03916666666666667,0.01668858208266432
linear_svc_word_gentle,word,gentle,default,unicode,0.2,0.9738512369408581,0.0006747111368957182,0.86,0.02254446452507835,0.9132500187375963,0.013072777555015125,0.9900923247106876,0.001977927965339239,0.967499372623379,0.0042314522508640475,0.075,0.02372478655490969
linear_svc_word_gentle,word,gentle,default,unicode,0.3,0.9722521068022303,0.0007919232843400767,0.8092307692307692,0.023755213822304,0.8831131066048552,0.014473795999215501,0.9868443669162696,0.002743966692012393,0.9568925178215008,0.007297316359418045,0.12958333333333333,0.02455376604312635
linear_svc_word_gentle,word,gentle,default,unicode,0.4,0.969848593984309,0.0012160062304008704,0.7434615384615385,0.030594137440330727,0.8413844868249377,0.020134007130430003,0.9825148910823689,0.004079937914274522,0.9419026910368936,0.008543407145787227,0.19916666666666666,0.030336803348851724
linear_svc_word_gentle,word,gentle,default,unicode,0.5,0.9658185741995883,0.0016038357585044035,0.6534615384615384,0.03161538954066768,0.7791238071786358,0.023045092474598634,0.977302161334241,0.005174462093263669,0.9221935873976097,0.01077786378951391,0.29625,0.0322720299660349
linear_svc_word_gentle,word,gentle,validation,leet,0.0,0.9682539682539681,0.0,0.9384615384615385,0.0,0.953125,0.0,0.9956773315180396,0.0,0.9816511858071436,0.0,0.0,0.0
linear_svc_word_gentle,word,gentle,validation,leet,0.1,0.9669494272319916,0.00046935265741450893,0.9003846153846154,0.013317622842264114,0.9324355095237277,0.007336042132260483,0.9930803267528931,0.0021516176359910114,0.975103709030863,0.004147859000370739,0.04180327868852459,0.014296419660202966
linear_svc_word_gentle,word,gentle,validation,leet,0.2,0.9654622365877253,0.0006135268934749777,0.8603846153846154,0.01583844787276753,0.9098318000362917,0.00912687427608987,0.9898698093941457,0.0034196831910405564,0.9631083512478427,0.007616038734677117,0.08770491803278688,0.01506714205527569
linear_svc_word_gentle,word,gentle,validation,leet,0.3,0.9615154157417194,0.001310848052360534,0.7696153846153846,0.026702392242630435,0.8547040774070812,0.017137575735097537,0.9822689754935331,0.005214730044541106,0.9395540793864082,0.011041427818916295,0.1819672131147541,0.029325481672128388
linear_svc_word_gentle,word,gentle,validation,leet,0.4,0.9556051587389593,0.0021747861933414385,0.6638461538461539,0.03302462676877769,0.7830333395031248,0.023975279025106884,0.9724795779441797,0.006887092195997586,0.9062716049606838,0.014914110789237184,0.29508196721311475,0.03497851906923984
linear_svc_word_gentle,word,gentle,validation,leet,0.5,0.9472185414427544,0.0028916620405516308,0.5538461538461539,0.03196073579917497,0.6985266000595244,0.0262336250151027,0.9630933032675288,0.009092818406392766,0.8682906665628447,0.015399935402377968,0.41024590163934427,0.03431254082072118
linear_svc_word_gentle,word,gentle,validation,separators,0.0,0.9682539682539681,0.0,0.9384615384615385,0.0,0.953125,0.0,0.9956773315180396,0.0,0.9816511858071436,0.0,0.0,0.0
linear_svc_word_gentle,word,gentle,validation,separators,0.1,0.9658536177980025,0.0007722543327346979,0.8707692307692307,0.02051956704170307,0.9157380836436679,0.011660359872182922,0.9921498468345813,0.00251318630457096,0.9689557944078254,0.005227912474823827,0.07213114754098361,0.02186511242148689
linear_svc_word_gentle,word,gentle,validation,separators,0.2,0.9618404542627662,0.0010603977786279848,0.7761538461538462,0.022447558180464504,0.8589219341548583,0.014156817316059384,0.9837287270251872,0.004007283673610037,0.9411222947805975,0.007943119895262868,0.17459016393442622,0.022737203834151003
linear_svc_word_gentle,word,gentle,validation,separators,0.3,0.9512362244843361,0.0036105716609020027,0.6034615384615385,0.046253266737594854,0.7375624094784509,0.03587705920140617,0.968962729748128,0.008005318503556045,0.888190763853196,0.018606501457368196,0.3581967213114754,0.04911557428202239
linear_svc_word_gentle,word,gentle,validation,separators,0.4,0.9352575398827806,0.0038971124556012354,0.4461538461538462,0.0292115854373238,0.6036514058544129,0.027427913495651546,0.9499123553437713,0.0072699914484893454,0.8158331058485222,0.0164601467094225,0.5262295081967213,0.030853248466223806
linear_svc_word_gentle,word,gentle,validation,separators,0.5,0.9137095555415025,0.009897107252623636,0.33,0.03873586379818889,0.48383777583428467,0.04372933023561655,0.9284772804629,0.011666787241427855,0.7426048059011741,0.023786482492380315,0.6491803278688525,0.04125021136286982
linear_svc_word_gentle,word,gentle,validation,unicode,0.0,0.9682539682539681,0.0,0.9384615384615385,0.0,0.953125,0.0,0.9956773315180396,0.0,0.9816511858071436,0.0,0.0,0.0
linear_svc_word_gentle,word,gentle,validation,unicode,0.1,0.9673396042851602,0.0005037512862092095,0.9115384615384615,0.014444990101142736,0.9385579347046941,0.007916226941398753,0.9931505275697754,0.001428963914594353,0.9747882060947413,0.0037571253155258212,0.030327868852459017,0.01384404531308324
linear_svc_word_gentle,word,gentle,validation,unicode,0.2,0.9662917598633685,0.0005912858982106361,0.8823076923076923,0.015999844284511667,0.922324831141025,0.009015992115167688,0.9900923247106876,0.001977927965339239,0.967499372623379,0.0042314522508640475,0.06352459016393443,0.01570491082766816
linear_svc_word_gentle,word,gentle,validation,unicode,0.3,0.9649330740195687,0.0009662607137998169,0.8473076923076922,0.02423221511012911,0.9021407653711769,0.014147490552790382,0.9868443669162696,0.002743966692012393,0.9568925178215008,0.007297316359418045,0.09836065573770492,0.024518157443283558
linear_svc_word_gentle,word,gentle,validation,unicode,0.4,0.9624153806171973,0.001012411068855795,0.7884615384615385,0.02211208389379981,0.866648842017671,0.013752702814054881,0.9825148910823689,0.004079937914274522,0.9419026910368936,0.008543407145787227,0.16147540983606556,0.021291555035883394
linear_svc_word_gentle,word,gentle,validation,unicode,0.5,0.9582509890287815,0.0016348393189731267,0.7073076923076923,0.02883333048306356,0.813586579128432,0.019691855229863327,0.977302161334241,0.005174462093263669,0.9221935873976097,0.01077786378951391,0.24836065573770488,0.03044946823115854
linear_svc_word_legacy,word,legacy,default,leet,0.0,0.9669421487603305,0.0,0.9,0.0,0.9322709163346612,0.0,0.9920098706603131,0.0,0.9721376252051359,0.0,0.0,0.0
linear_svc_word_legacy,word,legacy,default,leet,0.1,0.9659899398414433,0.0006259482096032603,0.8742307692307693,0.01660634781993129,0.9177493491755209,0.009446780080342616,0.9874370319945541,0.003620302724257439,0.9598661626070202,0.005646371044958235,0.035897435897435895,0.01677617231532026
linear_svc_word_legacy,word,legacy,default,leet,0.2,0.9636159984348535,0.0008753904920285962,0.8153846153846154,0.020730958889865765,0.8832007239258661,0.012432073681454521,0.9827276208304969,0.004970598951145792,0.9438389530763434,0.009061901137640608,0.10598290598290598,0.021728838957773
linear_svc_word_legacy,word,legacy,default,leet,0.3,0.9585611488198488,0.002063743737659591,0.7134615384615384,0.03615556891407558,0.8175941359029055,0.02475656924707093,0.9736593771272976,0.006764012893674606,0.9136876657651021,0.011837152072642692,0.21837606837606835,0.039458269928203844
linear_svc_word_legacy,word,legacy,default,leet,0.4,0.9515871386009505,0.003176234185464034,0.6073076923076923,0.04058701929386275,0.7407483067918166,0.03147183918349576,0.9608222004765146,0.008447672080132458,0.8736654650051822,0.01703678066500259,0.3320512820512821,0.04430538125071407
linear_svc_word_legacy,word,legacy,default,leet,0.5,0.9386826539084584,0.003153936497839705,0.4723076923076923,0.02610378633770867,0.6280629058848596,0.023735660271385944,0.9474257573179032,0.009730521764448524,0.8228138191694974,0.013975127404199383,0.4786324786324786,0.029346840180476976
linear_svc_word_legacy,word,legacy,default,separators,0.0,0.9669421487603305,0.0,0.9,0.0,0.9322709163346612,0.0,0.9920098706603131,0.0,0.9721376252051359,0.0,0.0,0.0
linear_svc_word_legacy,word,legacy,default,separators,0.1,0.9669421487603305,0.0,0.9,0.0,0.9322709163346612,0.0,0.9920098706603131,0.0,0.9721376252051359,0.0,0.0,0.0
linear_svc_word_legacy,word,legacy,default,separators,0.2,0.9669421487603305,0.0,0.9,0.0,0.9322709163346612,0.0,0.9920098706603131,0.0,0.9721376252051359,0.0,0.0,0.0
linear_svc_word_legacy,word,legacy,default,separators,0.3,0.9669421487603305,0.0,0.9,0.0,0.9322709163346612,0.0,0.9920098706603131,0.0,0.9721376252051359,0.0,0.0,0.0
linear_svc_word_legacy,word,legacy,default,separators,0.4,0.9669421487603305,0.0,0.9,0.0,0.9322709163346612,0.0,0.9920098706603131,0.0,0.9721376252051359,0.0,0.0,0.0
linear_svc_word_legacy,word,legacy,default,separators,0.5,0.9669421487603305,0.0,0.9,0.0,0.9322709163346612,0.0,0.9920098706603131,0.0,0.9721376252051359,0.0,0.0,0.0
linear_svc_word_legacy,word,legacy,default,unicode,0.0,0.9669421487603305,0.0,0.9,0.0,0.9322709163346612,0.0,0.9920098706603131,0.0,0.9721376252051359,0.0,0.0,0.0
linear_svc_word_legacy,word,legacy,default,unicode,0.1,0.9660495279949105,0.0005650252531081257,0.8757692307692307,0.015237147480573653,0.9186355273402995,0.008600866324100833,0.9878210091899252,0.002227064910278593,0.9611580533008217,0.00348396517538088,0.03461538461538462,0.01426823718076483
linear_svc_word_legacy,word,legacy,default,unicode,0.2,0.9642077353621611,0.0010646069353167698,0.8296153846153846,0.025606927395013964,0.891675817367215,0.015244362961590171,0.9831558458134786,0.0025380145867181583,0.9464176921627455,0.004770592487429452,0.0858974358974359,0.02666640714085276
linear_svc_word_legacy,word,legacy,default,unicode,0.3,0.9610087950599213,0.0016099030132076233,0.7596153846153846,0.031948553318915676,0.8481985568138157,0.020731752424093013,0.9772053692988427,0.0037291769848976078,0.9246857941669996,0.007180574279036308,0.1606837606837607,0.034922387509987204
linear_svc_word_legacy,word,legacy,default,unicode,0.4,0.9551091795042093,0.0024287763054594,0.6565384615384615,0.036702699281354355,0.7776566115199761,0.026705102357501877,0.9687297906739278,0.00407626002387408,0.8915248597634136,0.009845653422348005,0.2743589743589744,0.038414025733750835
linear_svc_word_legacy,word,legacy,default,unicode,0.5,0.9442075458973145,0.0037551181370156267,0.5230769230769231,0.03684877814731256,0.6725562946556263,0.03156832477777948,0.9567662950987066,0.004758910190501395,0.8451687672283533,0.013624851122111604,0.4217948717948718,0.03894828700762987
linear_svc_word_legacy,word,legacy,validation,leet,0.0,0.9590163934426229,0.0,0.9,0.0,0.9285714285714286,0.0,0.9920098706603131,0.0,0.9721376252051359,0.0,0.0,0.0
linear_svc_word_legacy,word,legacy,validation,leet,0.1,0.9580057520857425,0.0007505495178530818,0.8776923076923078,0.016346451533369367,0.9160229624199923,0.009253492272098601,0.9874370319945541,0.003620302724257439,0.9598661626070202,0.005646371044958235,0.03290598290598291,0.015995998976850268
linear_svc_word_legacy,word,legacy,validation,leet,0.2,0.955091869761333,0.0010776495676618418,0.8184615384615384,0.020790961790718605,0.8813919621764097,0.012456253116101886,0.9827276208304969,0.004970598951145792,0.9438389530763434,0.009061901137640608,0.10384615384615385,0.021706709571282557
linear_svc_word_legacy,word,legacy,validation,leet,0.3,0.9494709567160212,0.0023369580089233305,0.7242307692307692,0.03451627737639172,0.8212993896981488,0.023284979167378,0.9736593771272976,0.006764012893674606,0.9136876657651021,0.011837152072642692,0.20726495726495728,0.03800903402296265
linear_svc_word_legacy,word,legacy,validation,leet,0.4,0.9405994081083948,0.0038715932001082607,0.6115384615384615,0.040665592816477435,0.7405233390391297,0.031431387651713986,0.9608222004765146,0.008447672080132458,0.8736654650051822,0.01703678066500259,0.32735042735042735,0.04480802185851917
linear_svc_word_legacy,word,legacy,validation,leet,0.5,0.9253070618965046,0.0037053266111718892,0.4776923076923077,0.026044065860623137,0.6297556653743059,0.023372034650806724,0.9474257573179032,0.009730521764448524,0.8228138191694974,0.013975127404199383,0.4735042735042735,0.03030082819652378
linear_svc_word_legacy,word,legacy,validation,separators,0.0,0.9590163934426229,0.0,0.9,0.0,0.9285714285714286,0.0,0.9920098706603131,0.0,0.9721376252051359,0.0,0.0,0.0
linear_svc_word_legacy,word,legacy,validation,separators,0.1,0.9590163934426229,0.0,0.9,0.0,0.9285714285714286,0.0,0.9920098706603131,0.0,0.9721376252051359,0.0,0.0,0.0
linear_svc_word_legacy,word,legacy,validation,separators,0.2,0.9590163934426229,0.0,0.9,0.0,0.9285714285714286,0.0,0.9920098706603131,0.0,0.9721376252051359,0.0,0.0,0.0
linear_svc_word_legacy,word,legacy,validation,separators,0.3,0.9590163934426229,0.0,0.9,0.0,0.9285714285714286,0.0,0.9920098706603131,0.0,0.9721376252051359,0.0,0.0,0.0
linear_svc_word_legacy,word,legacy,validation,separators,0.4,0.9590163934426229,0.0,0.9,0.0,0.9285714285714286,0.0,0.9920098706603131,0.0,0.9721376252051359,0.0,0.0,0.0
linear_svc_word_legacy,word,legacy,validation,separators,0.5,0.9590163934426229,0.0,0.9,0.0,0.9285714285714286,0.0,0.9920098706603131,0.0,0.9721376252051359,0.0,0.0,0.0
linear_svc_word_legacy,word,legacy,validation,unicode,0.0,0.9590163934426229,0.0,0.9,0.0,0.9285714285714286,0.0,0.9920098706603131,0.0,0.9721376252051359,0.0,0.0,0.0
linear_svc_word_legacy,word,legacy,validation,unicode,0.1,0.9580064442877962,0.0007267966497000118,0.8776923076923078,0.015960867748456283,0.9160267361458082,0.008999976590077605,0.9878210091899252,0.002227064910278593,0.9611580533008217,0.00348396517538088,0.03290598290598291,0.014745301001825223
linear_svc_word_legacy,word,legacy,validation,unicode,0.2,0.955899827930996,0.0011380141515903463,0.8342307692307692,0.022527190394486613,0.8907903116738429,0.013336142188681083,0.9831558458134786,0.0025380145867181583,0.9464176921627455,0.004770592487429452,0.08205128205128205,0.025324178202616725
linear_svc_word_legacy,word,legacy,validation,unicode,0.3,0.951919665740695,0.0019405655272599883,0.7626923076923077,0.03159568226772848,0.8465525881064867,0.020430859629087045,0.9772053692988427,0.0037291769848976078,0.9246857941669996,0.007180574279036308,0.1576923076923077,0.03534643422840924
linear_svc_word_legacy,word,legacy,validation,unicode,0.4,0.9449298344641717,0.003013887357329975,0.6619230769230768,0.03805248060212483,0.7779746734123789,0.02739401115202024,0.9687297906739278,0.00407626002387408,0.8915248597634136,0.009845653422348005,0.2692307692307693,0.03994490440304154
linear_svc_word_legacy,word,legacy,validation,unicode,0.5,0.932114080139731,0.0040752535430623234,0.53,0.03338105169509074,0.6752477539044739,0.028382861642069056,0.9567662950987066,0.004758910190501395,0.8451687672283533,0.013624851122111604,0.414957264957265,0.03512821060074187
lr_word_legacy,word,legacy,default,leet,0.0,0.9069767441860466,0.0,0.9,0.0,0.9034749034749033,0.0,0.993294758339006,0.0,0.9652740558319323,0.0,0.0,0.0
lr_word_legacy,word,legacy,default,leet,0.1,0.9047093509800259,0.0012180642678748907,0.8765384615384615,0.012346850662036533,0.8903667668136764,0.006968734700134539,0.9876978386657591,0.0034155732213327233,0.9487158325590949,0.006445813284798044,0.029487179487179487,0.012237453900236199
lr_word_legacy,word,legacy,default,leet,0.2,0.8996804247536506,0.0016979805049381995,0.828076923076923,0.015440183048438675,0.8623372199852591,0.009184623739292857,0.982240469707284,0.005273760726572754,0.9283209438421978,0.009006999339833184,0.08675213675213675,0.016469706005894022
lr_word_legacy,word,legacy,default,leet,0.3,0.8908006210194495,0.003536650172599699,0.7538461538461538,0.027339178973496577,0.8164200044101275,0.01753615192024723,0.9710683287950987,0.006886033103479017,0.8914472206599339,0.011704015718010843,0.17136752136752137,0.030310343294323545
lr_word_legacy,word,legacy,default,leet,0.4,0.8776460556192427,0.006038144897102712,0.6638461538461539,0.03677263548683688,0.7555016400726323,0.02620296993911869,0.9563050970047652,0.008153858932441364,0.845706162390929,0.01628101859738129,0.2696581196581197,0.0397495146474366
lr_word_legacy,word,legacy,default,leet,0.5,0.854110156893362,0.007202252352805924,0.5419230769230768,0.032200999847138374,0.6627273872380637,0.0260460509516461,0.9402512338325391,0.009931102201595038,0.7862263971009098,0.01380917152313428,0.4047008547008547,0.035433347368327116
lr_word_legacy,word,legacy,default,separators,0.0,0.9069767441860466,0.0,0.9,0.0,0.9034749034749033,0.0,0.993294758339006,0.0,0.9652740558319323,0.0,0.0,0.0
lr_word_legacy,word,legacy,default,separators,0.1,0.9069767441860466,0.0,0.9,0.0,0.9034749034749033,0.0,0.993294758339006,0.0,0.9652740558319323,0.0,0.0,0.0
lr_word_legacy,word,legacy,default,separators,0.2,0.9069767441860466,0.0,0.9,0.0,0.9034749034749033,0.0,0.993294758339006,0.0,0.9652740558319323,0.0,0.0,0.0
lr_word_legacy,word,legacy,default,separators,0.3,0.9069767441860466,0.0,0.9,0.0,0.9034749034749033,0.0,0.993294758339006,0.0,0.9652740558319323,0.0,0.0,0.0
lr_word_legacy,word,legacy,default,separators,0.4,0.9069767441860466,0.0,0.9,0.0,0.9034749034749033,0.0,0.993294758339006,0.0,0.9652740558319323,0.0,0.0,0.0
lr_word_legacy,word,legacy,default,separators,0.5,0.9069767441860466,0.0,0.9,0.0,0.9034749034749033,0.0,0.993294758339006,0.0,0.9652740558319323,0.0,0.0,0.0
lr_word_legacy,word,legacy,default,unicode,0.0,0.9069767441860466,0.0,0.9,0.0,0.9034749034749033,0.0,0.993294758339006,0.0,0.9652740558319323,0.0,0.0,0.0
lr_word_legacy,word,legacy,default,unicode,0.1,0.9047879420633986,0.0010880691313186338,0.8773076923076923,0.011013708510212574,0.8908085876442098,0.006220621138914667,0.9885613087134105,0.0019428425779532846,0.9518446091686604,0.004005049056593608,0.026495726495726495,0.012677262371103696
lr_word_legacy,word,legacy,default,unicode,0.2,0.9014154427505169,0.0015109532651319073,0.8442307692307691,0.014309607638114109,0.8718381243462833,0.008347873919881727,0.9838548757658272,0.0029290744549681645,0.9342585458401784,0.00504548398786507,0.06410256410256411,0.01480385305614425
lr_word_legacy,word,legacy,default,unicode,0.3,0.895747977467439,0.002093722561897533,0.7934615384615384,0.01787095163913553,0.8414269742459334,0.010954804859902703,0.9769190350578626,0.0037308919065094587,0.9082895317655142,0.007880536295972431,0.12094017094017095,0.019266972470170184
lr_word_legacy,word,legacy,default,unicode,0.4,0.885956305349116,0.0048192511933964725,0.7184615384615385,0.03398206059422877,0.7931380121818465,0.02271513441723927,0.9687131977535739,0.004626452133664545,0.8736171599122458,0.010137582912074212,0.2047008547008547,0.036942044577448076
lr_word_legacy,word,legacy,default,unicode,0.5,0.8667355888442811,0.0056625034262593466,0.6015384615384616,0.02927548252884643,0.7098966067532246,0.022343319364456292,0.957436819264806,0.005327986217127725,0.8237467604636832,0.015649093614693774,0.3341880341880342,0.03232675144186376
lr_word_legacy,word,legacy,validation,leet,0.0,0.95,0.0,0.876923076923077,0.0,0.9120000000000001,0.0,0.993294758339006,0.0,0.9652740558319323,0.0,0.0,0.0
lr_word_legacy,word,legacy,validation,leet,0.1,0.9472924215077739,0.001281108041462331,0.8300000000000001,0.021454434126621787,0.8846508199699713,0.012706624754354974,0.9876978386657591,0.0034155732213327233,0.9487158325590949,0.006445813284798044,0.05789473684210526,0.024712632960888326
lr_word_legacy,word,legacy,validation,leet,0.2,0.9429688425563288,0.0011990044317445629,0.7634615384615384,0.01708698685843536,0.8436854708032149,0.010896646835942637,0.982240469707284,0.005273760726572754,0.9283209438421978,0.009006999339833184,0.13728070175438595,0.01828423889514843
lr_word_legacy,word,legacy,validation,leet,0.3,0.9354748433212,0.002787130873553229,0.6703846153846154,0.030594137440330696,0.7807196173213794,0.02181748312205242,0.9710683287950987,0.006886033103479017,0.8914472206599339,0.011704015718010843,0.24561403508771926,0.038604884506679364
lr_word_legacy,word,legacy,validation,leet,0.4,0.9221647082753266,0.005439656163562327,0.5496153846153846,0.04238858663071184,0.6879705793591057,0.03450360327337828,0.9563050970047652,0.008153858932441364,0.845706162390929,0.01628101859738129,0.3798245614035088,0.046075160474583064
lr_word_legacy,word,legacy,validation,leet,0.5,0.9012187574022956,0.00596284056996399,0.4226923076923077,0.028177817718878066,0.5750450674901917,0.027345101687117984,0.9402512338325391,0.009931102201595038,0.7862263971009098,0.01380917152313428,0.5232456140350877,0.03198099964824292
lr_word_legacy,word,legacy,validation,separators,0.0,0.95,0.0,0.876923076923077,0.0,0.9120000000000001,0.0,0.993294758339006,0.0,0.9652740558319323,0.0,0.0,0.0
lr_word_legacy,word,legacy,validation,separators,0.1,0.95,0.0,0.876923076923077,0.0,0.9120000000000001,0.0,0.993294758339006,0.0,0.9652740558319323,0.0,0.0,0.0
lr_word_legacy,word,legacy,validation,separators,0.2,0.95,0.0,0.876923076923077,0.0,0.9120000000000001,0.0,0.993294758339006,0.0,0.9652740558319323,0.0,0.0,0.0
lr_word_legacy,word,legacy,validation,separators,0.3,0.95,0.0,0.876923076923077,0.0,0.9120000000000001,0.0,0.993294758339006,0.0,0.9652740558319323,0.0,0.0,0.0
lr_word_legacy,word,legacy,validation,separators,0.4,0.95,0.0,0.876923076923077,0.0,0.9120000000000001,0.0,0.993294758339006,0.0,0.9652740558319323,0.0,0.0,0.0
lr_word_legacy,word,legacy,validation,separators,0.5,0.95,0.0,0.876923076923077,0.0,0.9120000000000001,0.0,0.993294758339006,0.0,0.9652740558319323,0.0,0.0,0.0
lr_word_legacy,word,legacy,validation,unicode,0.0,0.95,0.0,0.876923076923077,0.0,0.9120000000000001,0.0,0.993294758339006,0.0,0.9652740558319323,0.0,0.0,0.0
lr_word_legacy,word,legacy,validation,unicode,0.1,0.9481024686859973,0.0009616510799029592,0.8434615384615384,0.016417740364983124,0.8926540137987289,0.009638168520817468,0.9885613087134105,0.0019428425779532846,0.9518446091686604,0.004005049056593608,0.04122807017543859,0.01661921611959677
lr_word_legacy,word,legacy,validation,unicode,0.2,0.9451012660534666,0.0012961292237719114,0.795,0.019852304228547644,0.8634633828705646,0.012253126878834905,0.9838548757658272,0.0029290744549681645,0.9342585458401784,0.00504548398786507,0.09605263157894736,0.022132031748300994
lr_word_legacy,word,legacy,validation,unicode,0.3,0.9394987881327517,0.0026343841634753683,0.7180769230769231,0.033229101022754795,0.8136401402505011,0.022335082598060697,0.9769190350578626,0.0037308919065094587,0.9082895317655142,0.007880536295972431,0.1837719298245614,0.037158972411713224
lr_word_legacy,word,legacy,validation,unicode,0.4,0.9297394410211425,0.004340863313714341,0.6130769230769231,0.039861172977978435,0.7382927751070673,0.03052936170765857,0.9687131977535739,0.004626452133664545,0.8736171599122458,0.010137582912074212,0.30350877192982456,0.04366531276617007
lr_word_legacy,word,legacy,validation,unicode,0.5,0.9130383685814827,0.005264696803784444,0.4865384615384615,0.03411696955088527,0.6342527002643505,0.029717905926681012,0.957436819264806,0.005327986217127725,0.8237467604636832,0.015649093614693774,0.4473684210526316,0.035202950213680986
nb_word_legacy,word,legacy,default,leet,0.0,0.9734513274336283,0.0,0.8461538461538461,0.0,0.9053497942386832,0.0,0.9865044247787612,0.0,0.9607877168626848,0.0,0.0,0.0
nb_word_legacy,word,legacy,default,leet,0.1,0.972440115619343,0.0005840876418805339,0.8146153846153845,0.01762970794722868,0.8864657693896753,0.010714727481028339,0.9859934479237576,0.002671936589875194,0.9544548717604199,0.005234603826107204,0.045454545454545456,0.016422011771990923
nb_word_legacy,word,legacy,default,leet,0.2,0.9711715120083111,0.0005511561860124409,0.7776923076923077,0.015364359134376242,0.8636550014439093,0.009678491221520924,0.9860176991150442,0.0029844965443817442,0.9499631432488005,0.0058870589223332095,0.09181818181818183,0.018630819574471998
nb_word_legacy,word,legacy,default,leet,0.3,0.969052220863343,0.0010802394387313117,0.7234615384615385,0.026112732629056393,0.8282033761881931,0.01749764425849159,0.983764891082369,0.002974159657579803,0.93833181385184,0.007331496827398671,0.15772727272727272,0.02755436715287257
nb_word_legacy,word,legacy,default,leet,0.4,0.966599954073821,0.00132757458078082,0.6688461538461539,0.02646810482505705,0.7903489244381282,0.019201697433667914,0.9822474897889721,0.0031424522843123224,0.9276927395467446,0.008725373313877625,0.22363636363636363,0.03168461370352398
nb_word_legacy,word,legacy,default,leet,0.5,0.963211826341787,0.0013355541098806504,0.605,0.022774673821453997,0.7429744518837129,0.01758519264816343,0.9811727791014295,0.0035265818361481386,0.9145391572160138,0.006706616908741899,0.2981818181818182,0.03129786460509129
nb_word_legacy,word,legacy,default,separators,0.0,0.9734513274336283,0.0,0.8461538461538461,0.0,0.9053497942386832,0.0,0.9865044247787612,0.0,0.9607877168626848,0.0,0.0,0.0
nb_word_legacy,word,legacy,default,separators,0.1,0.9734513274336283,0.0,0.8461538461538461,0.0,0.9053497942386832,0.0,0.9865044247787612,0.0,0.9607877168626848,0.0,0.0,0.0
nb_word_legacy,word,legacy,default,separators,0.2,0.9734513274336283,0.0,0.8461538461538461,0.0,0.9053497942386832,0.0,0.9865044247787612,0.0,0.9607877168626848,0.0,0.0,0.0
nb_word_legacy,word,legacy,default,separators,0.3,0.9734513274336283,0.0,0.8461538461538461,0.0,0.9053497942386832,0.0,0.9865044247787612,0.0,0.9607877168626848,0.0,0.0,0.0
nb_word_legacy,word,legacy,default,separators,0.4,0.9734513274336283,0.0,0.8461538461538461,0.0,0.9053497942386832,0.0,0.9865044247787612,0.0,0.9607877168626848,0.0,0.0,0.0
nb_word_legacy,word,legacy,default,separators,0.5,0.9734513274336283,0.0,0.8461538461538461,0.0,0.9053497942386832,0.0,0.9865044247787612,0.0,0.9607877168626848,0.0,0.0,0.0
nb_word_legacy,word,legacy,default,unicode,0.0,0.9734513274336283,0.0,0.8461538461538461,0.0,0.9053497942386832,0.0,0.9865044247787612,0.0,0.9607877168626848,0.0,0.0,0.0
nb_word_legacy,word,legacy,default,unicode,0.1,0.9726599547137251,0.00038667121160526727,0.8211538461538461,0.01193645586057132,0.8904667906014199,0.007181833521595458,0.9846947328114364,0.001417706305427417,0.9530668223842099,0.00333330687459152,0.03272727272727273,0.011192491113656227
nb_word_legacy,word,legacy,default,unicode,0.2,0.9714894647158164,0.0007831653258790354,0.786923076923077,0.022336293266468965,0.869365044625342,0.013923578126011475,0.9827912270251872,0.0027339043327471086,0.9449667950658182,0.00612543267920062,0.075,0.02619480671977863
nb_word_legacy,word,legacy,default,unicode,0.3,0.9697780997157489,0.0009057000740294278,0.7411538461538462,0.022774673821454004,0.8400165897157725,0.015003597008056323,0.9799555394826414,0.0028998995841639594,0.932187249314804,0.005361877755556389,0.12818181818181817,0.025864773648274365
nb_word_legacy,word,legacy,default,unicode,0.4,0.9670403619581597,0.0012817848566756595,0.678076923076923,0.02702698283767547,0.7969073768018664,0.019159809628791286,0.9767556586113002,0.0031600351161006467,0.9172584758258395,0.006588517161891261,0.2040909090909091,0.03057730738370786
nb_word_legacy,word,legacy,default,unicode,0.5,0.9632122357844681,0.001633624181596569,0.6053846153846154,0.027577359270176943,0.7431611546257828,0.021372382405844218,0.9725984938733833,0.003201624399472858,0.8971177689550978,0.007403611662522669,0.28727272727272724,0.03154703331542896
nb_word_legacy,word,legacy,validation,leet,0.0,0.9435483870967742,0.0,0.9,0.0,0.921259842519685,0.0,0.9865044247787612,0.0,0.9607877168626848,0.0,0.0,0.0
nb_word_legacy,word,legacy,validation,leet,0.1,0.942153510489983,0.0010801423897619292,0.8773076923076923,0.017376157879681223,0.9084999856018113,0.009822859967351475,0.9859934479237576,0.002671936589875194,0.9544548717604199,0.005234603826107204,0.03675213675213675,0.01756000041846226
nb_word_legacy,word,legacy,validation,leet,0.2,0.9407684290509051,0.0007826156668753351,0.8553846153846154,0.012124137317729445,0.8960094676978935,0.006979365565594817,0.9860176991150442,0.0029844965443817442,0.9499631432488005,0.0058870589223332095,0.06153846153846154,0.011633453801345655
nb_word_legacy,word,legacy,validation,leet,0.3,0.9380921921484594,0.0016630371627382927,0.8165384615384615,0.023712568233858755,0.8729526806937681,0.014191192808972436,0.983764891082369,0.002974159657579803,0.93833181385184,0.007331496827398671,0.1064102564102564,0.023607306988935768
nb_word_legacy,word,legacy,validation,leet,0.4,0.9359634468840603,0.001881562627205526,0.7876923076923077,0.024119499032361668,0.8552835312927668,0.015151344676025604,0.9822474897889721,0.0031424522843123224,0.9276927395467446,0.008725373313877625,0.1423076923076923,0.02898763226081931
nb_word_legacy,word,legacy,validation,leet,0.5,0.930789095992625,0.002355171422788264,0.725,0.026160394512438127,0.8148904017256209,0.017519349023573605,0.9811727791014295,0.0035265818361481386,0.9145391572160138,0.006706616908741899,0.21068376068376068,0.028043814109395656
nb_word_legacy,word,legacy,validation,separators,0.0,0.9435483870967742,0.0,0.9,0.0,0.921259842519685,0.0,0.9865044247787612,0.0,0.9607877168626848,0.0,0.0,0.0
nb_word_legacy,word,legacy,validation,separators,0.1,0.9435483870967742,0.0,0.9,0.0,0.921259842519685,0.0,0.9865044247787612,0.0,0.9607877168626848,0.0,0.0,0.0
nb_word_legacy,word,legacy,validation,separators,0.2,0.9435483870967742,0.0,0.9,0.0,0.921259842519685,0.0,0.9865044247787612,0.0,0.9607877168626848,0.0,0.0,0.0
nb_word_legacy,word,legacy,validation,separators,0.3,0.9435483870967742,0.0,0.9,0.0,0.921259842519685,0.0,0.9865044247787612,0.0,0.9607877168626848,0.0,0.0,0.0
nb_word_legacy,word,legacy,validation,separators,0.4,0.9435483870967742,0.0,0.9,0.0,0.921259842519685,0.0,0.9865044247787612,0.0,0.9607877168626848,0.0,0.0,0.0
nb_word_legacy,word,legacy,validation,separators,0.5,0.9435483870967742,0.0,0.9,0.0,0.921259842519685,0.0,0.9865044247787612,0.0,0.9607877168626848,0.0,0.0,0.0
nb_word_legacy,word,legacy,validation,unicode,0.0,0.9435483870967742,0.0,0.9,0.0,0.921259842519685,0.0,0.9865044247787612,0.0,0.9607877168626848,0.0,0.0,0.0
nb_word_legacy,word,legacy,validation,unicode,0.1,0.9419495395676204,0.000669830931929536,0.8738461538461539,0.01070542113751476,0.9065920700381959,0.006071608473336003,0.9846947328114364,0.001417706305427417,0.9530668223842099,0.00333330687459152,0.03504273504273504,0.010338552458620502
nb_word_legacy,word,legacy,validation,unicode,0.2,0.9408373422801775,0.0009968339247403844,0.8565384615384616,0.015440183048438664,0.896650095366207,0.008888626629801782,0.9827912270251872,0.0027339043327471086,0.9449667950658182,0.00612543267920062,0.05982905982905984,0.017971196001293908
nb_word_legacy,word,legacy,validation,unicode,0.3,0.9387287425769932,0.001383791385777524,0.8253846153846155,0.0193478219031211,0.8783138959931704,0.011684003797005476,0.9799555394826414,0.0028998995841639594,0.932187249314804,0.005361877755556389,0.09188034188034189,0.02091284123630739
nb_word_legacy,word,legacy,validation,unicode,0.4,0.9360015513607317,0.0016858967606187126,0.7880769230769231,0.022248980395073566,0.8555526727761699,0.01379907096146347,0.9767556586113002,0.0031600351161006467,0.9172584758258395,0.006588517161891261,0.1329059829059829,0.02327929789784625
nb_word_legacy,word,legacy,validation,unicode,0.5,0.9315451789268463,0.002101167121954089,0.7334615384615384,0.024487903699431907,0.820535567330705,0.01605890420112359,0.9725984938733833,0.003201624399472858,0.8971177689550978,0.007403611662522669,0.19230769230769232,0.028074644672298553
rf_word_legacy,word,legacy,default,leet,0.0,0.9814814814814815,0.0,0.8153846153846154,0.0,0.8907563025210085,0.0,0.987972260040844,0.0,0.9621065330025299,0.0,0.0,0.0
rf_word_legacy,word,legacy,default,leet,0.1,0.977835862734171,0.0009542666790936216,0.6799999999999999,0.030910606384290388,0.8018048925777277,0.02153795822408272,0.9791918396868617,0.0035825933761441477,0.9304337924877091,0.006090113421932364,0.1679245283018868,0.0362931774748516
rf_word_legacy,word,legacy,default,leet,0.2,0.9707436888092541,0.0025964565942109092,0.5142307692307693,0.04473354449531463,0.6712710292820454,0.03943118574552425,0.9621068754254594,0.007307561502210287,0.8774782443226572,0.012492350853035824,0.3731132075471698,0.05453647932140383
rf_word_legacy,word,legacy,default,leet,0.3,0.9577546923228732,0.004991621320627136,0.35346153846153844,0.042019630298548064,0.5151031009272895,0.045777253986871914,0.9414155037440436,0.009087390366543617,0.8047550543968974,0.020541618825314235,0.5683962264150944,0.050001873641610475
rf_word_legacy,word,legacy,default,leet,0.4,0.9368127280875213,0.005645771792868344,0.23000000000000004,0.022585868535211977,0.36885839543355303,0.029340551384909867,0.9009853641933286,0.010770163227993233,0.7054959010962835,0.020636111860380116,0.7183962264150943,0.02776299261553459
rf_word_legacy,word,legacy,default,leet,0.5,0.9114240385641988,0.013711332906603655,0.16192307692307692,0.02501634470372762,0.2743279157785981,0.03694697931203126,0.8677808032675289,0.00941977697668818,0.6183345252122265,0.019065872981354523,0.8023584905660378,0.030680422749854618
rf_word_legacy,word,legacy,default,separators,0.0,0.9814814814814815,0.0,0.8153846153846154,0.0,0.8907563025210085,0.0,0.987972260040844,0.0,0.9621065330025299,0.0,0.0,0.0
rf_word_legacy,word,legacy,default,separators,0.1,0.9814814814814815,0.0,0.8153846153846154,0.0,0.8907563025210085,0.0,0.987972260040844,0.0,0.9621065330025299,0.0,0.0,0.0
rf_word_legacy,word,legacy,default,separators,0.2,0.9814814814814815,0.0,0.8153846153846154,0.0,0.8907563025210085,0.0,0.987972260040844,0.0,0.9621065330025299,0.0,0.0,0.0
rf_word_legacy,word,legacy,default,separators,0.3,0.9814814814814815,0.0,0.8153846153846154,0.0,0.8907563025210085,0.0,0.987972260040844,0.0,0.9621065330025299,0.0,0.0,0.0
rf_word_legacy,word,legacy,default,separators,0.4,0.9814814814814815,0.0,0.8153846153846154,0.0,0.8907563025210085,0.0,0.987972260040844,0.0,0.9621065330025299,0.0,0.0,0.0
rf_word_legacy,word,legacy,default,separators,0.5,0.9814814814814815,0.0,0.8153846153846154,0.0,0.8907563025210085,0.0,0.987972260040844,0.0,0.9621065330025299,0.0,0.0,0.0
rf_word_legacy,word,legacy,default,unicode,0.0,0.9814814814814815,0.0,0.8153846153846154,0.0,0.8907563025210085,0.0,0.987972260040844,0.0,0.9621065330025299,0.0,0.0,0.0
rf_word_legacy,word,legacy,default,unicode,0.1,0.9796614997821077,0.0005334704860027793,0.7415384615384616,0.0198719037043731,0.8439927412017966,0.013064072004653962,0.9832634870660313,0.0027831812098547625,0.9453156757757049,0.005578166041029263,0.09245283018867925,0.02261666959166868
rf_word_legacy,word,legacy,default,unicode,0.2,0.9761724476428408,0.0010895961859828985,0.6315384615384615,0.02898683643294888,0.7665657376589133,0.02186845107756734,0.9748300289312457,0.0033390764865335256,0.9149434595846738,0.008812195673856677,0.23160377358490564,0.03601786940000051
rf_word_legacy,word,legacy,default,unicode,0.3,0.9705162836191835,0.0018889960401086028,0.5084615384615384,0.03365977391403486,0.6667230662456156,0.029391944663095856,0.9613825306330837,0.006573729485490873,0.8727078630364217,0.013207474322365131,0.38396226415094337,0.043620163971661734
rf_word_legacy,word,legacy,default,unicode,0.4,0.9616356631657756,0.003410566072549787,0.38846153846153847,0.033807486193197026,0.5526180044665879,0.0352813585922473,0.9444781739278421,0.009831820394597835,0.8178087469429516,0.01705016390086788,0.5316037735849057,0.043423742409916706
rf_word_legacy,word,legacy,default,unicode,0.5,0.9460673302445193,0.008793008917149734,0.27615384615384614,0.04100117354056491,0.4260892719964958,0.05129364957536853,0.9184889805990469,0.013484930390032316,0.7410580669291983,0.02278955285927394,0.6688679245283018,0.04799672407675358
rf_word_legacy,word,legacy,validation,leet,0.0,0.8787878787878787,0.0,0.8923076923076924,0.0,0.8854961832061068,0.0,0.987972260040844,0.0,0.9621065330025299,0.0,0.0,0.0
rf_word_legacy,word,legacy,validation,leet,0.1,0.8722665412761799,0.002316728480726359,0.8407692307692308,0.017487816642592816,0.8561614194026076,0.010182156138938065,0.9791918396868617,0.0035825933761441477,0.9304337924877091,0.006090113421932364,0.06206896551724138,0.017600613294277256
rf_word_legacy,word,legacy,validation,leet,0.2,0.8569509339444362,0.0031211213486133627,0.7376923076923076,0.018659532085554088,0.7927739827004443,0.012139642263439769,0.9621068754254594,0.007307561502210287,0.8774782443226572,0.012492350853035824,0.17801724137931035,0.019433067060430267
rf_word_legacy,word,legacy,validation,leet,0.3,0.8299651681800716,0.008111612924836446,0.6023076923076923,0.034319472932442224,0.6976821290992014,0.02594144596790295,0.9414155037440436,0.009087390366543617,0.8047550543968974,0.020541618825314235,0.3288793103448276,0.03837748726638649
rf_word_legacy,word,legacy,validation,leet,0.4,0.7942604031149407,0.011593201821553366,0.4769230769230769,0.03339037991986275,0.5955712886675913,0.02939452523430158,0.9009853641933286,0.010770163227993233,0.7054959010962835,0.020636111860380116,0.4681034482758621,0.03856304032819707
rf_word_legacy,word,legacy,validation,leet,0.5,0.7515445782254312,0.016387369276523803,0.37423076923076926,0.031098941973008477,0.49924796831808804,0.03161951351392211,0.8677808032675289,0.00941977697668818,0.6183345252122265,0.019065872981354523,0.5818965517241379,0.035433799751668646
rf_word_legacy,word,legacy,validation,separators,0.0,0.8787878787878787,0.0,0.8923076923076924,0.0,0.8854961832061068,0.0,0.987972260040844,0.0,0.9621065330025299,0.0,0.0,0.0
rf_word_legacy,word,legacy,validation,separators,0.1,0.8787878787878787,0.0,0.8923076923076924,0.0,0.8854961832061068,0.0,0.987972260040844,0.0,0.9621065330025299,0.0,0.0,0.0
rf_word_legacy,word,legacy,validation,separators,0.2,0.8787878787878787,0.0,0.8923076923076924,0.0,0.8854961832061068,0.0,0.987972260040844,0.0,0.9621065330025299,0.0,0.0,0.0
rf_word_legacy,word,legacy,validation,separators,0.3,0.8787878787878787,0.0,0.8923076923076924,0.0,0.8854961832061068,0.0,0.987972260040844,0.0,0.9621065330025299,0.0,0.0,0.0
rf_word_legacy,word,legacy,validation,separators,0.4,0.8787878787878787,0.0,0.8923076923076924,0.0,0.8854961832061068,0.0,0.987972260040844,0.0,0.9621065330025299,0.0,0.0,0.0
rf_word_legacy,word,legacy,validation,separators,0.5,0.8787878787878787,0.0,0.8923076923076924,0.0,0.8854961832061068,0.0,0.987972260040844,0.0,0.9621065330025299,0.0,0.0,0.0
rf_word_legacy,word,legacy,validation,unicode,0.0,0.8787878787878787,0.0,0.8923076923076924,0.0,0.8854961832061068,0.0,0.987972260040844,0.0,0.9621065330025299,0.0,0.0,0.0
rf_word_legacy,word,legacy,validation,unicode,0.1,0.8760846962567872,0.0019206503830900908,0.8703846153846154,0.015440183048438662,0.8731753200253118,0.008714250334748153,0.9832634870660313,0.0027831812098547625,0.9453156757757049,0.005578166041029263,0.03405172413793103,0.012655874610248093
rf_word_legacy,word,legacy,validation,unicode,0.2,0.8680128898421403,0.0034135064881771833,0.8099999999999999,0.02382067333967813,0.8378735794304765,0.014404144941058024,0.9748300289312457,0.0033390764865335256,0.9149434595846738,0.008812195673856677,0.10086206896551723,0.026102931616748964
rf_word_legacy,word,legacy,validation,unicode,0.3,0.8541257869296747,0.004920982381510973,0.7215384615384616,0.027969819566852846,0.7820504681531393,0.018616183098765705,0.9613825306330837,0.006573729485490873,0.8727078630364217,0.013207474322365131,0.19698275862068965,0.030927801112545564
rf_word_legacy,word,legacy,validation,unicode,0.4,0.8354158537797319,0.008518923196595701,0.6265384615384615,0.03688890118764067,0.7156483846031817,0.02761867110415852,0.9444781739278421,0.009831820394597835,0.8178087469429516,0.01705016390086788,0.30301724137931035,0.040654091782648484
rf_word_legacy,word,legacy,validation,unicode,0.5,0.8072857704216088,0.011614071270436097,0.5176923076923077,0.037109851489138763,0.6303616536505853,0.031401099004023714,0.9184889805990469,0.013484930390032316,0.7410580669291983,0.02278955285927394,0.4232758620689655,0.03924669282312891
svc_word_legacy,word,legacy,default,leet,0.0,0.9821428571428571,0.0,0.8461538461538461,0.0,0.909090909090909,0.0,0.9929373723621511,0.0,0.975579621735117,0.0,0.0,0.0
svc_word_legacy,word,legacy,default,leet,0.1,0.9814756842947047,0.0005327510127665581,0.8157692307692308,0.023607266272607133,0.8908132617739248,0.014374237439314295,0.987976940095303,0.003996734441985175,0.9641234079113181,0.005959617635209426,0.05181818181818182,0.023242953442548828
svc_word_legacy,word,legacy,default,leet,0.2,0.9794104275475608,0.0007239238324434224,0.7326923076923076,0.026160394512438137,0.8380363232245582,0.017413180674840968,0.9834202688904016,0.00419301433715079,0.9491356891002007,0.008158599883993789,0.14863636363636362,0.027076647606102146
svc_word_legacy,word,legacy,default,leet,0.3,0.975097062931849,0.001559647516386362,0.6046153846153846,0.03730237033704935,0.7457979856378268,0.02929699630625407,0.974355003403676,0.007459663206918607,0.9210152289466682,0.012728112707408056,0.3004545454545454,0.04359597413084806
svc_word_legacy,word,legacy,default,leet,0.4,0.969256991821655,0.0024630410140696985,0.48807692307692313,0.040123990327647394,0.6483592240232257,0.03598559630640539,0.9598436436351259,0.007977893737067686,0.8814208246587623,0.017100658746534814,0.4372727272727273,0.04491546358520092
svc_word_legacy,word,legacy,default,leet,0.5,0.9590651040787449,0.002272054200277064,0.36153846153846153,0.020730958889865765,0.5248214615214141,0.022249118558107312,0.9434513274336283,0.009770068985017227,0.8296354454880559,0.013736860241942917,0.5763636363636364,0.024393468845452262
svc_word_legacy,word,legacy,default,separators,0.0,0.9821428571428571,0.0,0.8461538461538461,0.0,0.909090909090909,0.0,0.9929373723621511,0.0,0.975579621735117,0.0,0.0,0.0
svc_word_legacy,word,legacy,default,separators,0.1,0.9821428571428571,0.0,0.8461538461538461,0.0,0.909090909090909,0.0,0.9929373723621511,0.0,0.975579621735117,0.0,0.0,0.0
svc_word_legacy,word,legacy,default,separators,0.2,0.9821428571428571,0.0,0.8461538461538461,0.0,0.909090909090909,0.0,0.9929373723621511,0.0,0.975579621735117,0.0,0.0,0.0
svc_word_legacy,word,legacy,default,separators,0.3,0.9821428571428571,0.0,0.8461538461538461,0.0,0.909090909090909,0.0,0.9929373723621511,0.0,0.975579621735117,0.0,0.0,0.0
svc_word_legacy,word,legacy,default,separators,0.4,0.9821428571428571,0.0,0.8461538461538461,0.0,0.909090909090909,0.0,0.9929373723621511,0.0,0.975579621735117,0.0,0.0,0.0
svc_word_legacy,word,legacy,default,separators,0.5,0.9821428571428571,0.0,0.8461538461538461,0.0,0.909090909090909,0.0,0.9929373723621511,0.0,0.975579621735117,0.0,0.0,0.0
svc_word_legacy,word,legacy,default,unicode,0.0,0.9821428571428571,0.0,0.8461538461538461,0.0,0.909090909090909,0.0,0.9929373723621511,0.0,0.975579621735117,0.0,0.0,0.0
svc_word_legacy,word,legacy,default,unicode,0.1,0.9817373501600002,0.000343453671712211,0.8273076923076923,0.015877724927182837,0.8978559750458872,0.009486601609279237,0.9884655803267529,0.0028038307398317733,0.9643541572066134,0.004264585109063265,0.03727272727272727,0.013157459757925411
svc_word_legacy,word,legacy,default,unicode,0.2,0.9802132800472064,0.0005409676808128946,0.7626923076923078,0.021363517393636667,0.8577281879532179,0.013694728478372593,0.9833736810755616,0.003106374914775097,0.9508517091812276,0.005617605421299755,0.10863636363636364,0.024584409987653988
svc_word_legacy,word,legacy,default,unicode,0.3,0.9777100587036116,0.0008545444185494723,0.6757692307692308,0.026088869034737394,0.7989081765457161,0.018636034006952365,0.9770309309053777,0.004312050531658472,0.9310024709445915,0.007320429102287108,0.2081818181818182,0.029183465201177275
svc_word_legacy,word,legacy,default,unicode,0.4,0.9726983312484172,0.0014601900990295603,0.5496153846153846,0.029474268134981864,0.7019430777341712,0.024641656548145333,0.9694534972770592,0.004379724834001786,0.9028935802825387,0.008980856146940667,0.3563636363636363,0.03459829753409123
svc_word_legacy,word,legacy,default,unicode,0.5,0.964014725245691,0.003064721796148648,0.41500000000000004,0.03551244293538346,0.5794266559554895,0.03549573203588083,0.9573444945541185,0.004505699878252207,0.8605812132256359,0.012537620634457017,0.5136363636363637,0.041764059005554036
svc_word_legacy,word,legacy,validation,leet,0.0,0.9448818897637794,0.0,0.9230769230769231,0.0,0.933852140077821,0.0,0.9929373723621511,0.0,0.975579621735117,0.0,0.0,0.0
svc_word_legacy,word,legacy,validation,leet,0.1,0.9431940554966733,0.0008046894209026985,0.8942307692307692,0.013410835688301127,0.9180164096872145,0.007453312957589949,0.987976940095303,0.003996734441985175,0.9641234079113181,0.005959617635209426,0.03958333333333333,0.01293116051561892
svc_word_legacy,word,legacy,validation,leet,0.2,0.9406013415038474,0.001279318752367188,0.8530769230769231,0.019635418839410206,0.8946045632888134,0.011352581574946872,0.9834202688904016,0.00419301433715079,0.9491356891002007,0.008158599883993789,0.08541666666666667,0.021267407730585015
svc_word_legacy,word,legacy,validation,leet,0.3,0.9347835725240449,0.0021923286106495777,0.7726923076923077,0.027732202481955084,0.8458199891585038,0.01753297904590112,0.974355003403676,0.007459663206918607,0.9210152289466682,0.012728112707408056,0.17083333333333334,0.030409005283619218
svc_word_legacy,word,legacy,validation,leet,0.4,0.9259673883877431,0.0038956842297975768,0.6753846153846154,0.038062709488791695,0.7805761880718438,0.02691037801350015,0.9598436436351259,0.007977893737067686,0.8814208246587623,0.017100658746534814,0.2745833333333333,0.040417684016857656
svc_word_legacy,word,legacy,validation,leet,0.5,0.9115274085916208,0.0042828579762182,0.5561538461538461,0.030062739337606087,0.6904440981511201,0.0242598132846211,0.9434513274336283,0.009770068985017227,0.8296354454880559,0.013736860241942917,0.4033333333333333,0.03271353601487452
svc_word_legacy,word,legacy,validation,separators,0.0,0.9448818897637794,0.0,0.9230769230769231,0.0,0.933852140077821,0.0,0.9929373723621511,0.0,0.975579621735117,0.0,0.0,0.0
svc_word_legacy,word,legacy,validation,separators,0.1,0.9448818897637794,0.0,0.9230769230769231,0.0,0.933852140077821,0.0,0.9929373723621511,0.0,0.975579621735117,0.0,0.0,0.0
svc_word_legacy,word,legacy,validation,separators,0.2,0.9448818897637794,0.0,0.9230769230769231,0.0,0.933852140077821,0.0,0.9929373723621511,0.0,0.975579621735117,0.0,0.0,0.0
svc_word_legacy,word,legacy,validation,separators,0.3,0.9448818897637794,0.0,0.9230769230769231,0.0,0.933852140077821,0.0,0.9929373723621511,0.0,0.975579621735117,0.0,0.0,0.0
svc_word_legacy,word,legacy,validation,separators,0.4,0.9448818897637794,0.0,0.9230769230769231,0.0,0.933852140077821,0.0,0.9929373723621511,0.0,0.975579621735117,0.0,0.0,0.0
svc_word_legacy,word,legacy,validation,separators,0.5,0.9448818897637794,0.0,0.9230769230769231,0.0,0.933852140077821,0.0,0.9929373723621511,0.0,0.975579621735117,0.0,0.0,0.0
svc_word_legacy,word,legacy,validation,unicode,0.0,0.9448818897637794,0.0,0.9230769230769231,0.0,0.933852140077821,0.0,0.9929373723621511,0.0,0.975579621735117,0.0,0.0,0.0
svc_word_legacy,word,legacy,validation,unicode,0.1,0.9431026407482566,0.0007693669763042501,0.8926923076923077,0.012841413462688363,0.9171653429688436,0.00713163873031493,0.9884655803267529,0.0028038307398317733,0.9643541572066134,0.004264585109063265,0.03625,0.013320992095536905
svc_word_legacy,word,legacy,validation,unicode,0.2,0.9412036391977712,0.0011702172947314817,0.8623076923076922,0.0183226897371194,0.8999448617352785,0.010490271633559842,0.9833736810755616,0.003106374914775097,0.9508517091812276,0.005617605421299755,0.07166666666666667,0.01938378172989076
svc_word_legacy,word,legacy,validation,unicode,0.3,0.9373453890299233,0.001679115044103568,0.8061538461538461,0.023090414409894816,0.8666663993845756,0.014051295432310857,0.9770309309053777,0.004312050531658472,0.9310024709445915,0.007320429102287108,0.13125,0.02323837192715017
svc_word_legacy,word,legacy,validation,unicode,0.4,0.9306085822838602,0.0029689184883308815,0.7234615384615385,0.03277614874421107,0.8137242407065944,0.02199567584012023,0.9694534972770592,0.004379724834001786,0.9028935802825387,0.008980856146940667,0.21875,0.037058808172388595
svc_word_legacy,word,legacy,validation,unicode,0.5,0.9185167479732635,0.005429795979634156,0.6096153846153846,0.041826486804928446,0.7321725353791917,0.0324826359945148,0.9573444945541185,0.004505699878252207,0.8605812132256359,0.012537620634457017,0.34375,0.04498822133047195
