model,feature_type,preprocessing,threshold_mode,attack_type,intensity,precision_mean,precision_std,recall_mean,recall_std,f1_mean,f1_std,roc_auc_mean,roc_auc_std,average_precision_mean,average_precision_std,asr_mean,asr_std
linear_svc_char_gentle,char,gentle,default,leet,0.0,0.9603174603174602,0.0,0.9166666666666666,0.0,0.9379844961240311,0.0,0.9913096674711719,0.0,0.9806424845069109,0.0,0.0,0.0
linear_svc_char_gentle,char,gentle,default,leet,0.1,0.9599448914283325,0.0005469668514462793,0.9079545454545455,0.012836500609968368,0.9331852810712885,0.007057849668478216,0.9901343356127649,0.0010088347341741305,0.9764867307394296,0.001586141330515366,0.021074380165289258,0.011525109241573685
linear_svc_char_gentle,char,gentle,default,leet,0.2,0.959188320641917,0.0007159254905626115,0.8905303030303029,0.01639163385486853,0.9235170050994082,0.009120458906131017,0.9890449014481094,0.0018575489495722562,0.9710247480616377,0.0033685248463241027,0.04008264462809917,0.013744349476178903
linear_svc_char_gentle,char,gentle,default,leet,0.3,0.9578548631363347,0.0009840883547327626,0.8613636363636363,0.02130022713934557,0.9069305452759309,0.012172952086220783,0.987009754625905,0.0018272855101327666,0.9629728739965341,0.0038818347766452674,0.07066115702479339,0.019607770888536474
linear_svc_char_gentle,char,gentle,default,leet,0.4,0.95654213923498,0.0008842511891892015,0.8340909090909092,0.018045073225950916,0.8910401231886945,0.010601054232414324,0.9838327969965139,0.002385550558888167,0.9532607499943001,0.00341072700729337,0.10206611570247934,0.021496802661544055
linear_svc_char_gentle,char,gentle,default,leet,0.5,0.9553542179549567,0.001034841677676197,0.8109848484848484,0.01973603658562749,0.8771579243719044,0.011964791371607135,0.9810974792169482,0.002945521865032681,0.9443873798333036,0.004398398244296697,0.12892561983471076,0.019776629474913026
linear_svc_char_gentle,char,gentle,default,separators,0.0,0.9603174603174602,0.0,0.9166666666666666,0.0,0.9379844961240311,0.0,0.9913096674711719,0.0,0.9806424845069109,0.0,0.0,0.0
linear_svc_char_gentle,char,gentle,default,separators,0.1,0.9597034127541851,0.0005244172340991769,0.9022727272727273,0.012264897969329247,0.9300648599614382,0.006755201611217449,0.9904599088227407,0.0008538107135709069,0.9760595361058032,0.0021537247463690097,0.022727272727272728,0.012540846666671157
linear_svc_char_gentle,char,gentle,default,separators,0.2,0.9586340407886856,0.0006378883558062759,0.8780303030303032,0.01431080668770199,0.9165107592348797,0.008040776083776723,0.9889418242156074,0.0022751082966899036,0.9690008594984706,0.0038092171938632225,0.05289256198347107,0.014783920512395306
linear_svc_char_gentle,char,gentle,default,separators,0.3,0.9579705958632376,0.0007418529906064454,0.8636363636363636,0.016117530248331506,0.9082924883828447,0.009195931037591793,0.98745013743631,0.0019820498297882594,0.9621419966011031,0.004364577597632319,0.0652892561983471,0.01776581302760611
linear_svc_char_gentle,char,gentle,default,separators,0.4,0.9564082280533517,0.0009278024099761645,0.8314393939393939,0.018536382004908845,0.8894607234443216,0.010999774661507209,0.9849930443818717,0.003126578616848464,0.9513746154906647,0.006118416491003528,0.10413223140495868,0.018066779887719545
linear_svc_char_gentle,char,gentle,default,separators,0.5,0.9541987613210823,0.0008131854806111407,0.7893939393939393,0.014665243053742212,0.8639437095311694,0.009123179568387261,0.9803826427996782,0.0038344064786544865,0.9361702149373189,0.007094152451593466,0.14958677685950414,0.016065714735884005
linear_svc_char_gentle,char,gentle,default,unicode,0.0,0.9603174603174602,0.0,0.9166666666666666,0.0,0.9379844961240311,0.0,0.9913096674711719,0.0,0.9806424845069109,0.0,0.0,0.0
linear_svc_char_gentle,char,gentle,default,unicode,0.1,0.960170542615899,0.00044414987861175943,0.9132575757575758,0.010564683471442536,0.9360992199876078,0.005771400390104911,0.9903383950120676,0.0009305444803809277,0.9767863603112833,0.002058763799207185,0.00909090909090909,0.009996782129409909
linear_svc_char_gentle,char,gentle,default,unicode,0.2,0.9595737481507209,0.0005020138938344818,0.8992424242424242,0.01155474599648368,0.928395412289734,0.006413692904938732,0.989158873022258,0.0011686984989383211,0.9726670985768529,0.00279585335947315,0.027685950413223144,0.012073502002548612
linear_svc_char_gentle,char,gentle,default,unicode,0.3,0.958941510047981,0.0005707356105167063,0.8848484848484848,0.012912751912527104,0.9203636651923576,0.007226789099078654,0.9873302996781979,0.0019544664040906093,0.96634915864019,0.0035737886824313016,0.04380165289256198,0.013433515717144613
linear_svc_char_gentle,char,gentle,default,unicode,0.4,0.9580242389318039,0.0007219624577330684,0.8647727272727274,0.015598471389846812,0.9089490181795895,0.008923509657409635,0.9848782347814428,0.0021152215906638603,0.9584995112094395,0.0041449769737421215,0.06818181818181819,0.01513832845175716
linear_svc_char_gentle,char,gentle,default,unicode,0.5,0.9569679026593301,0.000977481388253089,0.8428030303030303,0.02024972769333804,0.8961530750388164,0.01181471544887231,0.9824659761330116,0.0024966760227738602,0.9505629233171042,0.005359465993543759,0.09338842975206611,0.018978928513316534
linear_svc_char_gentle,char,gentle,validation,leet,0.0,0.9318181818181819,0.0,0.9318181818181819,0.0,0.9318181818181819,0.0,0.9913096674711719,0.0,0.9806424845069109,0.0,0.0,0.0
linear_svc_char_gentle,char,gentle,validation,leet,0.1,0.9311269623977406,0.0009771513263713465,0.9219696969696969,0.013925691899572998,0.9264820257283505,0.00754319098591542,0.9901343356127649,0.0010088347341741305,0.9764867307394296,0.001586141330515366,0.01829268292682927,0.013155720273550029
linear_svc_char_gentle,char,gentle,validation,leet,0.2,0.9304922502678166,0.0008390914667606931,0.9128787878787878,0.01191511387359166,0.9215691727512831,0.006466259085930497,0.9890449014481094,0.0018575489495722562,0.9710247480616377,0.0033685248463241027,0.028048780487804882,0.011935621583648609
linear_svc_char_gentle,char,gentle,validation,leet,0.3,0.9286441441669018,0.0009575490309749095,0.8875,0.01283650060996839,0.9075671670180252,0.007166629047753911,0.987009754625905,0.0018272855101327666,0.9629728739965341,0.0038818347766452674,0.05487804878048781,0.012051644934110105
linear_svc_char_gentle,char,gentle,validation,leet,0.4,0.9269633925993567,0.0010459855725782352,0.8655303030303031,0.013434398396197311,0.8951502436033341,0.007657745479251628,0.9838327969965139,0.002385550558888167,0.9532607499943001,0.00341072700729337,0.07682926829268293,0.014320559722253653
linear_svc_char_gentle,char,gentle,validation,leet,0.5,0.9247615362135976,0.0012295511956580236,0.8382575757575758,0.014803621643518108,0.8793317821742501,0.008703804033921004,0.9810974792169482,0.002945521865032681,0.9443873798333036,0.004398398244296697,0.10772357723577235,0.015352274883106748
linear_svc_char_gentle,char,gentle,validation,separators,0.0,0.9318181818181819,0.0,0.9318181818181819,0.0,0.9318181818181819,0.0,0.9913096674711719,0.0,0.9806424845069109,0.0,0.0,0.0
linear_svc_char_gentle,char,gentle,validation,separators,0.1,0.9308655203968916,0.0008565014335941543,0.9181818181818182,0.012190789146027427,0.9244465974951037,0.00660834823417497,0.9904599088227407,0.0008538107135709069,0.9760595361058032,0.0021537247463690097,0.01951219512195122,0.011314672746966818
linear_svc_char_gentle,char,gentle,validation,separators,0.2,0.9297815230857269,0.0010774280923111664,0.903030303030303,0.014869789097670208,0.9161596485745823,0.008183754176366683,0.9889418242156074,0.0022751082966899036,0.9690008594984706,0.0038092171938632225,0.03861788617886179,0.01686405340088879
linear_svc_char_gentle,char,gentle,validation,separators,0.3,0.9285338664313754,0.0008314788120640141,0.8859848484848485,0.01112182920294531,0.9067312688552432,0.00621607212481149,0.98745013743631,0.0019820498297882594,0.9621419966011031,0.004364577597632319,0.05284552845528455,0.012511931122989683
linear_svc_char_gentle,char,gentle,validation,separators,0.4,0.9262749689661909,0.0010837281838780332,0.8568181818181818,0.013440018307924488,0.8901490313677896,0.007791403604914999,0.9849930443818717,0.003126578616848464,0.9513746154906647,0.006118416491003528,0.08536585365853658,0.01331996783592074
linear_svc_char_gentle,char,gentle,validation,separators,0.5,0.9229488177771425,0.0015396893704344875,0.8170454545454545,0.017770976267672066,0.8666917745430306,0.01065870421309313,0.9803826427996782,0.0038344064786544865,0.9361702149373189,0.007094152451593466,0.1252032520325203,0.01872614380365645
linear_svc_char_gentle,char,gentle,validation,unicode,0.0,0.9318181818181819,0.0,0.9318181818181819,0.0,0.9318181818181819,0.0,0.9913096674711719,0.0,0.9806424845069109,0.0,0.0,0.0
linear_svc_char_gentle,char,gentle,validation,unicode,0.1,0.9313969810450604,0.0006300113305263841,0.9257575757575758,0.009064288509335152,0.9285503212342577,0.004887553571159157,0.9903383950120676,0.0009305444803809277,0.9767863603112833,0.002058763799207185,0.010975609756097562,0.008857096189078092
linear_svc_char_gentle,char,gentle,validation,unicode,0.2,0.9305182366085347,0.0008758528373331169,0.9132575757575758,0.012405702508877712,0.92177217786377,0.006741162374503059,0.989158873022258,0.0011686984989383211,0.9726670985768529,0.00279585335947315,0.025609756097560978,0.012166561907443908
linear_svc_char_gentle,char,gentle,validation,unicode,0.3,0.9294868371391244,0.0007629569365839226,0.8988636363636363,0.010507344196084938,0.9138932090010096,0.005789504670281511,0.9873302996781979,0.0019544664040906093,0.96634915864019,0.0035737886824313016,0.04186991869918699,0.010641272986589687
linear_svc_char_gentle,char,gentle,validation,unicode,0.4,0.9284667628799779,0.0012124313811818777,0.8852272727272726,0.01616898672308941,0.9062697392981345,0.00904939748608778,0.9848782347814428,0.0021152215906638603,0.9584995112094395,0.0041449769737421215,0.05772357723577236,0.015129725020677828
linear_svc_char_gentle,char,gentle,validation,unicode,0.5,0.9273418806004182,0.0012025792945012917,0.8704545454545455,0.01552568297872666,0.8979398740376505,0.008827690505458258,0.9824659761330116,0.0024966760227738602,0.9505629233171042,0.005359465993543759,0.07479674796747968,0.01506058654000475
linear_svc_char_legacy,char,legacy,default,leet,0.0,0.983739837398374,0.0,0.9166666666666666,0.0,0.9490196078431372,0.0,0.9903962188254225,0.0,0.9774766697141157,0.0,0.0,0.0
linear_svc_char_legacy,char,legacy,default,leet,0.1,0.9833645490718492,0.00024517558449592484,0.8958333333333334,0.013434398396197313,0.9375120799173992,0.007466316459356119,0.9892166968356128,0.0009145784327859492,0.9731167228823331,0.0022163660524814857,0.030165289256198345,0.013744349476178903
linear_svc_char_legacy,char,legacy,default,leet,0.2,0.9830621926358776,0.00023086545287575284,0.8795454545454545,0.012264897969329221,0.9283860878961073,0.006917725835177779,0.9877828338696701,0.002483539566917004,0.9673463762448128,0.004226930463486988,0.05123966942148761,0.01092463337169246
linear_svc_char_legacy,char,legacy,default,leet,0.3,0.982481549694492,0.00031302972964286315,0.85,0.015467205622243631,0.9113830133374329,0.009024023699904187,0.9860070561812819,0.0017387993105978793,0.9594756516838071,0.003524461813192627,0.08057851239669421,0.013373170195426887
linear_svc_char_legacy,char,legacy,default,leet,0.4,0.9818749135184573,0.00041484043004177333,0.8212121212121213,0.019415856833854196,0.8942728246994147,0.011611118064523595,0.9825388844194155,0.0021107730055681274,0.9489162555015722,0.003378647378567535,0.11570247933884299,0.022272931038698755
linear_svc_char_legacy,char,legacy,default,leet,0.5,0.9813696775412485,0.0004058553235164486,0.7984848484848485,0.01762161975444616,0.8804340219166089,0.010904518032244766,0.9796858239474389,0.003405357141794757,0.9406359771988171,0.005582084435130976,0.14214876033057852,0.020525872885956743
linear_svc_char_legacy,char,legacy,default,separators,0.0,0.983739837398374,0.0,0.9166666666666666,0.0,0.9490196078431372,0.0,0.9903962188254225,0.0,0.9774766697141157,0.0,0.0,0.0
linear_svc_char_legacy,char,legacy,default,separators,0.1,0.983739837398374,0.0,0.9166666666666666,0.0,0.9490196078431372,0.0,0.9903962188254225,0.0,0.9774766697141157,0.0,0.0,0.0
linear_svc_char_legacy,char,legacy,default,separators,0.2,0.983739837398374,0.0,0.9166666666666666,0.0,0.9490196078431372,0.0,0.9903962188254225,0.0,0.9774766697141157,0.0,0.0,0.0
linear_svc_char_legacy,char,legacy,default,separators,0.3,0.983739837398374,0.0,0.9166666666666666,0.0,0.9490196078431372,0.0,0.9903962188254225,0.0,0.9774766697141157,0.0,0.0,0.0
linear_svc_char_legacy,char,legacy,default,separators,0.4,0.983739837398374,0.0,0.9166666666666666,0.0,0.9490196078431372,0.0,0.9903962188254225,0.0,0.9774766697141157,0.0,0.0,0.0
linear_svc_char_legacy,char,legacy,default,separators,0.5,0.983739837398374,0.0,0.9166666666666666,0.0,0.9490196078431372,0.0,0.9903962188254225,0.0,0.9774766697141157,0.0,0.0,0.0
linear_svc_char_legacy,char,legacy,default,unicode,0.0,0.983739837398374,0.0,0.9166666666666666,0.0,0.9490196078431372,0.0,0.9903962188254225,0.0,0.9774766697141157,0.0,0.0,0.0
linear_svc_char_legacy,char,legacy,default,unicode,0.1,0.9834976036207737,0.00011422174441701612,0.903030303030303,0.006314460253534028,0.9415372534758053,0.0034949826811293935,0.9900643604183428,0.0009424424324958106,0.975146345851762,0.0020703293708381784,0.02066115702479339,0.007343167906104451
linear_svc_char_legacy,char,legacy,default,unicode,0.2,0.9833101047096319,0.00020461522881455187,0.8928030303030303,0.011067376835669558,0.935840422008455,0.00618935054950806,0.9892213059801556,0.0014821475790024073,0.9719999391161261,0.0030484772552971866,0.03471074380165289,0.011564032382571454
linear_svc_char_legacy,char,legacy,default,unicode,0.3,0.983041053148693,0.0002155084934293368,0.8784090909090908,0.011390186952080472,0.9277487577126842,0.006439864556975549,0.9880170622150711,0.00223771749045689,0.9666166298192527,0.0044166027557505615,0.050826446280991734,0.011144532500138733
linear_svc_char_legacy,char,legacy,default,unicode,0.4,0.9827084781253191,0.00031460269543733313,0.8613636363636363,0.01594796647602475,0.9179717891839421,0.009194754648411288,0.9865480021453473,0.002356866981947927,0.9599180245714802,0.005255602259834945,0.07024793388429752,0.016637313178690976
linear_svc_char_legacy,char,legacy,default,unicode,0.5,0.982094711351366,0.000549606509835794,0.8318181818181818,0.026312164459620094,0.9005277387365519,0.015562906562107962,0.9850454210244033,0.002531743975897452,0.9527234135508161,0.005850349609894149,0.10371900826446281,0.026336631105012814
linear_svc_char_legacy,char,legacy,validation,leet,0.0,0.9253731343283583,0.0,0.9393939393939394,0.0,0.9323308270676691,0.0,0.9903962188254225,0.0,0.9774766697141157,0.0,0.0,0.0
linear_svc_char_legacy,char,legacy,validation,leet,0.1,0.9244624974508102,0.0008371383635975547,0.9272727272727274,0.011101440864621948,0.9258385295250638,0.005957027410177836,0.9892166968356128,0.0009145784327859492,0.9731167228823331,0.0022163660524814857,0.018145161290322582,0.010091250787749355
linear_svc_char_legacy,char,legacy,validation,leet,0.2,0.9232042016836483,0.0012849840042303677,0.9109848484848484,0.01646518053425514,0.9169931196836251,0.008986675896100178,0.9877828338696701,0.002483539566917004,0.9673463762448128,0.004226930463486988,0.03548387096774193,0.016213699675807564
linear_svc_char_legacy,char,legacy,validation,leet,0.3,0.9214284207445029,0.0011841319230158928,0.8886363636363637,0.014561892625390616,0.9046864211085179,0.008111137279245484,0.9860070561812819,0.0017387993105978793,0.9594756516838071,0.003524461813192627,0.05806451612903226,0.014939130196940197
linear_svc_char_legacy,char,legacy,validation,leet,0.4,0.919654746236916,0.0014202123027264573,0.8674242424242424,0.016760645579731812,0.8927094887116025,0.009524081167415653,0.9825388844194155,0.0021107730055681274,0.9489162555015722,0.003378647378567535,0.08185483870967743,0.01873567510554533
linear_svc_char_legacy,char,legacy,validation,leet,0.5,0.9183073920083877,0.0015194822289770103,0.8518939393939394,0.017112882760292093,0.883783283791462,0.00994650933675975,0.9796858239474389,0.003405357141794757,0.9406359771988171,0.005582084435130976,0.1,0.016001191149045458
linear_svc_char_legacy,char,legacy,validation,separators,0.0,0.9253731343283583,0.0,0.9393939393939394,0.0,0.9323308270676691,0.0,0.9903962188254225,0.0,0.9774766697141157,0.0,0.0,0.0
linear_svc_char_legacy,char,legacy,validation,separators,0.1,0.9253731343283583,0.0,0.9393939393939394,0.0,0.9323308270676691,0.0,0.9903962188254225,0.0,0.9774766697141157,0.0,0.0,0.0
linear_svc_char_legacy,char,legacy,validation,separators,0.2,0.9253731343283583,0.0,0.9393939393939394,0.0,0.9323308270676691,0.0,0.9903962188254225,0.0,0.9774766697141157,0.0,0.0,0.0
linear_svc_char_legacy,char,legacy,validation,separators,0.3,0.9253731343283583,0.0,0.9393939393939394,0.0,0.9323308270676691,0.0,0.9903962188254225,0.0,0.9774766697141157,0.0,0.0,0.0
linear_svc_char_legacy,char,legacy,validation,separators,0.4,0.9253731343283583,0.0,0.9393939393939394,0.0,0.9323308270676691,0.0,0.9903962188254225,0.0,0.9774766697141157,0.0,0.0,0.0
linear_svc_char_legacy,char,legacy,validation,separators,0.5,0.9253731343283583,0.0,0.9393939393939394,0.0,0.9323308270676691,0.0,0.9903962188254225,0.0,0.9774766697141157,0.0,0.0,0.0
linear_svc_char_legacy,char,legacy,validation,unicode,0.0,0.9253731343283583,0.0,0.9393939393939394,0.0,0.9323308270676691,0.0,0.9903962188254225,0.0,0.9774766697141157,0.0,0.0,0.0
linear_svc_char_legacy,char,legacy,validation,unicode,0.1,0.9246925528016057,0.0007039564602516814,0.9303030303030303,0.009391623936483153,0.9274701017920292,0.005024300959689332,0.9900643604183428,0.0009424424324958106,0.975146345851762,0.0020703293708381784,0.012096774193548387,0.008478346500610431
linear_svc_char_legacy,char,legacy,validation,unicode,0.2,0.9241159383148754,0.0009558913306296946,0.9227272727272726,0.012676667068698109,0.9233858532081524,0.006801664139946621,0.9892213059801556,0.0014821475790024073,0.9719999391161261,0.0030484772552971866,0.02258064516129032,0.009997535158191706
linear_svc_char_legacy,char,legacy,validation,unicode,0.3,0.9232454260063969,0.0008322604500968928,0.9113636363636364,0.0107418961590439,0.9172402984967917,0.005842364864217474,0.9880170622150711,0.00223771749045689,0.9666166298192527,0.0044166027557505615,0.036290322580645164,0.009613541301278544
linear_svc_char_legacy,char,legacy,validation,unicode,0.4,0.9219770792387598,0.0012772529549738313,0.8954545454545455,0.015852980720624125,0.9084647528504384,0.008789131978286522,0.9865480021453473,0.002356866981947927,0.9599180245714802,0.005255602259834945,0.053629032258064514,0.014396555243936815
linear_svc_char_legacy,char,legacy,validation,unicode,0.5,0.9204176208070395,0.001518793984497546,0.8765151515151516,0.018409656990134745,0.8978508564279476,0.010325100971796846,0.9850454210244033,0.002531743975897452,0.9527234135508161,0.005850349609894149,0.07540322580645162,0.016809703500378394
linear_svc_char_no_currency,char,no_currency,default,leet,0.0,0.9527559055118109,0.0,0.9166666666666666,0.0,0.9343629343629344,0.0,0.9912677661571468,0.0,0.9806724744076402,0.0,0.0,0.0
linear_svc_char_no_currency,char,no_currency,default,leet,0.1,0.9521828352745411,0.0006523369445902272,0.9053030303030303,0.012889338018536364,0.9281107569315917,0.007102940972632641,0.9900848920622151,0.0009955997060668838,0.9762884231239187,0.0015813967896802991,0.02066115702479339,0.012432889019535844
linear_svc_char_no_currency,char,no_currency,default,leet,0.2,0.9515634429063986,0.0007294551909871523,0.8931818181818182,0.014098152860177052,0.9213994408297836,0.00785309887863219,0.9889640319120409,0.0018649484607668257,0.9707774646135494,0.0033486833797259645,0.03760330578512397,0.01405470315968637
linear_svc_char_no_currency,char,no_currency,default,leet,0.3,0.9497626201132207,0.0012177892110099833,0.8598484848484848,0.022052722183452673,0.902445165733482,0.012671787180902283,0.9868455014749262,0.0018266162417533381,0.9624759563077102,0.0037921636504051172,0.06942148760330578,0.021517695661578674
linear_svc_char_no_currency,char,no_currency,default,leet,0.4,0.9479387687230979,0.001114223725105467,0.8280303030303031,0.019054673086407167,0.8838380090499038,0.011243442055032065,0.9835499631268437,0.002310924457237519,0.9525819621844155,0.0034920771799047397,0.10578512396694215,0.021551082331248427
linear_svc_char_no_currency,char,no_currency,default,leet,0.5,0.9464903371525496,0.0013856802211347397,0.8045454545454545,0.021790918638993104,0.8696292797489426,0.01336999917243326,0.9808050080450522,0.0028899490227569723,0.9433096187237044,0.004297482140674926,0.13388429752066117,0.021383627716751338
linear_svc_char_no_currency,char,no_currency,default,separators,0.0,0.9527559055118109,0.0,0.9166666666666666,0.0,0.9343629343629344,0.0,0.9912677661571468,0.0,0.9806724744076402,0.0,0.0,0.0
linear_svc_char_no_currency,char,no_currency,default,separators,0.1,0.9519904876358176,0.0006929498437933783,0.9015151515151516,0.01368500980999242,0.9260196672309167,0.007543757785544332,0.9904452433628318,0.0008700671237703737,0.9759102019391316,0.00212945317900426,0.02190082644628099,0.013480264359563093
linear_svc_char_no_currency,char,no_currency,default,separators,0.2,0.9507052105040958,0.0008327940626607931,0.8768939393939394,0.01571423157810091,0.9122465170040929,0.008854029334847203,0.9889015989541432,0.0023452371314975954,0.9687489019903082,0.0038245591581614015,0.05165289256198348,0.015138328451757159
linear_svc_char_no_currency,char,no_currency,default,separators,0.3,0.9500066120678745,0.000859749883204113,0.8640151515151515,0.01582914522267385,0.9049081010672655,0.009024796420518486,0.9873315567176186,0.0019817544599834993,0.9617340927577575,0.004362343030312058,0.0640495867768595,0.01735122881843253
linear_svc_char_no_currency,char,no_currency,default,separators,0.4,0.9480496847020188,0.0011646572258781477,0.8299242424242423,0.019582386629963373,0.8849581498683863,0.011651691381629293,0.9849151079377849,0.0031394436076478058,0.9511798199899116,0.006072328028092338,0.10330578512396696,0.01867341273046166
linear_svc_char_no_currency,char,no_currency,default,separators,0.5,0.9453335615044505,0.0011170277121837137,0.7863636363636364,0.01695773102840196,0.8584677761178809,0.010577258046669615,0.9802322170823278,0.0038637161495010145,0.9357389116355316,0.007155632162541203,0.15,0.01743390339647024
linear_svc_char_no_currency,char,no_currency,default,unicode,0.0,0.9527559055118109,0.0,0.9166666666666666,0.0,0.9343629343629344,0.0,0.9912677661571468,0.0,0.9806724744076402,0.0,0.0,0.0
linear_svc_char_no_currency,char,no_currency,default,unicode,0.1,0.9527136945003264,0.0004989532629826203,0.9159090909090908,0.010104332255384076,0.933924404006441,0.005502343934332215,0.9902948176454813,0.0009228704399279932,0.9766728969525055,0.002071421173318655,0.0070247933884297524,0.008594957673497999
linear_svc_char_no_currency,char,no_currency,default,unicode,0.2,0.951897342011736,0.0005728358473676007,0.8996212121212122,0.01122994187042077,0.924990268636156,0.006212596425243526,0.9891182287476535,0.001213214142182702,0.972572746735094,0.0029001030355251516,0.026446280991735537,0.0112488768161772
linear_svc_char_no_currency,char,no_currency,default,unicode,0.3,0.951130197762588,0.0007107500000436246,0.8848484848484848,0.013596432764002686,0.9167465563936867,0.007611588191823444,0.9872737329042639,0.001981462170724555,0.9663190084264024,0.003487845676899062,0.04338842975206612,0.01390039250219643
linear_svc_char_no_currency,char,no_currency,default,unicode,0.4,0.9500061285810826,0.0008784470456828271,0.8640151515151515,0.016018836176962294,0.9049060509800348,0.009175120000450511,0.9847743195226603,0.002115855472072427,0.9584516340851467,0.004125336461409987,0.06776859504132231,0.0168733152242658
linear_svc_char_no_currency,char,no_currency,default,unicode,0.5,0.9486518952568715,0.0010873599048948689,0.8401515151515152,0.01902294171870052,0.8910144403025455,0.011111731006675497,0.9823662510056316,0.0024655647971082665,0.9505164293169134,0.005277032513532585,0.09297520661157024,0.01893626320229686
linear_svc_char_no_currency,char,no_currency,validation,leet,0.0,0.9389312977099238,0.0,0.9318181818181819,0.0,0.935361216730038,0.0,0.9912677661571468,0.0,0.9806724744076402,0.0,0.0,0.0
linear_svc_char_no_currency,char,no_currency,validation,leet,0.1,0.9380481787002722,0.0007409936237033228,0.9178030303030302,0.011600404216682726,0.9277840951568299,0.0063133384988875605,0.9900848920622151,0.0009955997060668838,0.9762884231239187,0.0015813967896802991,0.01869918699186992,0.012677659285970061
linear_svc_char_no_currency,char,no_currency,validation,leet,0.2,0.9373909868392571,0.0008539650204214162,0.9075757575757576,0.013372423487243754,0.9222009128889661,0.007277175416166329,0.9889640319120409,0.0018649484607668257,0.9707774646135494,0.0033486833797259645,0.030894308943089432,0.011677802381457039
linear_svc_char_no_currency,char,no_currency,validation,leet,0.3,0.9357312327298439,0.0008882829175320252,0.8825757575757576,0.01312159702703693,0.9083349305822239,0.007347844874615392,0.9868455014749262,0.0018266162417533381,0.9624759563077102,0.0037921636504051172,0.058536585365853655,0.014106397010964167
linear_svc_char_no_currency,char,no_currency,validation,leet,0.4,0.9337252087387755,0.0012446412246220622,0.8541666666666666,0.01718334268880898,0.892101228827286,0.00993881439730549,0.9835499631268437,0.002310924457237519,0.9525819621844155,0.0034920771799047397,0.08902439024390243,0.018174629765136452
linear_svc_char_no_currency,char,no_currency,validation,leet,0.5,0.9318935479250652,0.001233967639360648,0.8295454545454545,0.016210965989039955,0.8776772844354677,0.009601348796878212,0.9808050080450522,0.0028899490227569723,0.9433096187237044,0.004297482140674926,0.11626016260162601,0.01562739696383384
linear_svc_char_no_currency,char,no_currency,validation,separators,0.0,0.9389312977099238,0.0,0.9318181818181819,0.0,0.935361216730038,0.0,0.9912677661571468,0.0,0.9806724744076402,0.0,0.0,0.0
linear_svc_char_no_currency,char,no_currency,validation,separators,0.1,0.9376627050811404,0.0007146837015331917,0.9117424242424242,0.011067376835669555,0.924492395203789,0.006056171628463736,0.9904452433628318,0.0008700671237703737,0.9759102019391316,0.00212945317900426,0.023983739837398377,0.012223615265647346
linear_svc_char_no_currency,char,no_currency,validation,separators,0.2,0.9368445502291232,0.0009697154954625565,0.8992424242424242,0.014767870219407519,0.9176069329760045,0.008146856529314366,0.9889015989541432,0.0023452371314975954,0.9687489019903082,0.0038245591581614015,0.041463414634146344,0.017276737392992007
linear_svc_char_no_currency,char,no_currency,validation,separators,0.3,0.9354742265018967,0.0008091565811473364,0.8787878787878787,0.011787675836598462,0.9062116303791253,0.0066453139092779645,0.9873315567176186,0.0019817544599834993,0.9617340927577575,0.004362343030312058,0.06097560975609756,0.013319967835920736
linear_svc_char_no_currency,char,no_currency,validation,separators,0.4,0.9336211587184684,0.0010728519915248582,0.8526515151515153,0.01463947384906139,0.8912467474783282,0.008516393819529244,0.9849151079377849,0.0031394436076478058,0.9511798199899116,0.006072328028092338,0.09065040650406504,0.01451360040852167
linear_svc_char_no_currency,char,no_currency,validation,separators,0.5,0.9303373128315183,0.001646961330797477,0.8098484848484848,0.02054957545721213,0.8658075250885193,0.012466154508544802,0.9802322170823278,0.0038637161495010145,0.9357389116355316,0.007155632162541203,0.13739837398373983,0.02221039096982856
linear_svc_char_no_currency,char,no_currency,validation,unicode,0.0,0.9389312977099238,0.0,0.9318181818181819,0.0,0.935361216730038,0.0,0.9912677661571468,0.0,0.9806724744076402,0.0,0.0,0.0
linear_svc_char_no_currency,char,no_currency,validation,unicode,0.1,0.9383620896280922,0.0005491528685590389,0.9227272727272726,0.008724680635794487,0.9304615826684872,0.004714264406773156,0.9902948176454813,0.0009228704399279932,0.9766728969525055,0.002071421173318655,0.010975609756097562,0.008857096189078092
linear_svc_char_no_currency,char,no_currency,validation,unicode,0.2,0.9377123619381453,0.0006574951869432206,0.9125,0.010274787728606053,0.924909917558401,0.005597439269750956,0.9891182287476535,0.001213214142182702,0.972572746735094,0.0029001030355251516,0.023983739837398377,0.011026601464845524
linear_svc_char_no_currency,char,no_currency,validation,unicode,0.3,0.9367019772847224,0.0006767728953552527,0.8969696969696969,0.010252715119378097,0.9163804513424779,0.005671249835604678,0.9872737329042639,0.001981462170724555,0.9663190084264024,0.003487845676899062,0.04065040650406504,0.011191011408320085
linear_svc_char_no_currency,char,no_currency,validation,unicode,0.4,0.9354887822435959,0.0011951783759754544,0.8791666666666667,0.017462339600844357,0.9063795247566816,0.009829252518886035,0.9847743195226603,0.002115855472072427,0.9584516340851467,0.004125336461409987,0.06097560975609756,0.0181794144512178
linear_svc_char_no_currency,char,no_currency,validation,unicode,0.5,0.9344798483117301,0.001362488926031932,0.8647727272727274,0.01924003802909134,0.8981839043436797,0.011009286279137437,0.9823662510056316,0.0024655647971082665,0.9505164293169134,0.005277032513532585,0.07845528455284553,0.01715042529246259
linear_svc_char_no_punctuation,char,no_punctuation,default,leet,0.0,0.9838709677419356,0.0,0.9242424242424242,0.0,0.953125,0.0,0.9903878385626174,0.0,0.9781488613564902,0.0,0.0,0.0
linear_svc_char_no_punctuation,char,no_punctuation,default,leet,0.1,0.983371195790291,0.0002549533628681847,0.8962121212121211,0.013925691899572976,0.9377188464892944,0.007751065828303849,0.989266978412443,0.0009364994254198499,0.9736153476450994,0.002365060416851736,0.039344262295081964,0.012070130812157754
linear_svc_char_no_punctuation,char,no_punctuation,default,leet,0.2,0.9830610200400782,0.00027107060919711386,0.8795454545454545,0.014520346484730782,0.9283692390194723,0.00815751988301749,0.9877581120943952,0.002543399915428682,0.9675843433194947,0.004239696130779673,0.05942622950819672,0.015014243792316527
linear_svc_char_no_punctuation,char,no_punctuation,default,leet,0.3,0.9824960049053513,0.00033773463145892813,0.8507575757575758,0.016688401081464938,0.9118133400493711,0.00973622462038146,0.985932471842317,0.0018101802083723524,0.9593387684878074,0.003934305518605175,0.08852459016393442,0.01694499259826399
linear_svc_char_no_punctuation,char,no_punctuation,default,leet,0.4,0.9818719127881502,0.00047682577610543947,0.8212121212121213,0.022446430679592115,0.8942340763185384,0.013382147690606921,0.9823675080450522,0.0022269359713078052,0.9481611536294798,0.003592760487369286,0.12336065573770491,0.024297219692657808
linear_svc_char_no_punctuation,char,no_punctuation,default,leet,0.5,0.9812623962190445,0.00046433605185311147,0.793939393939394,0.02020866451076819,0.877589423605064,0.012488924543572432,0.9790200120675785,0.0034022731712251846,0.9393381877874019,0.005823503929380589,0.15327868852459017,0.02078734250442221
linear_svc_char_no_punctuation,char,no_punctuation,default,separators,0.0,0.9838709677419356,0.0,0.9242424242424242,0.0,0.953125,0.0,0.9903878385626174,0.0,0.9781488613564902,0.0,0.0,0.0
linear_svc_char_no_punctuation,char,no_punctuation,default,separators,0.1,0.9838709677419356,0.0,0.9242424242424242,0.0,0.953125,0.0,0.9903878385626174,0.0,0.9781488613564902,0.0,0.0,0.0
linear_svc_char_no_punctuation,char,no_punctuation,default,separators,0.2,0.9838709677419356,0.0,0.9242424242424242,0.0,0.953125,0.0,0.9903878385626174,0.0,0.9781488613564902,0.0,0.0,0.0
linear_svc_char_no_punctuation,char,no_punctuation,default,separators,0.3,0.9838709677419356,0.0,0.9242424242424242,0.0,0.953125,0.0,0.9903878385626174,0.0,0.9781488613564902,0.0,0.0,0.0
linear_svc_char_no_punctuation,char,no_punctuation,default,separators,0.4,0.9838709677419356,0.0,0.9242424242424242,0.0,0.953125,0.0,0.9903878385626174,0.0,0.9781488613564902,0.0,0.0,0.0
linear_svc_char_no_punctuation,char,no_punctuation,default,separators,0.5,0.9838709677419356,0.0,0.9242424242424242,0.0,0.953125,0.0,0.9903878385626174,0.0,0.9781488613564902,0.0,0.0,0.0
linear_svc_char_no_punctuation,char,no_punctuation,default,unicode,0.0,0.9838709677419356,0.0,0.9242424242424242,0.0,0.953125,0.0,0.9903878385626174,0.0,0.9781488613564902,0.0,0.0,0.0
linear_svc_char_no_punctuation,char,no_punctuation,default,unicode,0.1,0.9835364406714489,0.00021585767627953234,0.9053030303030303,0.01191511387359164,0.9427618980807319,0.00659857579125562,0.9895883614910164,0.0009183716819421953,0.9744348614646027,0.00215773205227005,0.02459016393442623,0.011282741010027629
linear_svc_char_no_punctuation,char,no_punctuation,default,unicode,0.2,0.9832109848951263,0.00024656991266198156,0.8875,0.013298808062282653,0.9328591722912156,0.007447035158980645,0.9883954310807187,0.0015202605288167435,0.9703694549841684,0.003197214574538719,0.04467213114754098,0.01288490340652247
linear_svc_char_no_punctuation,char,no_punctuation,default,unicode,0.3,0.9829602619990926,0.00026523131491397575,0.8742424242424243,0.01399061389207025,0.9253653210836974,0.007916848704543906,0.9865320796460176,0.00258757549967879,0.9639351899287976,0.00414484367769505,0.06147540983606557,0.014444063022246078
linear_svc_char_no_punctuation,char,no_punctuation,default,unicode,0.4,0.982535824720555,0.00028808539139557225,0.8526515151515153,0.014431663819306976,0.912937980697019,0.008366633702829413,0.9843523732904265,0.002042562400870725,0.9558144270375528,0.004017491736336904,0.08647540983606558,0.01583943072193528
linear_svc_char_no_punctuation,char,no_punctuation,default,unicode,0.5,0.9821139040757505,0.0004924935100316282,0.8325757575757576,0.02356253549846714,0.9010200833557379,0.013946385213072607,0.9821031107535532,0.002407734161676511,0.948141488478691,0.005303052449613019,0.10942622950819672,0.02197400510558979
linear_svc_char_no_punctuation,char,no_punctuation,validation,leet,0.0,0.9185185185185185,0.0,0.9393939393939394,0.0,0.9288389513108616,0.0,0.9903878385626174,0.0,0.9781488613564902,0.0,0.0,0.0
linear_svc_char_no_punctuation,char,no_punctuation,validation,leet,0.1,0.9176519742457208,0.0010514174484061182,0.9287878787878787,0.012865881514987692,0.9231508544270707,0.006900553038519297,0.989266978412443,0.0009364994254198499,0.9736153476450994,0.002365060416851736,0.01653225806451613,0.011246275953471097
linear_svc_char_no_punctuation,char,no_punctuation,validation,leet,0.2,0.916329126359055,0.0013538835846123001,0.9128787878787878,0.016023549678955442,0.914544378998445,0.00873764359013892,0.9877581120943952,0.002543399915428682,0.9675843433194947,0.004239696130779673,0.03387096774193548,0.015166527289729908
linear_svc_char_no_punctuation,char,no_punctuation,validation,leet,0.3,0.9141442269726088,0.00130247184274309,0.8875,0.014803621643518132,0.9005754832787275,0.008235892048317118,0.985932471842317,0.0018101802083723524,0.9593387684878074,0.003934305518605175,0.06048387096774194,0.014916199822415606
linear_svc_char_no_punctuation,char,no_punctuation,validation,leet,0.4,0.9123591662431059,0.0015573278923554893,0.8678030303030303,0.016935450462968047,0.8894566222925906,0.009628385543963391,0.9823675080450522,0.0022269359713078052,0.9481611536294798,0.003592760487369286,0.08185483870967743,0.01873567510554533
linear_svc_char_no_punctuation,char,no_punctuation,validation,leet,0.5,0.9107911600738519,0.0017223182146779658,0.8511363636363637,0.018107737171548458,0.879875608656709,0.01046545322011996,0.9790200120675785,0.0034022731712251846,0.9393381877874019,0.005823503929380589,0.10120967741935485,0.017251875189277704
linear_svc_char_no_punctuation,char,no_punctuation,validation,separators,0.0,0.9185185185185185,0.0,0.9393939393939394,0.0,0.9288389513108616,0.0,0.9903878385626174,0.0,0.9781488613564902,0.0,0.0,0.0
linear_svc_char_no_punctuation,char,no_punctuation,validation,separators,0.1,0.9185185185185185,0.0,0.9393939393939394,0.0,0.9288389513108616,0.0,0.9903878385626174,0.0,0.9781488613564902,0.0,0.0,0.0
linear_svc_char_no_punctuation,char,no_punctuation,validation,separators,0.2,0.9185185185185185,0.0,0.9393939393939394,0.0,0.9288389513108616,0.0,0.9903878385626174,0.0,0.9781488613564902,0.0,0.0,0.0
linear_svc_char_no_punctuation,char,no_punctuation,validation,separators,0.3,0.9185185185185185,0.0,0.9393939393939394,0.0,0.9288389513108616,0.0,0.9903878385626174,0.0,0.9781488613564902,0.0,0.0,0.0
linear_svc_char_no_punctuation,char,no_punctuation,validation,separators,0.4,0.9185185185185185,0.0,0.9393939393939394,0.0,0.9288389513108616,0.0,0.9903878385626174,0.0,0.9781488613564902,0.0,0.0,0.0
linear_svc_char_no_punctuation,char,no_punctuation,validation,separators,0.5,0.9185185185185185,0.0,0.9393939393939394,0.0,0.9288389513108616,0.0,0.9903878385626174,0.0,0.9781488613564902,0.0,0.0,0.0
linear_svc_char_no_punctuation,char,no_punctuation,validation,unicode,0.0,0.9185185185185185,0.0,0.9393939393939394,0.0,0.9288389513108616,0.0,0.9903878385626174,0.0,0.9781488613564902,0.0,0.0,0.0
linear_svc_char_no_punctuation,char,no_punctuation,validation,unicode,0.1,0.9178736012923465,0.0007346162210402057,0.9314393939393939,0.009022536612975501,0.9245893401197657,0.004830266813657139,0.9895883614910164,0.0009183716819421953,0.9744348614646027,0.00215773205227005,0.00967741935483871,0.00851862390784523
linear_svc_char_no_punctuation,char,no_punctuation,validation,unicode,0.2,0.9169961074209653,0.001196965898080472,0.9208333333333332,0.014431663819306998,0.9188655779858379,0.007797686445643849,0.9883954310807187,0.0015202605288167435,0.9703694549841684,0.003197214574538719,0.024193548387096774,0.01334145470755663
linear_svc_char_no_punctuation,char,no_punctuation,validation,unicode,0.3,0.9155371377934836,0.0009372711911256441,0.9034090909090908,0.01095766035379686,0.9094060565987524,0.006012561550776665,0.9865320796460176,0.00258757549967879,0.9639351899287976,0.00414484367769505,0.04395161290322581,0.011246275953471096
linear_svc_char_no_punctuation,char,no_punctuation,validation,unicode,0.4,0.914347209540713,0.0012151540356892493,0.8897727272727274,0.013789456067659868,0.9018495809726288,0.007678189987371308,0.9843523732904265,0.002042562400870725,0.9558144270375528,0.004017491736336904,0.057258064516129026,0.013570400097413397
linear_svc_char_no_punctuation,char,no_punctuation,validation,unicode,0.5,0.9129849491294015,0.001485637351281893,0.8746212121212121,0.01639163385486852,0.8933293869330303,0.00925355807310221,0.9821031107535532,0.002407734161676511,0.948141488478691,0.005303052449613019,0.075,0.014824123635029308
linear_svc_word_char_gentle,word_char,gentle,default,leet,0.0,0.9606299212598424,0.0,0.9242424242424242,0.0,0.9420849420849422,0.0,0.9933963529096272,0.0,0.9822536566876607,0.0,0.0,0.0
linear_svc_word_char_gentle,word_char,gentle,default,leet,0.1,0.9593235174854499,0.0006393493748889526,0.893560606060606,0.014639473849061379,0.9252208155175905,0.008145610535677259,0.9920412644140519,0.0011387524473876036,0.9770047090370092,0.002185690817652068,0.039754098360655736,0.016877034618522777
linear_svc_word_char_gentle,word_char,gentle,default,leet,0.2,0.9584038536310994,0.0008407892695512961,0.8731060606060606,0.01837270213790147,0.9136805471304074,0.010453181895407513,0.9906392464467686,0.0014327347349722842,0.9702646506936569,0.0031517203651990158,0.06147540983606557,0.01733695539034523
linear_svc_word_char_gentle,word_char,gentle,default,leet,0.3,0.9566188171170829,0.0008572699696180431,0.8356060606060606,0.017222849723765626,0.891944965608387,0.010192344043118081,0.9882877447036739,0.0025262396251277625,0.9602330463669695,0.004598529740386654,0.1028688524590164,0.019264360214596158
linear_svc_word_char_gentle,word_char,gentle,default,leet,0.4,0.9541807951293775,0.0012344871986582082,0.7893939393939393,0.022338514522381475,0.8638521610926876,0.013872689954454223,0.9854615010726736,0.0026807236067560745,0.949473690901302,0.00514641478201133,0.15163934426229508,0.023562056608147326
linear_svc_word_char_gentle,word_char,gentle,default,leet,0.5,0.9521505972807421,0.0015594057330632772,0.7545454545454545,0.025825503825054236,0.8416989823399043,0.016682378214520344,0.9808766592920355,0.003167484345786129,0.9349905047372136,0.0057427547110031115,0.19385245901639342,0.025821212822268718
linear_svc_word_char_gentle,word_char,gentle,default,separators,0.0,0.9606299212598424,0.0,0.9242424242424242,0.0,0.9420849420849422,0.0,0.9933963529096272,0.0,0.9822536566876607,0.0,0.0,0.0
linear_svc_word_char_gentle,word_char,gentle,default,separators,0.1,0.9591909967606209,0.000631904312131661,0.8905303030303029,0.014431663819306988,0.923533494083711,0.008039739650102525,0.9916809131134352,0.0010193365456378604,0.975107372573644,0.0021558614366354216,0.04016393442622951,0.014782830809215804
linear_svc_word_char_gentle,word_char,gentle,default,separators,0.2,0.9574198153684599,0.000634087314258975,0.8518939393939394,0.013115840677987373,0.9015329855932379,0.007659214449827795,0.9890402923035666,0.002429776692379194,0.9629986025469746,0.004033658105027381,0.0831967213114754,0.01282989823155617
linear_svc_word_char_gentle,word_char,gentle,default,separators,0.3,0.9549719075485218,0.0010558803570407868,0.8037878787878787,0.01980097678278439,0.8727682403278927,0.012099071871088213,0.9862538549208903,0.0028045052764778316,0.9511423084352808,0.006087034864216666,0.13811475409836066,0.021485813760027637
linear_svc_word_char_gentle,word_char,gentle,default,separators,0.4,0.9510688787250977,0.0016827555339368127,0.7371212121212121,0.026823790401012536,0.8303063251786087,0.017611817487744152,0.981286454143202,0.0031074483080940885,0.9305142342146888,0.006337220234405227,0.20901639344262293,0.028206852525069062
linear_svc_word_char_gentle,word_char,gentle,default,separators,0.5,0.9455602822204396,0.0023137632593934173,0.6590909090909091,0.029185949217456292,0.7764403061383371,0.021146207587315516,0.9749681550013408,0.002927323460888739,0.9065133977903226,0.007243550392109485,0.2905737704918033,0.03083891877873579
linear_svc_word_char_gentle,word_char,gentle,default,unicode,0.0,0.9606299212598424,0.0,0.9242424242424242,0.0,0.9420849420849422,0.0,0.9933963529096272,0.0,0.9822536566876607,0.0,0.0,0.0
linear_svc_word_char_gentle,word_char,gentle,default,unicode,0.1,0.9597710649483167,0.0003945560716866766,0.9037878787878787,0.009229407520117073,0.9309173503898535,0.005083219481499523,0.992358876374363,0.001041439348924495,0.9778803123354033,0.0025605913887679073,0.02377049180327869,0.01026529656989037
linear_svc_word_char_gentle,word_char,gentle,default,unicode,0.2,0.9589237347889386,0.0006045529235337052,0.8844696969696969,0.01365739119493934,0.9201454193970531,0.007649076952793983,0.9905147995441137,0.0011824418903607647,0.9721865349010279,0.0030773556751955387,0.04672131147540984,0.01483059452271642
linear_svc_word_char_gentle,word_char,gentle,default,unicode,0.3,0.9580472920555281,0.0005325596611683084,0.8651515151515152,0.011423288407955322,0.9091982725064398,0.006558000722651256,0.9885265821936177,0.0019956417674953366,0.9646825507658028,0.004365707272614081,0.06885245901639345,0.01043611189936743
linear_svc_word_char_gentle,word_char,gentle,default,unicode,0.4,0.9564426410631143,0.0010067258266463989,0.8321969696969698,0.020309307749105752,0.8898904249895221,0.011996211480218405,0.9852352339769375,0.0028369364223462586,0.9545326667464646,0.005499372740973862,0.10614754098360654,0.020161268649588268
linear_svc_word_char_gentle,word_char,gentle,default,unicode,0.5,0.9548873865588916,0.001128477992718334,0.8022727272727274,0.021129366942885114,0.8718228643597632,0.012918503053962103,0.9818542169482434,0.003155667639808541,0.9424541638979098,0.00643698511508163,0.13934426229508196,0.01917697219231481
linear_svc_word_char_gentle,word_char,gentle,validation,leet,0.0,0.9323308270676691,0.0,0.9393939393939394,0.0,0.9358490566037736,0.0,0.9933963529096272,0.0,0.9822536566876607,0.0,0.0,0.0
linear_svc_word_char_gentle,word_char,gentle,validation,leet,0.1,0.9310152199774884,0.0011836126799220504,0.9204545454545455,0.016939908920452978,0.9256401913060669,0.009156469916230911,0.9920412644140519,0.0011387524473876036,0.9770047090370092,0.002185690817652068,0.0282258064516129,0.014916199822415602
linear_svc_word_char_gentle,word_char,gentle,validation,leet,0.2,0.9299735933460793,0.001046970401955296,0.9056818181818181,0.014431663819307007,0.9176189477320662,0.007947846355657937,0.9906392464467686,0.0014327347349722842,0.9702646506936569,0.0031517203651990158,0.04475806451612903,0.015583956032871807
linear_svc_word_char_gentle,word_char,gentle,validation,leet,0.3,0.9274909690436905,0.001106385025681794,0.8723484848484848,0.014389741686240338,0.899025137706588,0.00815274366703164,0.9882877447036739,0.0025262396251277625,0.9602330463669695,0.004598529740386654,0.0814516129032258,0.014307116263274466
linear_svc_word_char_gentle,word_char,gentle,validation,leet,0.4,0.9248742794419863,0.0015958308801350695,0.8397727272727273,0.019082394749533497,0.8801789602023362,0.011254241523202065,0.9854615010726736,0.0026807236067560745,0.949473690901302,0.00514641478201133,0.1125,0.020007905497110172
linear_svc_word_char_gentle,word_char,gentle,validation,leet,0.5,0.9219679190008367,0.0018829742465680465,0.806060606060606,0.020768894107473377,0.8600116101890419,0.01272084278194898,0.9808766592920355,0.003167484345786129,0.9349905047372136,0.0057427547110031115,0.15,0.022263108111919176
linear_svc_word_char_gentle,word_char,gentle,validation,separators,0.0,0.9323308270676691,0.0,0.9393939393939394,0.0,0.9358490566037736,0.0,0.9933963529096272,0.0,0.9822536566876607,0.0,0.0,0.0
linear_svc_word_char_gentle,word_char,gentle,validation,separators,0.1,0.9308619154493012,0.0009956293971410631,0.9181818181818182,0.014247343817625137,0.9244326440681023,0.007702326943134148,0.9916809131134352,0.0010193365456378604,0.975107372573644,0.0021558614366354216,0.02782258064516129,0.01294427891987702
linear_svc_word_char_gentle,word_char,gentle,validation,separators,0.2,0.9281554790418648,0.0011285653568514932,0.8810606060606061,0.014971014154061869,0.9039418137887083,0.008401007148084828,0.9890402923035666,0.002429776692379194,0.9629986025469746,0.004033658105027381,0.06733870967741937,0.014396555243936819
linear_svc_word_char_gentle,word_char,gentle,validation,separators,0.3,0.9254400601758792,0.0014165982989356553,0.8465909090909092,0.017531395093624474,0.8841845468164076,0.010170128213267732,0.9862538549208903,0.0028045052764778316,0.9511423084352808,0.006087034864216666,0.1060483870967742,0.020144305239260175
linear_svc_word_char_gentle,word_char,gentle,validation,separators,0.4,0.9207993729956261,0.0019280446378701888,0.7931818181818182,0.021157939460255983,0.8521186508012273,0.01298566001986597,0.981286454143202,0.0031074483080940885,0.9305142342146888,0.006337220234405227,0.16008064516129034,0.021300577609431798
linear_svc_word_char_gentle,word_char,gentle,validation,separators,0.5,0.9147172161850451,0.0029751863561227497,0.7321969696969697,0.027178976735267306,0.813121318684104,0.018113411810177907,0.9749681550013408,0.002927323460888739,0.9065133977903226,0.007243550392109485,0.225,0.02667007800806441
linear_svc_word_char_gentle,word_char,gentle,validation,unicode,0.0,0.9323308270676691,0.0,0.9393939393939394,0.0,0.9358490566037736,0.0,0.9933963529096272,0.0,0.9822536566876607,0.0,0.0,0.0
linear_svc_word_char_gentle,word_char,gentle,validation,unicode,0.1,0.931468760682488,0.0009307569743833542,0.9268939393939395,0.013524036744304293,0.9291349726681508,0.007255871745867298,0.992358876374363,0.001041439348924495,0.9778803123354033,0.0025605913887679073,0.020161290322580645,0.01125388249878001
linear_svc_word_char_gentle,word_char,gentle,validation,unicode,0.2,0.9302224342643539,0.0008649726473773146,0.909090909090909,0.012041203246045837,0.9195020512682346,0.006599353399673362,0.9905147995441137,0.0011824418903607647,0.9721865349010279,0.0030773556751955387,0.0407258064516129,0.01346277217862488
linear_svc_word_char_gentle,word_char,gentle,validation,unicode,0.3,0.9291479553178184,0.0010134675952536225,0.8943181818181818,0.013789456067659864,0.9113560495975653,0.0076426941075203834,0.9885265821936177,0.0019956417674953366,0.9646825507658028,0.004365707272614081,0.0592741935483871,0.01289128267310023
linear_svc_word_char_gentle,word_char,gentle,validation,unicode,0.4,0.9273411019383302,0.001222028470272457,0.8704545454545455,0.01591004022382212,0.8979368027723196,0.009008611562709417,0.9852352339769375,0.0028369364223462586,0.9545326667464646,0.005499372740973862,0.08387096774193549,0.013186616333252058
linear_svc_word_char_gentle,word_char,gentle,validation,unicode,0.5,0.9254116118986975,0.0013471170767035358,0.8462121212121213,0.016688401081464938,0.8839720898807688,0.009678310205736092,0.9818542169482434,0.003155667639808541,0.9424541638979098,0.00643698511508163,0.1096774193548387,0.014893234143171593
linear_svc_word_gentle,word,gentle,default,leet,0.0,0.9917355371900827,0.0,0.909090909090909,0.0,0.9486166007905139,0.0,0.9911504424778761,0.0,0.9772197040168586,0.0,0.0,0.0
linear_svc_word_gentle,word,gentle,default,leet,0.1,0.9910225468215623,0.0002928123196762257,0.8371212121212122,0.026868796792394668,0.9073749184165827,0.016090297450262973,0.9898192377312952,0.002003694236013649,0.9717459674193443,0.00485321812201301,0.08291666666666667,0.029428647975016226
linear_svc_word_gentle,word,gentle,default,leet,0.2,0.9900277255519743,0.00042418582299728896,0.7534090909090909,0.03227954042990478,0.8553024598970547,0.020989376678653977,0.9875427393403058,0.0021295337928113724,0.9618576156974127,0.00379496332280463,0.17666666666666667,0.03510635470040826
linear_svc_word_gentle,word,gentle,default,leet,0.3,0.9878554296052524,0.0005505708191897646,0.6174242424242424,0.027970430474155622,0.7595565234192145,0.021425204547766905,0.9830534325556449,0.004286400710388403,0.9417586934534841,0.007530083595157098,0.32541666666666663,0.0296760038529173
linear_svc_word_gentle,word,gentle,default,leet,0.4,0.9854366868936373,0.0007861195316060033,0.5140151515151514,0.02728988915990792,0.6752201678940288,0.023976378690973646,0.9769358407079647,0.004756820460518162,0.9170003120322006,0.009735451503208882,0.4379166666666666,0.02892759159618296
linear_svc_word_gentle,word,gentle,default,leet,0.5,0.9817011248306082,0.001488085166735302,0.40909090909090906,0.034672950880876664,0.5767385147443326,0.034490108887063387,0.9677816606328774,0.005930644969825687,0.8866960621685317,0.014826769338751553,0.5541666666666667,0.037316803984922424
linear_svc_word_gentle,word,gentle,default,separators,0.0,0.9917355371900827,0.0,0.909090909090909,0.0,0.9486166007905139,0.0,0.9911504424778761,0.0,0.9772197040168586,0.0,0.0,0.0
linear_svc_word_gentle,word,gentle,default,separators,0.1,0.9906913871123338,0.0002492394466259441,0.8068181818181819,0.02163790040066211,0.889202301187764,0.013287080173123328,0.988778199584339,0.001614353123134583,0.9672091781137112,0.003482126191905502,0.11583333333333332,0.02386303510546059
linear_svc_word_gentle,word,gentle,default,separators,0.2,0.9885990378718168,0.00046639052022956896,0.6579545454545455,0.026955782837982774,0.7897821368420999,0.019646689064760196,0.9803084774738536,0.004824342207843939,0.9383012907027635,0.008886046177153982,0.2808333333333334,0.02862594006219611
linear_svc_word_gentle,word,gentle,default,separators,0.3,0.9839372835435475,0.001045539298877684,0.46590909090909094,0.029952114893657688,0.6318495440443364,0.028030901443249982,0.9739466009654063,0.005907588446907341,0.9046014620706714,0.010028719197558005,0.4920833333333333,0.031930457146230315
linear_svc_word_gentle,word,gentle,default,separators,0.4,0.977389088893308,0.0016492381722534942,0.32916666666666666,0.02451439841285619,0.4920096566258979,0.027621902528996375,0.9556403358809332,0.007323412756550744,0.8423826028011758,0.012655188073251937,0.6425,0.026199303593262366
linear_svc_word_gentle,word,gentle,default,separators,0.5,0.9661716608463727,0.004900216080075933,0.22045454545454546,0.029992427314180725,0.35809575448493736,0.040608174173090844,0.9371605993563958,0.00993431671458354,0.7789828756014114,0.01997194477615787,0.76,0.031715106072916964
linear_svc_word_gentle,word,gentle,default,unicode,0.0,0.9917355371900827,0.0,0.909090909090909,0.0,0.9486166007905139,0.0,0.9911504424778761,0.0,0.9772197040168586,0.0,0.0,0.0
linear_svc_word_gentle,word,gentle,default,unicode,0.1,0.991233522448281,0.00014431078767729685,0.8568181818181818,0.014098152860177036,0.9190796008934973,0.008207835151125118,0.9903193299141861,0.001283987362188916,0.973405824684618,0.0032322732503194318,0.06208333333333334,0.016103421233967533
linear_svc_word_gentle,word,gentle,default,unicode,0.2,0.9907411378410963,0.0001958085024919303,0.8109848484848484,0.017112882760292127,0.8918038431367877,0.010479698079816852,0.9883114189460981,0.001947842363556222,0.967433978315527,0.0046334269700397425,0.11333333333333333,0.017184924714030627
linear_svc_word_gentle,word,gentle,default,unicode,0.3,0.9899563917341275,0.00029898522542898146,0.7473484848484848,0.022563873005085097,0.8515359808550051,0.014735367638711696,0.9866382994770715,0.0021054575985269457,0.9582938697194784,0.004053372279400916,0.185,0.02222953096184502
linear_svc_word_gentle,word,gentle,default,unicode,0.4,0.988449871958512,0.0006001577799585826,0.65,0.03393327012421999,0.7837927899281414,0.024946976262568893,0.9824071047868062,0.0031982882429945412,0.9427959774352381,0.0062938576769400794,0.29250000000000004,0.03813066178839613
linear_svc_word_gentle,word,gentle,default,unicode,0.5,0.986285866075695,0.0007082468734062333,0.5462121212121211,0.02822842607144142,0.7026635113339339,0.023653631913076612,0.9770554689595066,0.00443586656088184,0.9225206626787221,0.008042823142079263,0.40625,0.031165822298347343
linear_svc_word_gentle,word,gentle,validation,leet,0.0,0.9253731343283583,0.0,0.9393939393939394,0.0,0.9323308270676691,0.0,0.9911504424778761,0.0,0.9772197040168586,0.0,0.0,0.0
linear_svc_word_gentle,word,gentle,validation,leet,0.1,0.9241043772711042,0.0013615004198663438,0.9227272727272726,0.017826132826581256,0.9233452754321612,0.00962561762786788,0.9898192377312952,0.002003694236013649,0.9717459674193443,0.00485321812201301,0.021774193548387097,0.015501369568964212
linear_svc_word_gentle,word,gentle,validation,leet,0.2,0.9216682332693505,0.0013880225137603136,0.8916666666666666,0.01704656207637059,0.9063522967423715,0.009500820144997311,0.9875427393403058,0.0021295337928113724,0.9618576156974127,0.00379496332280463,0.0560483870967742,0.01802806017025632
linear_svc_word_gentle,word,gentle,validation,leet,0.3,0.9168763001695375,0.0016883295589415117,0.8359848484848484,0.018601450680671414,0.8744779669816125,0.010926091001589864,0.9830534325556449,0.004286400710388403,0.9417586934534841,0.007530083595157098,0.1157258064516129,0.01873567510554533
linear_svc_word_gentle,word,gentle,validation,leet,0.4,0.9104509673882799,0.0031491587201817346,0.7712121212121212,0.029351076131857754,0.8348295359297939,0.018630082872061103,0.9769358407079647,0.004756820460518162,0.9170003120322006,0.009735451503208882,0.1879032258064516,0.033312560845956574
linear_svc_word_gentle,word,gentle,validation,leet,0.5,0.9025113260368457,0.0035083876405757435,0.7022727272727273,0.02749115085587727,0.7896677027989578,0.018854341830332168,0.9677816606328774,0.005930644969825687,0.8866960621685317,0.014826769338751553,0.2608870967741935,0.026718164010221826
linear_svc_word_gentle,word,gentle,validation,separators,0.0,0.9253731343283583,0.0,0.9393939393939394,0.0,0.9323308270676691,0.0,0.9911504424778761,0.0,0.9772197040168586,0.0,0.0,0.0
linear_svc_word_gentle,word,gentle,validation,separators,0.1,0.9234210364168908,0.0008711247864315602,0.9136363636363637,0.011101440864621918,0.9184750240803166,0.006076191129191553,0.988778199584339,0.001614353123134583,0.9672091781137112,0.003482126191905502,0.029032258064516127,0.012103846263251321
linear_svc_word_gentle,word,gentle,validation,separators,0.2,0.917358428545106,0.002400597656564478,0.8416666666666666,0.026231681355974763,0.8777128714506104,0.015466295692970788,0.9803084774738536,0.004824342207843939,0.9383012907027635,0.008886046177153982,0.10806451612903226,0.026086133011732075
linear_svc_word_gentle,word,gentle,validation,separators,0.3,0.9072001342029674,0.0027581755634600593,0.7412878787878788,0.024489742235219106,0.8157231384433763,0.015894071179110698,0.9739466009654063,0.005907588446907341,0.9046014620706714,0.010028719197558005,0.21491935483870966,0.026200697168608802
linear_svc_word_gentle,word,gentle,validation,separators,0.4,0.8900070956206392,0.004356834621435679,0.6140151515151515,0.027201195399705776,0.726428933241834,0.020531087260835995,0.9556403358809332,0.007323412756550744,0.8423826028011758,0.012655188073251937,0.3504032258064516,0.028718713406048986
linear_svc_word_gentle,word,gentle,validation,separators,0.5,0.8654755115107706,0.00833868458195779,0.4893939393939394,0.03409312415274119,0.6247388043551173,0.030177751635709595,0.9371605993563958,0.00993431671458354,0.7789828756014114,0.01997194477615787,0.4818548387096774,0.036525365986937945
linear_svc_word_gentle,word,gentle,validation,unicode,0.0,0.9253731343283583,0.0,0.9393939393939394,0.0,0.9323308270676691,0.0,0.9911504424778761,0.0,0.9772197040168586,0.0,0.0,0.0
linear_svc_word_gentle,word,gentle,validation,unicode,0.1,0.9245461269647868,0.0009254055500646191,0.9284090909090909,0.012159777167157219,0.9264411494773318,0.006554339851950512,0.9903193299141861,0.001283987362188916,0.973405824684618,0.0032322732503194318,0.013306451612903225,0.012068444472706458
linear_svc_word_gentle,word,gentle,validation,unicode,0.2,0.9236850378383987,0.0008121286030667943,0.9170454545454545,0.010564683471442534,0.9203285221575387,0.005723431023747058,0.9883114189460981,0.001947842363556222,0.967433978315527,0.0046334269700397425,0.027016129032258064,0.01148718738476985
linear_svc_word_gentle,word,gentle,validation,unicode,0.3,0.9215202057830011,0.0012087338027909301,0.8897727272727274,0.014844374980483674,0.9053173967958934,0.008273956728935505,0.9866382994770715,0.0021054575985269457,0.9582938697194784,0.004053372279400916,0.057258064516129026,0.013570400097413398
linear_svc_word_gentle,word,gentle,validation,unicode,0.4,0.9183869490422956,0.0019994977179548707,0.8530303030303031,0.022978410436519835,0.8843750678235699,0.013225789920769455,0.9824071047868062,0.0031982882429945412,0.9427959774352381,0.0062938576769400794,0.09959677419354838,0.022089461320738125
linear_svc_word_gentle,word,gentle,validation,unicode,0.5,0.9138163137069562,0.0021659451038922167,0.8037878787878787,0.02183246475610059,0.8551527787289162,0.013368758415497485,0.9770554689595066,0.00443586656088184,0.9225206626787221,0.008042823142079263,0.1528225806451613,0.022120431488517216
linear_svc_word_legacy,word,legacy,default,leet,0.0,0.9743589743589742,0.0,0.8636363636363636,0.0,0.9156626506024097,0.0,0.9893654465004023,0.0,0.9752084326643289,0.0,0.0,0.0
linear_svc_word_legacy,word,legacy,default,leet,0.1,0.9731585669434164,0.000744246645942126,0.8246212121212121,0.023738151377989177,0.8925891399854166,0.014157276587544891,0.9873592115848753,0.0021122381987723126,0.9664428181249359,0.0051278755624816095,0.05745614035087719,0.02119737102415491
linear_svc_word_legacy,word,legacy,default,leet,0.2,0.9698951380379525,0.001197975937887346,0.7333333333333333,0.029759885181793604,0.8348837376033484,0.019819965149119687,0.9840980323142935,0.002868957218693627,0.9538356653090412,0.004708686594929393,0.1631578947368421,0.03501839874460028
linear_svc_word_legacy,word,legacy,default,leet,0.3,0.963157907647944,0.002197849010082172,0.5962121212121212,0.03638190662765252,0.7359381500227757,0.028510002709394442,0.9774428466076696,0.004691990983090327,0.9268982033605504,0.007704878989856037,0.318859649122807,0.04087489442255297
linear_svc_word_legacy,word,legacy,default,leet,0.4,0.9542282527991898,0.0018910977383283026,0.4746212121212121,0.02075070608917824,0.63370065730116,0.01885819778839149,0.9682597546259052,0.005773691869762029,0.8951780349810783,0.009179704124522563,0.46052631578947373,0.018985120216945598
linear_svc_word_legacy,word,legacy,default,leet,0.5,0.93941367562067,0.005615627416965523,0.35568181818181815,0.03763678675664327,0.5150507690531019,0.03954633697328657,0.9547608272995441,0.008513862995180536,0.8513558627311951,0.018826617510595976,0.6021929824561403,0.04223922594907239
linear_svc_word_legacy,word,legacy,default,separators,0.0,0.9743589743589742,0.0,0.8636363636363636,0.0,0.9156626506024097,0.0,0.9893654465004023,0.0,0.9752084326643289,0.0,0.0,0.0
linear_svc_word_legacy,word,legacy,default,separators,0.1,0.9743589743589742,0.0,0.8636363636363636,0.0,0.9156626506024097,0.0,0.9893654465004023,0.0,0.9752084326643289,0.0,0.0,0.0
linear_svc_word_legacy,word,legacy,default,separators,0.2,0.9743589743589742,0.0,0.8636363636363636,0.0,0.9156626506024097,0.0,0.9893654465004023,0.0,0.9752084326643289,0.0,0.0,0.0
linear_svc_word_legacy,word,legacy,default,separators,0.3,0.9743589743589742,0.0,0.8636363636363636,0.0,0.9156626506024097,0.0,0.9893654465004023,0.0,0.9752084326643289,0.0,0.0,0.0
linear_svc_word_legacy,word,legacy,default,separators,0.4,0.9743589743589742,0.0,0.8636363636363636,0.0,0.9156626506024097,0.0,0.9893654465004023,0.0,0.9752084326643289,0.0,0.0,0.0
linear_svc_word_legacy,word,legacy,default,separators,0.5,0.9743589743589742,0.0,0.8636363636363636,0.0,0.9156626506024097,0.0,0.9893654465004023,0.0,0.9752084326643289,0.0,0.0,0.0
linear_svc_word_legacy,word,legacy,default,unicode,0.0,0.9743589743589742,0.0,0.8636363636363636,0.0,0.9156626506024097,0.0,0.9893654465004023,0.0,0.9752084326643289,0.0,0.0,0.0
linear_svc_word_legacy,word,legacy,default,unicode,0.1,0.9735934200553705,0.0005228430736584646,0.8382575757575758,0.016899740459157164,0.9007887836285372,0.01002071006119438,0.9876177426924109,0.0021694438586888666,0.9687305418846804,0.003940659458433898,0.04254385964912281,0.018721984626735143
linear_svc_word_legacy,word,legacy,default,unicode,0.2,0.9718031855593076,0.0006582618839761572,0.7837121212121212,0.018795305163951965,0.8675706381841544,0.011787950916401469,0.9846444254491822,0.002666747236358652,0.959467466091206,0.003711796061009591,0.1057017543859649,0.020811756820288716
linear_svc_word_legacy,word,legacy,default,unicode,0.3,0.9678932872892732,0.0015794091134303096,0.6867424242424243,0.0343469034586499,0.8029951259921762,0.02418642539621064,0.9818215339233038,0.0037511681012943727,0.9441087093308038,0.006242794024404761,0.21491228070175436,0.03759508418566213
linear_svc_word_legacy,word,legacy,default,unicode,0.4,0.9599296223111639,0.002902687315053279,0.5473484848484849,0.04213525118005336,0.6963421387745026,0.03466430740305642,0.9753037845266828,0.004644878738469767,0.9155072878050765,0.007449115044274882,0.37543859649122807,0.043498047705816535
linear_svc_word_legacy,word,legacy,default,unicode,0.5,0.944625335444244,0.0060287312796751405,0.3928030303030303,0.049906575034707995,0.5533467146096089,0.04913831150905332,0.9661261397157415,0.004633425770060589,0.8744098887446986,0.01092176716381384,0.5521929824561403,0.05681118991029129
linear_svc_word_legacy,word,legacy,validation,leet,0.0,0.9393939393939394,0.0,0.9393939393939394,0.0,0.9393939393939394,0.0,0.9893654465004023,0.0,0.9752084326643289,0.0,0.0,0.0
linear_svc_word_legacy,word,legacy,validation,leet,0.1,0.9375765949250701,0.0011771710137274043,0.9106060606060605,0.018161871035733915,0.9238175561808492,0.009955150527742986,0.9873592115848753,0.0021122381987723126,0.9664428181249359,0.0051278755624816095,0.038306451612903226,0.018103848460975888
linear_svc_word_legacy,word,legacy,validation,leet,0.2,0.9351807908185428,0.0010376756078795558,0.8746212121212121,0.014844374980483669,0.9038335698640225,0.008442204394816256,0.9840980323142935,0.002868957218693627,0.9538356653090412,0.004708686594929393,0.07661290322580645,0.016651141974476254
linear_svc_word_legacy,word,legacy,validation,leet,0.3,0.9306820342502287,0.0020065846579642374,0.8143939393939394,0.024762659577710126,0.8684975761043747,0.015090442888070028,0.9774428466076696,0.004691990983090327,0.9268982033605504,0.007704878989856037,0.14193548387096774,0.02446088852919855
linear_svc_word_legacy,word,legacy,validation,leet,0.4,0.9230751094116849,0.002462492233639101,0.728030303030303,0.02553142108967393,0.8138334556584865,0.016842917547392033,0.9682597546259052,0.005773691869762029,0.8951780349810783,0.009179704124522563,0.2350806451612903,0.030431634802222773
linear_svc_word_legacy,word,legacy,validation,leet,0.5,0.9118453514511244,0.004668447182417493,0.6287878787878788,0.037758981185810885,0.7438074451383347,0.02766052582395283,0.9547608272995441,0.008513862995180536,0.8513558627311951,0.018826617510595976,0.3407258064516129,0.03745079105132067
linear_svc_word_legacy,word,legacy,validation,separators,0.0,0.9393939393939394,0.0,0.9393939393939394,0.0,0.9393939393939394,0.0,0.9893654465004023,0.0,0.9752084326643289,0.0,0.0,0.0
linear_svc_word_legacy,word,legacy,validation,separators,0.1,0.9393939393939394,0.0,0.9393939393939394,0.0,0.9393939393939394,0.0,0.9893654465004023,0.0,0.9752084326643289,0.0,0.0,0.0
linear_svc_word_legacy,word,legacy,validation,separators,0.2,0.9393939393939394,0.0,0.9393939393939394,0.0,0.9393939393939394,0.0,0.9893654465004023,0.0,0.9752084326643289,0.0,0.0,0.0
linear_svc_word_legacy,word,legacy,validation,separators,0.3,0.9393939393939394,0.0,0.9393939393939394,0.0,0.9393939393939394,0.0,0.9893654465004023,0.0,0.9752084326643289,0.0,0.0,0.0
linear_svc_word_legacy,word,legacy,validation,separators,0.4,0.9393939393939394,0.0,0.9393939393939394,0.0,0.9393939393939394,0.0,0.9893654465004023,0.0,0.9752084326643289,0.0,0.0,0.0
linear_svc_word_legacy,word,legacy,validation,separators,0.5,0.9393939393939394,0.0,0.9393939393939394,0.0,0.9393939393939394,0.0,0.9893654465004023,0.0,0.9752084326643289,0.0,0.0,0.0
linear_svc_word_legacy,word,legacy,validation,unicode,0.0,0.9393939393939394,0.0,0.9393939393939394,0.0,0.9393939393939394,0.0,0.9893654465004023,0.0,0.9752084326643289,0.0,0.0,0.0
linear_svc_word_legacy,word,legacy,validation,unicode,0.1,0.9382860847381561,0.0007803884278648946,0.921590909090909,0.01235690899626619,0.9298285395452031,0.006687672183829453,0.9876177426924109,0.0021694438586888666,0.9687305418846804,0.003940659458433898,0.025,0.01196161046305752
linear_svc_word_legacy,word,legacy,validation,unicode,0.2,0.9369001186848515,0.0007434968172162792,0.9,0.01142328840795533,0.9180487298823499,0.006275057850284939,0.9846444254491822,0.002666747236358652,0.959467466091206,0.003711796061009591,0.050806451612903224,0.011434921717691908
linear_svc_word_legacy,word,legacy,validation,unicode,0.3,0.9338471808847064,0.0016098165598052608,0.8560606060606061,0.02225723403022786,0.8931387456057156,0.012862859761465539,0.9818215339233038,0.0037511681012943727,0.9441087093308038,0.006242794024404761,0.09596774193548388,0.021560131199798823
linear_svc_word_legacy,word,legacy,validation,unicode,0.4,0.9282416605613595,0.002376580116277856,0.7848484848484849,0.027633621397848238,0.8503284813075853,0.01731161492796071,0.9753037845266828,0.004644878738469767,0.9155072878050765,0.007449115044274882,0.17016129032258065,0.02876932435371224
linear_svc_word_legacy,word,legacy,validation,unicode,0.5,0.9189278346776497,0.0034688991473073288,0.6882575757575757,0.03216705149038735,0.7867021251726113,0.022268470375789415,0.9661261397157415,0.004633425770060589,0.8744098887446986,0.01092176716381384,0.27298387096774196,0.03473856495718436
lr_word_legacy,word,legacy,default,leet,0.0,0.909090909090909,0.0,0.909090909090909,0.0,0.909090909090909,0.0,0.9895833333333334,0.0,0.9709228047489059,0.0,0.0,0.0
lr_word_legacy,word,legacy,default,leet,0.1,0.906729688626395,0.0017160198971180997,0.884090909090909,0.01807852102708354,0.8951943554770553,0.01007181356891695,0.9862253620273531,0.0018483854013511773,0.9565558520140426,0.005161700105601348,0.04,0.01285319720390896
lr_word_legacy,word,legacy,default,leet,0.2,0.9026510683809912,0.001620953775815273,0.8431818181818181,0.015369248933140399,0.8718473439768248,0.009014720171642877,0.9825931466210781,0.0030091918038027,0.937659058482369,0.006152593551493021,0.08249999999999999,0.015507968146194777
lr_word_legacy,word,legacy,default,leet,0.3,0.8929459338779211,0.0033899583268412474,0.759090909090909,0.026992177430752808,0.8204007374521529,0.017179293015561835,0.9735502145347278,0.005033974631336145,0.9016236032044622,0.008925200439087132,0.17375000000000002,0.02666598135084305
lr_word_legacy,word,legacy,default,leet,0.4,0.8809721924516701,0.004477515569085262,0.6738636363636363,0.028289888140668785,0.7633795912037374,0.019942435607476383,0.9598334003754359,0.005227371822603116,0.8569808586363987,0.00983191061200788,0.26958333333333334,0.03292235682552766
lr_word_legacy,word,legacy,default,leet,0.5,0.8629358720670824,0.008915017541325388,0.575,0.04298866957306397,0.6894841050305043,0.03385734625872608,0.9453732569053365,0.00799734896715277,0.804808824007693,0.0182696439203828,0.3783333333333333,0.04639015826256395
lr_word_legacy,word,legacy,default,separators,0.0,0.909090909090909,0.0,0.909090909090909,0.0,0.909090909090909,0.0,0.9895833333333334,0.0,0.9709228047489059,0.0,0.0,0.0
lr_word_legacy,word,legacy,default,separators,0.1,0.909090909090909,0.0,0.909090909090909,0.0,0.909090909090909,0.0,0.9895833333333334,0.0,0.9709228047489059,0.0,0.0,0.0
lr_word_legacy,word,legacy,default,separators,0.2,0.909090909090909,0.0,0.909090909090909,0.0,0.909090909090909,0.0,0.9895833333333334,0.0,0.9709228047489059,0.0,0.0,0.0
lr_word_legacy,word,legacy,default,separators,0.3,0.909090909090909,0.0,0.909090909090909,0.0,0.909090909090909,0.0,0.9895833333333334,0.0,0.9709228047489059,0.0,0.0,0.0
lr_word_legacy,word,legacy,default,separators,0.4,0.909090909090909,0.0,0.909090909090909,0.0,0.909090909090909,0.0,0.9895833333333334,0.0,0.9709228047489059,0.0,0.0,0.0
lr_word_legacy,word,legacy,default,separators,0.5,0.909090909090909,0.0,0.909090909090909,0.0,0.909090909090909,0.0,0.9895833333333334,0.0,0.9709228047489059,0.0,0.0,0.0
lr_word_legacy,word,legacy,default,unicode,0.0,0.909090909090909,0.0,0.909090909090909,0.0,0.909090909090909,0.0,0.9895833333333334,0.0,0.9709228047489059,0.0,0.0,0.0
lr_word_legacy,word,legacy,default,unicode,0.1,0.9073636969459402,0.0008810362867759523,0.8905303030303029,0.00935133364372912,0.8988488318511729,0.005191767281876444,0.9872326696165192,0.0018627444082372543,0.9604301389766837,0.004335430688605576,0.02708333333333333,0.011430888184142236
lr_word_legacy,word,legacy,default,unicode,0.2,0.905126126824015,0.0011071942477730488,0.8674242424242424,0.01112861701511392,0.8858458175941657,0.006346251662020071,0.9838382441673371,0.0022826006207570058,0.946252256560609,0.004750540960080537,0.05125,0.01437666847677959
lr_word_legacy,word,legacy,default,unicode,0.3,0.9006537035546079,0.002306788433523023,0.8246212121212121,0.02075070608917824,0.8608563669850028,0.012478528616165241,0.9801182455081792,0.0032514063773784294,0.9247990105294808,0.007563066699778111,0.10041666666666667,0.02154062529295972
lr_word_legacy,word,legacy,default,unicode,0.4,0.8901644666811379,0.0033593419525236104,0.7375,0.024978241945399295,0.8064994033696002,0.01640205439979094,0.9724312399436845,0.004077393792305146,0.8890726849794526,0.007599177796072167,0.19583333333333333,0.02572060861648378
lr_word_legacy,word,legacy,default,unicode,0.5,0.8744524234318675,0.005514733731319432,0.634469696969697,0.0306868633495478,0.7350700958945204,0.022819975490659335,0.9622720568517028,0.004287122541543647,0.8382608134611165,0.01477832860420453,0.30874999999999997,0.032044719301122286
lr_word_legacy,word,legacy,validation,leet,0.0,0.9365079365079365,0.0,0.8939393939393939,0.0,0.9147286821705427,0.0,0.9895833333333334,0.0,0.9709228047489059,0.0,0.0,0.0
lr_word_legacy,word,legacy,validation,leet,0.1,0.9337870708573442,0.0010308088407925014,0.8549242424242424,0.014178271820390014,0.892566309929879,0.008216730270930932,0.9862253620273531,0.0018483854013511773,0.9565558520140426,0.005161700105601348,0.04576271186440678,0.01439234203371502
lr_word_legacy,word,legacy,validation,leet,0.2,0.9291716032130104,0.002169289265409045,0.7958333333333333,0.026297810541984528,0.8571585407926268,0.016164125587403502,0.9825931466210781,0.0030091918038027,0.937659058482369,0.006152593551493021,0.11567796610169492,0.027532936007690616
lr_word_legacy,word,legacy,validation,leet,0.3,0.9199714940793076,0.0030573739172062237,0.6977272727272728,0.02833523094055689,0.7933231611167143,0.019617726035082193,0.9735502145347278,0.005033974631336145,0.9016236032044622,0.008925200439087132,0.22838983050847456,0.031164883174836844
lr_word_legacy,word,legacy,validation,leet,0.4,0.908307873273959,0.003236424114533045,0.6011363636363637,0.0229619726273938,0.7232683523358291,0.017745499353592195,0.9598334003754359,0.005227371822603116,0.8569808586363987,0.00983191061200788,0.3360169491525424,0.02739530487329595
lr_word_legacy,word,legacy,validation,leet,0.5,0.8876993108412847,0.008870584049342382,0.48219696969696973,0.04194844549739784,0.6241236510298267,0.03752221226643466,0.9453732569053365,0.00799734896715277,0.804808824007693,0.0182696439203828,0.4669491525423729,0.0457527990056607
lr_word_legacy,word,legacy,validation,separators,0.0,0.9365079365079365,0.0,0.8939393939393939,0.0,0.9147286821705427,0.0,0.9895833333333334,0.0,0.9709228047489059,0.0,0.0,0.0
lr_word_legacy,word,legacy,validation,separators,0.1,0.9365079365079365,0.0,0.8939393939393939,0.0,0.9147286821705427,0.0,0.9895833333333334,0.0,0.9709228047489059,0.0,0.0,0.0
lr_word_legacy,word,legacy,validation,separators,0.2,0.9365079365079365,0.0,0.8939393939393939,0.0,0.9147286821705427,0.0,0.9895833333333334,0.0,0.9709228047489059,0.0,0.0,0.0
lr_word_legacy,word,legacy,validation,separators,0.3,0.9365079365079365,0.0,0.8939393939393939,0.0,0.9147286821705427,0.0,0.9895833333333334,0.0,0.9709228047489059,0.0,0.0,0.0
lr_word_legacy,word,legacy,validation,separators,0.4,0.9365079365079365,0.0,0.8939393939393939,0.0,0.9147286821705427,0.0,0.9895833333333334,0.0,0.9709228047489059,0.0,0.0,0.0
lr_word_legacy,word,legacy,validation,separators,0.5,0.9365079365079365,0.0,0.8939393939393939,0.0,0.9147286821705427,0.0,0.9895833333333334,0.0,0.9709228047489059,0.0,0.0,0.0
lr_word_legacy,word,legacy,validation,unicode,0.0,0.9365079365079365,0.0,0.8939393939393939,0.0,0.9147286821705427,0.0,0.9895833333333334,0.0,0.9709228047489059,0.0,0.0,0.0
lr_word_legacy,word,legacy,validation,unicode,0.1,0.9349524059708738,0.0006927818617403662,0.8712121212121213,0.009831601280652276,0.9019336448603885,0.00561339725799638,0.9872326696165192,0.0018627444082372543,0.9604301389766837,0.004335430688605576,0.030508474576271188,0.012110360043921645
lr_word_legacy,word,legacy,validation,unicode,0.2,0.932152261976063,0.0012708276540067426,0.8329545454545455,0.016574888669789917,0.8796940560111383,0.009849405940763832,0.9838382441673371,0.0022826006207570058,0.946252256560609,0.004750540960080537,0.07457627118644068,0.019167890718433524
lr_word_legacy,word,legacy,validation,unicode,0.3,0.9269434726420889,0.0015270881785118917,0.7693181818181818,0.017462339600844413,0.8407197572626967,0.011026114400890652,0.9801182455081792,0.0032514063773784294,0.9247990105294808,0.007563066699778111,0.14491525423728813,0.018008802536762843
lr_word_legacy,word,legacy,validation,unicode,0.4,0.9166246458093326,0.0034107310949073343,0.6674242424242424,0.028967791706615054,0.7721370382324058,0.02080096392922694,0.9724312399436845,0.004077393792305146,0.8890726849794526,0.007599177796072167,0.25889830508474576,0.03055242646317087
lr_word_legacy,word,legacy,validation,unicode,0.5,0.9002141195826393,0.006085926707981966,0.5488636363636363,0.036578561420248484,0.681394656356356,0.030042487981364017,0.9622720568517028,0.004287122541543647,0.8382608134611165,0.01477832860420453,0.39110169491525426,0.03929739838577014
nb_word_legacy,word,legacy,default,leet,0.0,0.9741379310344828,0.0,0.8560606060606061,0.0,0.9112903225806452,0.0,0.9863988334674175,0.0,0.9611459948182851,0.0,0.0,0.0
nb_word_legacy,word,legacy,default,leet,0.1,0.9731564397677694,0.0005334343804471527,0.8242424242424242,0.016597653257732343,0.8924493686771908,0.010015063171016482,0.9850902554304103,0.002409214942111962,0.9570180119072409,0.005660261990824273,0.04557522123893805,0.01822122321645822
nb_word_legacy,word,legacy,default,leet,0.2,0.9720537264030475,0.0006233395258366153,0.7909090909090909,0.018294441196869567,0.8720718315776717,0.011335209847939393,0.9844305192410834,0.002727379291247661,0.9511899753506163,0.00557988951269765,0.08805309734513275,0.018266409208263414
nb_word_legacy,word,legacy,default,leet,0.3,0.9698771990852615,0.0010040603922491069,0.7325757575757577,0.025790390955213013,0.8344637624777367,0.01693168158089208,0.9826323243496915,0.0029822217005463455,0.9397329627509083,0.006260218936433707,0.16106194690265488,0.026094547937649145
nb_word_legacy,word,legacy,default,leet,0.4,0.967314737749945,0.0011970014923695007,0.6734848484848485,0.0251739873859243,0.7938509910780112,0.017983562855617453,0.9821022727272727,0.0026126937205435004,0.930352344175853,0.007464808226854013,0.23185840707964603,0.027925780627483392
nb_word_legacy,word,legacy,default,leet,0.5,0.9650437734847322,0.0013997892555638232,0.6284090909090909,0.02559935927711795,0.7608990736542096,0.019332055387836805,0.9812738837489944,0.0033921321756275264,0.9193652785913946,0.009873227467372401,0.2902654867256637,0.02879776240346385
nb_word_legacy,word,legacy,default,separators,0.0,0.9741379310344828,0.0,0.8560606060606061,0.0,0.9112903225806452,0.0,0.9863988334674175,0.0,0.9611459948182851,0.0,0.0,0.0
nb_word_legacy,word,legacy,default,separators,0.1,0.9741379310344828,0.0,0.8560606060606061,0.0,0.9112903225806452,0.0,0.9863988334674175,0.0,0.9611459948182851,0.0,0.0,0.0
nb_word_legacy,word,legacy,default,separators,0.2,0.9741379310344828,0.0,0.8560606060606061,0.0,0.9112903225806452,0.0,0.9863988334674175,0.0,0.9611459948182851,0.0,0.0,0.0
nb_word_legacy,word,legacy,default,separators,0.3,0.9741379310344828,0.0,0.8560606060606061,0.0,0.9112903225806452,0.0,0.9863988334674175,0.0,0.9611459948182851,0.0,0.0,0.0
nb_word_legacy,word,legacy,default,separators,0.4,0.9741379310344828,0.0,0.8560606060606061,0.0,0.9112903225806452,0.0,0.9863988334674175,0.0,0.9611459948182851,0.0,0.0,0.0
nb_word_legacy,word,legacy,default,separators,0.5,0.9741379310344828,0.0,0.8560606060606061,0.0,0.9112903225806452,0.0,0.9863988334674175,0.0,0.9611459948182851,0.0,0.0,0.0
nb_word_legacy,word,legacy,default,unicode,0.0,0.9741379310344828,0.0,0.8560606060606061,0.0,0.9112903225806452,0.0,0.9863988334674175,0.0,0.9611459948182851,0.0,0.0,0.0
nb_word_legacy,word,legacy,default,unicode,0.1,0.9731717387346162,0.00043005344452120507,0.8246212121212121,0.013745575427938648,0.892704042192719,0.008191913916872445,0.9850408118798606,0.0025029606637633262,0.9560961301647225,0.003269263824535776,0.04203539823008849,0.014884491086422723
nb_word_legacy,word,legacy,default,unicode,0.2,0.9719595417469531,0.0006889711536270026,0.7882575757575758,0.020039802595757827,0.8703981318738109,0.012466325140114391,0.9843171761866453,0.0027902694060614824,0.9514300915378247,0.0045760618523729485,0.08628318584070796,0.02007257730020167
nb_word_legacy,word,legacy,default,unicode,0.3,0.9699684940666315,0.0007188279188353151,0.734469696969697,0.018306820429951933,0.8358365837978997,0.012069679464317565,0.9821999027889514,0.003919895396373822,0.9400270619418052,0.00623111000303161,0.14778761061946905,0.01748826432155902
nb_word_legacy,word,legacy,default,unicode,0.4,0.9674668881844056,0.0012755687190566581,0.6768939393939394,0.02772910287577823,0.7962204079403635,0.019543792662299077,0.978267673974256,0.0045600904238641575,0.923273137690828,0.011315044337391708,0.21548672566371682,0.028894213654691484
nb_word_legacy,word,legacy,default,unicode,0.5,0.963640878914411,0.0017882890293875295,0.6037878787878788,0.030807209267703008,0.7420030129401883,0.023806822286148055,0.9740195092518101,0.0042550903888650075,0.9005305645558606,0.013014638312483236,0.3026548672566372,0.03428621282659489
nb_word_legacy,word,legacy,validation,leet,0.0,0.9444444444444444,0.0,0.9015151515151516,0.0,0.9224806201550388,0.0,0.9863988334674175,0.0,0.9611459948182851,0.0,0.0,0.0
nb_word_legacy,word,legacy,validation,leet,0.1,0.9430970569235827,0.0009609168480019145,0.8791666666666667,0.01582914522267384,0.9099483380560995,0.008905361545225638,0.9850902554304103,0.002409214942111962,0.9570180119072409,0.005660261990824273,0.0365546218487395,0.014751619027069857
nb_word_legacy,word,legacy,validation,leet,0.2,0.9417876042017268,0.0012252283593793124,0.8583333333333334,0.019212543829844757,0.8980314688333623,0.011066415924292777,0.9844305192410834,0.002727379291247661,0.9511899753506163,0.00557988951269765,0.06470588235294118,0.022499081657272876
nb_word_legacy,word,legacy,validation,leet,0.3,0.9392577547335048,0.0019203092371798663,0.8208333333333334,0.027510372558869064,0.8758561115445641,0.016523585664130973,0.9826323243496915,0.0029822217005463455,0.9397329627509083,0.006260218936433707,0.11134453781512606,0.030344715474616032
nb_word_legacy,word,legacy,validation,leet,0.4,0.9366376089653302,0.002183259522633231,0.7848484848484849,0.02881095356599726,0.8538131952521377,0.01797216228782699,0.9821022727272727,0.0026126937205435004,0.930352344175853,0.007464808226854013,0.15756302521008403,0.029348513525777973
nb_word_legacy,word,legacy,validation,leet,0.5,0.9318311917293765,0.0023218290786957427,0.7257575757575758,0.02665433961856243,0.8157617715190388,0.017695606083185076,0.9812738837489944,0.0033921321756275264,0.9193652785913946,0.009873227467372401,0.22478991596638656,0.026556273357407848
nb_word_legacy,word,legacy,validation,separators,0.0,0.9444444444444444,0.0,0.9015151515151516,0.0,0.9224806201550388,0.0,0.9863988334674175,0.0,0.9611459948182851,0.0,0.0,0.0
nb_word_legacy,word,legacy,validation,separators,0.1,0.9444444444444444,0.0,0.9015151515151516,0.0,0.9224806201550388,0.0,0.9863988334674175,0.0,0.9611459948182851,0.0,0.0,0.0
nb_word_legacy,word,legacy,validation,separators,0.2,0.9444444444444444,0.0,0.9015151515151516,0.0,0.9224806201550388,0.0,0.9863988334674175,0.0,0.9611459948182851,0.0,0.0,0.0
nb_word_legacy,word,legacy,validation,separators,0.3,0.9444444444444444,0.0,0.9015151515151516,0.0,0.9224806201550388,0.0,0.9863988334674175,0.0,0.9611459948182851,0.0,0.0,0.0
nb_word_legacy,word,legacy,validation,separators,0.4,0.9444444444444444,0.0,0.9015151515151516,0.0,0.9224806201550388,0.0,0.9863988334674175,0.0,0.9611459948182851,0.0,0.0,0.0
nb_word_legacy,word,legacy,validation,separators,0.5,0.9444444444444444,0.0,0.9015151515151516,0.0,0.9224806201550388,0.0,0.9863988334674175,0.0,0.9611459948182851,0.0,0.0,0.0
nb_word_legacy,word,legacy,validation,unicode,0.0,0.9444444444444444,0.0,0.9015151515151516,0.0,0.9224806201550388,0.0,0.9863988334674175,0.0,0.9611459948182851,0.0,0.0,0.0
nb_word_legacy,word,legacy,validation,unicode,0.1,0.9432575164625661,0.0009850367330978102,0.8818181818181818,0.016377807084078214,0.911437606904671,0.009171625640400735,0.9850408118798606,0.0025029606637633262,0.9560961301647225,0.003269263824535776,0.028991596638655463,0.015536951706974608
nb_word_legacy,word,legacy,validation,unicode,0.2,0.9417128312326912,0.0012867853405224682,0.8571969696969697,0.01985810059638919,0.8973678510323986,0.01152451771779419,0.9843171761866453,0.0027902694060614824,0.9514300915378247,0.0045760618523729485,0.06008403361344537,0.020085893333146185
nb_word_legacy,word,legacy,validation,unicode,0.3,0.9391097064699396,0.0017323820833492095,0.8185606060606061,0.02500241639281449,0.8745317489723993,0.014970661789723148,0.9821999027889514,0.003919895396373822,0.9400270619418052,0.00623111000303161,0.10588235294117647,0.024294137611707824
nb_word_legacy,word,legacy,validation,unicode,0.4,0.9352043335481788,0.002176652320402972,0.7662878787878789,0.028054000931187376,0.8421310705255802,0.01769017824475623,0.978267673974256,0.0045600904238641575,0.923273137690828,0.011315044337391708,0.16428571428571428,0.026640113418735064
nb_word_legacy,word,legacy,validation,unicode,0.5,0.9304561337297518,0.002706524819828746,0.7106060606060607,0.02955618747514344,0.8055227487888372,0.020051409740372474,0.9740195092518101,0.0042550903888650075,0.9005305645558606,0.013014638312483236,0.2273109243697479,0.030782489944992834
rf_word_legacy,word,legacy,default,leet,0.0,1.0,0.0,0.7803030303030303,0.0,0.876595744680851,0.0,0.9869519308125503,0.0,0.9620839398076135,0.0,0.0,0.0
rf_word_legacy,word,legacy,default,leet,0.1,1.0,0.0,0.6325757575757576,0.019586242569083135,0.7747754089234813,0.014618956844866275,0.9757207026012337,0.0046225373947720114,0.9317175176305618,0.008040582550789788,0.1995145631067961,0.028257352240758583
rf_word_legacy,word,legacy,default,leet,0.2,1.0,0.0,0.4503787878787879,0.02376358738997755,0.6206981629687829,0.022605053375961602,0.9565958953472782,0.005223370121558651,0.8755403266106191,0.010463769125940823,0.42815533980582526,0.030846811263322206
rf_word_legacy,word,legacy,default,leet,0.3,1.0,0.0,0.3018939393939394,0.03469690005077177,0.46274064466536613,0.0409347318300462,0.925884327232502,0.00860710325466117,0.7941479179162416,0.01501180365770676,0.6155339805825243,0.04525387981566444
rf_word_legacy,word,legacy,default,leet,0.4,1.0,0.0,0.17765151515151517,0.01728849416089673,0.3013600856235621,0.024714665503647995,0.8830228445964066,0.013406651150368388,0.6948254133257686,0.01469184027582797,0.7742718446601942,0.01989075740843322
rf_word_legacy,word,legacy,default,leet,0.5,1.0,0.0,0.11666666666666667,0.025113920520594656,0.20809170124355206,0.04042494125157731,0.8360692796326094,0.02287418183196955,0.5985971900766484,0.032702948547712114,0.8509708737864077,0.03262497850813143
rf_word_legacy,word,legacy,default,separators,0.0,1.0,0.0,0.7803030303030303,0.0,0.876595744680851,0.0,0.9869519308125503,0.0,0.9620839398076135,0.0,0.0,0.0
rf_word_legacy,word,legacy,default,separators,0.1,1.0,0.0,0.7803030303030303,0.0,0.876595744680851,0.0,0.9869519308125503,0.0,0.9620839398076135,0.0,0.0,0.0
rf_word_legacy,word,legacy,default,separators,0.2,1.0,0.0,0.7803030303030303,0.0,0.876595744680851,0.0,0.9869519308125503,0.0,0.9620839398076135,0.0,0.0,0.0
rf_word_legacy,word,legacy,default,separators,0.3,1.0,0.0,0.7803030303030303,0.0,0.876595744680851,0.0,0.9869519308125503,0.0,0.9620839398076135,0.0,0.0,0.0
rf_word_legacy,word,legacy,default,separators,0.4,1.0,0.0,0.7803030303030303,0.0,0.876595744680851,0.0,0.9869519308125503,0.0,0.9620839398076135,0.0,0.0,0.0
rf_word_legacy,word,legacy,default,separators,0.5,1.0,0.0,0.7803030303030303,0.0,0.876595744680851,0.0,0.9869519308125503,0.0,0.9620839398076135,0.0,0.0,0.0
rf_word_legacy,word,legacy,default,unicode,0.0,1.0,0.0,0.7803030303030303,0.0,0.876595744680851,0.0,0.9869519308125503,0.0,0.9620839398076135,0.0,0.0,0.0
rf_word_legacy,word,legacy,default,unicode,0.1,1.0,0.0,0.6992424242424243,0.02199786458061335,0.822815908305975,0.015369816486648244,0.9825034778090641,0.003011901610532303,0.9460060117178097,0.004720161990639282,0.1145631067961165,0.02665369868556348
rf_word_legacy,word,legacy,default,unicode,0.2,1.0,0.0,0.5875,0.02708991984464182,0.7398069285212155,0.02162941459963412,0.9746228881737732,0.003568580573883204,0.9195797689983534,0.007047436181625539,0.25776699029126215,0.035143259560266385
rf_word_legacy,word,legacy,default,unicode,0.3,1.0,0.0,0.4625,0.03329298340774365,0.6318085717023738,0.030995672719825985,0.9611040577232502,0.006246550674143892,0.878217822868048,0.012426519027604561,0.4165048543689321,0.04283210596083654
rf_word_legacy,word,legacy,default,unicode,0.4,1.0,0.0,0.34924242424242424,0.029790319706721812,0.5170042691032662,0.032543267072189914,0.9369762335746851,0.008479230865295537,0.8163756337904869,0.011868019395193326,0.558252427184466,0.04027725375357905
rf_word_legacy,word,legacy,default,unicode,0.5,1.0,0.0,0.2352272727272727,0.031136368487021195,0.3798963899365046,0.04046195860504859,0.9028432136631805,0.011188893730307467,0.741090111521438,0.009763566514947782,0.7043689320388349,0.040642038642019276
rf_word_legacy,word,legacy,validation,leet,0.0,0.9153846153846154,0.0,0.9015151515151516,0.0,0.9083969465648855,0.0,0.9869519308125503,0.0,0.9620839398076135,0.0,0.0,0.0
rf_word_legacy,word,legacy,validation,leet,0.1,0.9088226950796864,0.0020210532431664905,0.831060606060606,0.020133789616385032,0.8681039187834484,0.011938649224059765,0.9757207026012337,0.0046225373947720114,0.9317175176305618,0.008040582550789788,0.07815126050420168,0.022333279238343034
rf_word_legacy,word,legacy,validation,leet,0.2,0.8942631346364927,0.0036688622736975635,0.7056818181818182,0.027178976735267302,0.7886390960782317,0.01845141176988762,0.9565958953472782,0.005223370121558651,0.8755403266106191,0.010463769125940823,0.2172268907563025,0.03014810864752341
rf_word_legacy,word,legacy,validation,leet,0.3,0.8706690909948044,0.007140452487573863,0.5628787878787879,0.03571152388224793,0.6832595639361775,0.028521781328559453,0.925884327232502,0.00860710325466117,0.7941479179162416,0.01501180365770676,0.37563025210084033,0.039612782793754
rf_word_legacy,word,legacy,validation,leet,0.4,0.83990434709096,0.008664077467101992,0.43863636363636366,0.028228426071441413,0.5759416164967112,0.026373016551809333,0.8830228445964066,0.013406651150368388,0.6948254133257686,0.01469184027582797,0.5134453781512605,0.03131220370949803
rf_word_legacy,word,legacy,validation,leet,0.5,0.8037402301265072,0.013785534165971848,0.34318181818181814,0.028674333282624646,0.48055751299392757,0.030883032018901607,0.8360692796326094,0.02287418183196955,0.5985971900766484,0.032702948547712114,0.619327731092437,0.03180682347316347
rf_word_legacy,word,legacy,validation,separators,0.0,0.9153846153846154,0.0,0.9015151515151516,0.0,0.9083969465648855,0.0,0.9869519308125503,0.0,0.9620839398076135,0.0,0.0,0.0
rf_word_legacy,word,legacy,validation,separators,0.1,0.9153846153846154,0.0,0.9015151515151516,0.0,0.9083969465648855,0.0,0.9869519308125503,0.0,0.9620839398076135,0.0,0.0,0.0
rf_word_legacy,word,legacy,validation,separators,0.2,0.9153846153846154,0.0,0.9015151515151516,0.0,0.9083969465648855,0.0,0.9869519308125503,0.0,0.9620839398076135,0.0,0.0,0.0
rf_word_legacy,word,legacy,validation,separators,0.3,0.9153846153846154,0.0,0.9015151515151516,0.0,0.9083969465648855,0.0,0.9869519308125503,0.0,0.9620839398076135,0.0,0.0,0.0
rf_word_legacy,word,legacy,validation,separators,0.4,0.9153846153846154,0.0,0.9015151515151516,0.0,0.9083969465648855,0.0,0.9869519308125503,0.0,0.9620839398076135,0.0,0.0,0.0
rf_word_legacy,word,legacy,validation,separators,0.5,0.9153846153846154,0.0,0.9015151515151516,0.0,0.9083969465648855,0.0,0.9869519308125503,0.0,0.9620839398076135,0.0,0.0,0.0
rf_word_legacy,word,legacy,validation,unicode,0.0,0.9153846153846154,0.0,0.9015151515151516,0.0,0.9083969465648855,0.0,0.9869519308125503,0.0,0.9620839398076135,0.0,0.0,0.0
rf_word_legacy,word,legacy,validation,unicode,0.1,0.91113276217517,0.0011540641083452685,0.8545454545454545,0.012190789146027437,0.8818970027569982,0.007030032050959368,0.9825034778090641,0.003011901610532303,0.9460060117178097,0.004720161990639282,0.0542016806722689,0.014548663609196082
rf_word_legacy,word,legacy,validation,unicode,0.2,0.9049664655315839,0.002052936582284284,0.793939393939394,0.01897524517464586,0.8457314914749823,0.01165728642947102,0.9746228881737732,0.003568580573883204,0.9195797689983534,0.007047436181625539,0.1218487394957983,0.021725916127050212
rf_word_legacy,word,legacy,validation,unicode,0.3,0.8951566666232079,0.0030097332762041014,0.7121212121212122,0.02266072127333783,0.7930657334383661,0.015281157422705914,0.9611040577232502,0.006246550674143892,0.878217822868048,0.012426519027604561,0.21260504201680672,0.026587744361961325
rf_word_legacy,word,legacy,validation,unicode,0.4,0.8803791681717366,0.0047946415529927094,0.6143939393939395,0.028441634735692414,0.7234464174331762,0.021217675484551377,0.9369762335746851,0.008479230865295537,0.8163756337904869,0.011868019395193326,0.32226890756302523,0.03263446102760515
rf_word_legacy,word,legacy,validation,unicode,0.5,0.8599743420987235,0.006139450483036998,0.5128787878787879,0.02602358187472374,0.6422766536909439,0.02216028374016832,0.9028432136631805,0.011188893730307467,0.741090111521438,0.009763566514947782,0.4352941176470588,0.0307975786621114
svc_word_legacy,word,legacy,default,leet,0.0,0.9827586206896551,0.0,0.8636363636363636,0.0,0.9193548387096774,0.0,0.9881586886564764,0.0,0.9743766943661558,0.0,0.0,0.0
svc_word_legacy,word,legacy,default,leet,0.1,0.9819213351170484,0.00047442292114436505,0.8234848484848485,0.021997864580613338,0.8956059208509884,0.013212074494903775,0.9865588964869939,0.0024820011180108088,0.9662874907339599,0.005656309829813773,0.05657894736842105,0.02320398195298273
svc_word_legacy,word,legacy,default,leet,0.2,0.9797324310089948,0.0009917886811209606,0.7340909090909091,0.035947579962316824,0.8388553826460031,0.024030928796399138,0.9834913012872084,0.0031042552882347614,0.9544938586406593,0.00540658603955551,0.15833333333333333,0.04254493054406068
svc_word_legacy,word,legacy,default,leet,0.3,0.9754298578508094,0.0010851740694291507,0.6026515151515152,0.027201195399705717,0.7446875520663363,0.021105430830531093,0.976376458165728,0.005406956906342082,0.9289289309576514,0.008246239034239735,0.31052631578947365,0.029631114529757113
svc_word_legacy,word,legacy,default,leet,0.4,0.9686829252712554,0.001708319256157795,0.4700757575757576,0.027422391929601775,0.632565007396436,0.024908865580070886,0.967722579780102,0.00622382766713173,0.8987433552567137,0.009062100946271533,0.46447368421052626,0.029366836844497167
svc_word_legacy,word,legacy,default,leet,0.5,0.9588827519886097,0.00365287323705515,0.35643939393939394,0.03698915416029645,0.5187607268507572,0.03848193379367956,0.9533089467685707,0.009180339188449174,0.8553372085123186,0.017947411912981173,0.5964912280701754,0.04221285115664808
svc_word_legacy,word,legacy,default,separators,0.0,0.9827586206896551,0.0,0.8636363636363636,0.0,0.9193548387096774,0.0,0.9881586886564764,0.0,0.9743766943661558,0.0,0.0,0.0
svc_word_legacy,word,legacy,default,separators,0.1,0.9827586206896551,0.0,0.8636363636363636,0.0,0.9193548387096774,0.0,0.9881586886564764,0.0,0.9743766943661558,0.0,0.0,0.0
svc_word_legacy,word,legacy,default,separators,0.2,0.9827586206896551,0.0,0.8636363636363636,0.0,0.9193548387096774,0.0,0.9881586886564764,0.0,0.9743766943661558,0.0,0.0,0.0
svc_word_legacy,word,legacy,default,separators,0.3,0.9827586206896551,0.0,0.8636363636363636,0.0,0.9193548387096774,0.0,0.9881586886564764,0.0,0.9743766943661558,0.0,0.0,0.0
svc_word_legacy,word,legacy,default,separators,0.4,0.9827586206896551,0.0,0.8636363636363636,0.0,0.9193548387096774,0.0,0.9881586886564764,0.0,0.9743766943661558,0.0,0.0,0.0
svc_word_legacy,word,legacy,default,separators,0.5,0.9827586206896551,0.0,0.8636363636363636,0.0,0.9193548387096774,0.0,0.9881586886564764,0.0,0.9743766943661558,0.0,0.0,0.0
svc_word_legacy,word,legacy,default,unicode,0.0,0.9827586206896551,0.0,0.8636363636363636,0.0,0.9193548387096774,0.0,0.9881586886564764,0.0,0.9743766943661558,0.0,0.0,0.0
svc_word_legacy,word,legacy,default,unicode,0.1,0.9822564104497975,0.0003151438293541415,0.8390151515151516,0.014925547834326007,0.9049372045058905,0.008879755589429683,0.9865442310270851,0.0024431354399524745,0.9684326849219367,0.003857665166256188,0.04122807017543859,0.01661921611959677
svc_word_legacy,word,legacy,default,unicode,0.2,0.9810514730245954,0.0004244040294409761,0.7848484848484849,0.018128577018670287,0.8719457726002787,0.011299021444621013,0.9837175683829444,0.0030008134406056416,0.9603822121322712,0.004098328322919399,0.10526315789473684,0.017999620212020246
svc_word_legacy,word,legacy,default,unicode,0.3,0.9783587416767829,0.0009993848469914603,0.6863636363636363,0.031801089052071546,0.8063689011711009,0.022458952118726037,0.9810207998122822,0.004180200821923235,0.9463445558859993,0.006898415783443074,0.21666666666666665,0.03356579292738973
svc_word_legacy,word,legacy,default,unicode,0.4,0.9732468274047225,0.0017066593295280352,0.553409090909091,0.036661047851346884,0.7049586500564574,0.03009586286903273,0.9750196936175918,0.004706037468441329,0.9196720469408775,0.007916925648348658,0.36666666666666664,0.0401072576650741
svc_word_legacy,word,legacy,default,unicode,0.5,0.9628276954879913,0.004474974745670232,0.3981060606060606,0.049858130856539874,0.56169835531252,0.050447743730327455,0.9657888341378384,0.0048468953701920935,0.8805824593413352,0.011399760393009528,0.5456140350877193,0.05703352286928064
svc_word_legacy,word,legacy,validation,leet,0.0,0.9328358208955224,0.0,0.946969696969697,0.0,0.9398496240601503,0.0,0.9881586886564764,0.0,0.9743766943661558,0.0,0.0,0.0
svc_word_legacy,word,legacy,validation,leet,0.1,0.9306188497857445,0.0011186792197344906,0.9147727272727272,0.015714231578100913,0.9225715573440526,0.008573796122682949,0.9865588964869939,0.0024820011180108088,0.9662874907339599,0.005656309829813773,0.0356,0.016307570085860836
svc_word_legacy,word,legacy,validation,leet,0.2,0.9281281696084953,0.0010853658339302081,0.8806818181818181,0.01430552886834947,0.9037339350477852,0.008052636612051432,0.9834913012872084,0.0031042552882347614,0.9544938586406593,0.00540658603955551,0.0756,0.015459284384608836
svc_word_legacy,word,legacy,validation,leet,0.3,0.9230494008614626,0.0022131903828303467,0.8185606060606061,0.025481089486423216,0.8675010482937481,0.01529431470596534,0.976376458165728,0.005406956906342082,0.9289289309576514,0.008246239034239735,0.14479999999999998,0.0247462915882041
svc_word_legacy,word,legacy,validation,leet,0.4,0.915832127378799,0.003424741491339214,0.7431818181818182,0.033512278848194535,0.8201964254105716,0.021666413653516434,0.967722579780102,0.00622382766713173,0.8987433552567137,0.009062100946271533,0.2244,0.03665830845725657
svc_word_legacy,word,legacy,validation,leet,0.5,0.9056102385642963,0.004895550378784957,0.656060606060606,0.03858198944614627,0.7604017430667607,0.027404364926096242,0.9533089467685707,0.009180339188449174,0.8553372085123186,0.017947411912981173,0.3164,0.04016597145791316
svc_word_legacy,word,legacy,validation,separators,0.0,0.9328358208955224,0.0,0.946969696969697,0.0,0.9398496240601503,0.0,0.9881586886564764,0.0,0.9743766943661558,0.0,0.0,0.0
svc_word_legacy,word,legacy,validation,separators,0.1,0.9328358208955224,0.0,0.946969696969697,0.0,0.9398496240601503,0.0,0.9881586886564764,0.0,0.9743766943661558,0.0,0.0,0.0
svc_word_legacy,word,legacy,validation,separators,0.2,0.9328358208955224,0.0,0.946969696969697,0.0,0.9398496240601503,0.0,0.9881586886564764,0.0,0.9743766943661558,0.0,0.0,0.0
svc_word_legacy,word,legacy,validation,separators,0.3,0.9328358208955224,0.0,0.946969696969697,0.0,0.9398496240601503,0.0,0.9881586886564764,0.0,0.9743766943661558,0.0,0.0,0.0
svc_word_legacy,word,legacy,validation,separators,0.4,0.9328358208955224,0.0,0.946969696969697,0.0,0.9398496240601503,0.0,0.9881586886564764,0.0,0.9743766943661558,0.0,0.0,0.0
svc_word_legacy,word,legacy,validation,separators,0.5,0.9328358208955224,0.0,0.946969696969697,0.0,0.9398496240601503,0.0,0.9881586886564764,0.0,0.9743766943661558,0.0,0.0,0.0
svc_word_legacy,word,legacy,validation,unicode,0.0,0.9328358208955224,0.0,0.946969696969697,0.0,0.9398496240601503,0.0,0.9881586886564764,0.0,0.9743766943661558,0.0,0.0,0.0
svc_word_legacy,word,legacy,validation,unicode,0.1,0.9313677895487633,0.0007839473250687144,0.9253787878787879,0.011337023595572772,0.9283349123531435,0.006097101524327606,0.9865442310270851,0.0024431354399524745,0.9684326849219367,0.003857665166256188,0.023600000000000003,0.012575665724765931
svc_word_legacy,word,legacy,validation,unicode,0.2,0.9300014736716727,0.001016494053944855,0.906060606060606,0.01420487772072844,0.917828700451022,0.007770210320006075,0.9837175683829444,0.0030008134406056416,0.9603822121322712,0.004098328322919399,0.047200000000000006,0.015333485887875732
svc_word_legacy,word,legacy,validation,unicode,0.3,0.9271549127117312,0.0015009553033917887,0.8681818181818182,0.019415856833854148,0.8966085958595815,0.01102610315335119,0.9810207998122822,0.004180200821923235,0.9463445558859993,0.006898415783443074,0.0864,0.020205262472409193
svc_word_legacy,word,legacy,validation,unicode,0.4,0.9216484305728118,0.0021636060729095055,0.8026515151515152,0.024016465885071808,0.857889606471115,0.01466507428173798,0.9750196936175918,0.004706037468441329,0.9196720469408775,0.007916925648348658,0.15560000000000002,0.026656489285962464
svc_word_legacy,word,legacy,validation,unicode,0.5,0.9115099715629936,0.0033782865861643474,0.7034090909090909,0.030030171060790863,0.7937725858495941,0.02026017402808686,0.9657888341378384,0.0048468953701920935,0.8805824593413352,0.011399760393009528,0.26,0.031522757026096485
