source_row,source_rows,message_id,group_id,label,split,cv_fold
0,[0],4308655ea35d36f4f72e891d34e52e7c30c9e4952479b5913f64582a66a64b6b,09f5bced22ccd8f6ea532e1757fe72c0cc2be081498f15db9ee4c0bed376b8f5,0,train,4
1,[1],cc12f09de1a4e905e57ee33bc62314f7b9c66ccc4055533e6011b81f74c11b72,72043182860f3efd93f7cfddccc9d25eeeba0d0b7c7fc80aab7e14c031b22410,0,train,3
2,"[2, 1163]",5b47343fc55105b9533e77baea929a3558a040051b41a6e1a05529e10ecc388e,1852111acf0d1180b75a60fe0596888ed57454f72ba5a8ecce353d0d703cb096,1,train,2
3,[3],25b4f9c3518aa35803732e7cef3586977e5e02b8b937c610066aa1d573cdc196,7e3d0cfb9f024b4284d216252697756120a387e2e70303248b32ecd407411b40,0,train,4
4,[4],f4703f241504c613bab5e82b41564423398cc0dbcf43480b74cf3785b9cfa565,18a5fb4433eab0e9914c01a1efc276346152b1186ed35632b989abdeb9cd956b,0,validation,
5,[5],46f43c29f310267c06c14b27ec1087a79b1d2faf3b2ea2642e75eb8cf55113e3,4060248554a085986cd1b3c067b2f47669f9f63b672d46a0413629f67f9dff1b,1,train,2
6,[6],09ea953dc6d3e35e58142fb0c3403575adac42182cd59cfaf926427a2d5b4654,b9031536fc2afbba36a2ff4e4e2230f69a23dd2618acbd8ef38ba1c854144d7c,0,test,
7,"[7, 103, 154]",7363b24f298e927195bb61833256ef3c0383ef4f9c781f435cb4f872e74281bb,cf147b4363b4fdc9d5e37a63839b23c7667d70ff113223a7705621ed1a103359,0,train,2
8,"[8, 4281]",7581b425d8029bc3f2e659160a8a2483eb8ab431f41ad8eeacd56122c4db39e3,6d502f4072d5227d5b3c5ba31a12b45ca4b2c17dc6ce3de7e427774efa8f8d5e,1,test,
9,"[9, 4162]",a92c2d2b8e4df949965eb07985d7d9393ca3358ebbf2c9d96c6a6f457f054f24,27e7bdbe691d86acc5814b08643f7b87e0f080a98caeedb411306afeeb53ae55,1,train,1
10,[10],f04ec3e6f58aa4b54e552d9b066f09252d0e4ca922d5c6108d35681eb1f234e0,acd0bf92faddd40a44d58e7f4544633930f561aaee92c1c852f8eab387a1a892,0,train,0
11,"[11, 3229]",6d4dde0f38b4811c859a2dc6f719bd459e1713cf5610609b2d0650291fb799d9,f66a9595eb629531be5f6dd6f716d8bf4182d74f34a235c011653730ed2eec96,1,validation,
12,"[12, 5287]",3883acc002adb805d0a8ebd75fc286ba4b49786e026ef843dc0c6fe98eef3254,162b9a43e94d74bddc27f455b2d25bbb783761f210bcea770ffb74e3630d35b5,1,train,4
13,[13],4c528821517361b1a662cd6feaf5ca302a4f74a4baa221f84e1c9c30b5060b87,fd94e635cc194c65b4236338b1f6248ff3a6d6a75c657e073ed05c6858a0c57d,0,validation,
14,[14],3b5335d7c35c142f338cfb25884abb5b56cae0e7aa9749cb725cfc02ec117861,01965253a126c577be087e0a27c57dab0703c4c27a810f68012f698a65323489,0,train,1
15,[15],7886fbe7ad232dede6042a05da4831187541dc4d49b85c8de9c68ed471da4298,4dcae82a9ddf3c9ed29993dfcf4fef0b6ef26d6529ca3cd6ad5f90283a9500a6,1,train,3
16,[16],fb844b7942584ca93f22eaac97d9675e13f20e77a013c23cc5563393da1c8932,020936731f6ee552744c4f85740f1daedce00f8fd411a74cc2ef46dd772f8499,0,test,
17,[17],9b676abaf707ff71d64861a1c59ceb891bfacce94b68db05faaa1a5c3b33467f,d662c0a9efaca60ea5d1be5eda66b55f53a18e41715ff0733f92841ef23e1b5e,0,train,4
18,[18],aec0b44af41d4be4d6bb324c2b616cb217b9fd94d8e6c6063e6246e1d5f9a415,abee8192a16ea0a4c0fb48543e4af3fafefb89fb9bf877820fa44da0621ddc1d,0,validation,
19,[19],7081ba4b27e22e1613bb6bffcdec6a173c1b2dcf63a77df4954bb8fcd045b242,62a680e05a75dd941b49aa5dcd245aa61238dff44350fd6eebdda919787b5bfd,1,train,4
20,[20],c03dfa46f8cb17031739b647a495a605caba035dfa04c5c47dad690ee7965c7e,8a619dbb714ce686d27fe42ce71a5ab20edccbfa144c678348ae1eb08c631924,0,train,1
21,[21],611251fb15e6df57495fc9d7f009ab70600ba3eed28893d4fb3c256a37972fd8,2c725e8f121d41664f353e5484f50a09535709f9efa351e13c4c9fc79f09964c,0,train,2
22,[22],8094a86ae33bdc4c491d7195a05ef9416a3aea14130348d0b3cfd0937c7fd847,9d191bbf5297bb0598e27ffcbf4aadb09de5d34494d8a081d646003ed9d1ac4f,0,train,2
23,[23],590a0473b686ffcf64476953f3b20292b1ec46684937ce814a31722377c5199e,924a4834fa1b06f3bf03d041e118aee0eecdda6f03d0a23e57fa377bc6272605,0,validation,
24,[24],f7036c646e8eb2edaa3c1986d901741c65766821e358d71471dd736051e2299f,21f1aef22106d56472c48380db1396484a73b57d266d8d1b80040ea12f3612fe,0,test,
25,[25],6285049cc1609d86f127cf57d694561cb801b7587a6047c5efdfda2e347c719a,e48427a5bf502945332f205601a6a6241f5d02322de57c353c267d67146d9195,0,train,1
26,[26],f34bbcad912feeef5eb63f03a08bec5c986653ed605ef054ba060988588a3cec,09cfbebed9724c838180e9ff29ad87c487089ed0d1f972f8efc4acb3ea4a0b20,0,train,3
27,[27],8ef1923c4650d9a6b69ea58af5045d868164c8a1fc8ee0d936a5adc2d040f82b,6d081f821e7d01372e8fa47de7a9ce3997b3d470676a38ade63bfff560f7b006,0,train,4
28,[28],f0af5bb1fe4c9ad1b642107ebcbc2c841c907a7b8381099ab14f91fbb38cf68d,0bb3c7b4285ed11e84f516a379864c60b1f8f5e8410d55933d7fcb7065ad75dd,0,validation,
29,[29],4ec480fccf5c5939baad246a89fc684cee23006180d703053a100771c62912a0,b17ce0ccb66d317c45b0dce6a617d727915d73346ab44047a997e8445c914a5a,0,validation,
30,[30],c4a23370f0ba8067632e57a62019f35f0c88cf52a04a109280934518205ff333,11117a08663861f1f88f48df710537ff77dcbe627c1b0a38eddca9d67246cc6a,0,train,0
31,[31],c2f2ea8c1789dc253d0b29647f94cecd1ef398b02fecfe3ad758fb029cc7c8cd,bd2b2b4b0ebe67542846933f99014576c8a3c9088c52a992fb6d65025f5ccfbc,0,train,2
32,[32],f8b2f811e80583b855b39ac2be47525b71a33241eaa478e7ae8619ddc12f086a,aaf7e480dd458cf7ecc992460ee09f692a8411dc8b0180a5882be275ef3642ce,0,train,2
33,[33],e67ed0199dbf3249f06ed2241406a6e0ca82b5995ee5bcf6d8d673881140a9cd,91a8dac3fd447e8b2a12d59c742ad14f4abb1b97909052a07cf5df4479dba730,0,validation,
34,[34],e5eaacae2b8564feb861407f083417e8bdbb5de749c46e1676b83232b21cd038,a46c43d27e95d6c4488491b2c8efba32d68cc72706c6502c28322b0b26fdcfe4,1,train,0
35,[35],3d8fdbdcdb9cd560e09655ea15babd8603db59c5153ac785e51ed01c389a72dc,7701ea4612bd09759394c8bba353953f1397e7c945147d3c8a58e117ee7d0e5d,0,train,0
36,[36],5da960cf6fefff1261a1596ba54cc993bfd6bec7177932240f100a0ae3c26014,22927d4e20ee1de5991b6217ccd8c4680fb4bccdb711fd343f5361aeba93b70e,0,test,
37,[37],5bbcd959894505aaca063b55fd282a580d69f956629571f3bfbf0d0ed32c73ce,df6bbc93bfcffa99f4492b8ed344d69da0ecaf22e359e92c4db65703127b548b,0,train,4
38,[38],3f64798085d491929a0a8c65f6997d7aa4b3306953e3d025284b91e5b8e24af4,e9e90eb4cc6a1324fa122a29d4365714f69538696a8a3be933e29dbd27f21d66,0,validation,
39,[39],2c3802b1957ca582ddd10d63cd35505d64646944a12c4bb99bacba824e7c0d08,a1b5313b55e3903b2441fe98ab073cbf190865bd445983bf472c19393f54794f,0,train,0
40,[40],aa3941ad38d19da76f9090f9a0d198da3a5804cae5220ecbf6c98c48d073d715,516569fc68f8cd5055e2bb127e5581fb5de547e0b4366762423daa7e1342077f,0,train,0
41,[41],b36088153957c76155de327d301147c5b16558f340dec3800a5945f8dadc2538,957a72cb3409abb8cfb6ddee5a997b6123d6a488a6c26a549cf19446434a77b9,0,train,0
42,[42],782bc55cc5a4d42f41010bf2e069765e939cdd4f23720a06e768d777b2f5888a,37e6623d1c6674b0e1b245086de0882cfeec1bce5c8335e240bf65996be05112,1,validation,
43,[43],25f213bdde6082ca523656478a5bf5adec8a4471d511c83edfe4d13a8ecfc13f,235d2ff4c7b8447d222bc23d47412d9c7f1710785927e0d0e685d079d2a6abde,0,train,2
44,[44],99ef915e3f558368bd23297ae019267134b137b9b3bd6736cc2ef528c666d430,69d030486bcf898140cb29daaec0975b9e03f03dc4749bbc57c2e43a524a5697,0,test,
45,"[45, 326, 1988]",c4e4b63d068d642854fd55cebe43d75a5b269d992a39edfada67e23d78b53c2e,a6d0ba217ab9f8b4882b84f09f324e12a50e4fcaf2fc69bcbb1a0bd5ac04fe2c,0,train,0
46,[46],ff9132c8bc2902d4144c500d72ef77e17929bc8a2f3d9c5750697984bd1f137f,777597dc9b7729cd50aafe8ae94ba439bf17d468e1afb8ca5a9171417e0e659b,0,train,1
47,[47],83e87c6b3e345c5c8ece93e93b4a04ebcd1c7c3f8a3648e9c94916a46c1fc5b1,f3acc7a74154d8ccbbb83b9f9c0cef812e7890aa2785ff5cc5834bdbb6a8a821,0,train,4
48,[48],bbc647275a4d74ebbc0039d3b4bdc56b52633cfc9be8c07d9373b6bd8a4374b5,78fea6419c412ea8b368f657c3ce914b013a7d9e6398a183139c50ba4f5161d4,0,test,
49,[49],0ffef8e82105cafea318550bc9c99d7af0a7434255935a0b6e791a853901cad9,d26d439c14365638e2b857aa1aa90cb125a1eec2fdc502c8d724ec8f10b92a23,0,train,3
50,[50],2a190c18e19399926a7d6dcf919d8c6a759b7ef3d4e50977ab86719b04ee0788,97dd1a79ef3b3b4d364b8fd90ac30ddeea02e456e571cc39f9e66f8bde09f1d7,0,test,
51,[51],b40c2a1f8b0eb862d349e481d57675be262cfe732cccbf9b2c8e16f20967fc64,6b9c5049d0960d2b9ac1f1f06324cc686e936bc0d6b37e9d2ef1cc613ea3e4a8,0,train,2
52,[52],97a60334d11f617d044c47eb7840f5eaf99442c0fb05c75faa981cc9d13ca876,78446a71d0539df73cc4646fce471f13f2c761752cbe3a81b386e02e14199766,0,test,
53,[53],317931b426614de8bb78a034ce4fea1e1821e24dd232efa99681c7d72ae678a9,21d0bd311988ecf55bd2c27ee44462fa2e728cd9f5af39f42002a3745ffcbdcc,0,train,3
54,[54],e70b88ec538e64614c53860fcd4ebef6b1c603bf6860226e317969b923090fb0,0eae69b2cf61da7dae4d7983173a62ea2a7c7295a37ebbb27e65f0e27267979d,1,train,2
55,[55],64ca6052bda1b4579a2339076d23957c6cf6f49b41a2acd810e735f83cfc41cb,78d2bd03aa1fab61a7e98aa2baec91aa9f656b93bf783b8cd01612cb7337ed3f,0,train,1
56,[56],bd7bf14a0b7a572f4cac940eaf67c2f81b0780189a4d19505086bc7355b3a4ce,7cec1d7d131f31af3b4a6d192fbbdb7381e041de3c79310aa52b8e49c83f993c,1,validation,
57,[57],38c0beb3f1122b99f893eac0667f5d7f8f49359eda83babc472640d341c157f5,3e1905d2e8bcf584e0bca43eae1a28c1cfaedcf8716a5386ab35a159ccd72f92,0,validation,
58,[58],223b37c40483e4edac4097828223bd52b742f22381f87f13145614a44ef389f6,3e2cfb6aed334e6f4d81525ac27ba50f1803292302d25229f7e9b53e51ddc809,0,train,0
59,[59],0eaaa676313d4a605166d1fd2d79f28860dbfaf444660ee86ec315345461cecc,1e4c0c66b2281de8fe871623d340217a4cfae5347f26bb4862d023756533fe46,0,test,
60,[60],f594f8fd26fd35b0ca9e413fbb61727131600e594217a663ec50f22a73cc1347,a627cfb2570c0c70d6f62b3e2676a6e4a5fd4150d6d464b8a76b2fe9752490a0,0,train,4
61,[61],59f6e5730f346b1f3a3dd5b578bd7f9be14a838ad2651bbd00c828b8acf732df,b2cee0ad01b65be1adc3e2833cf87a2c6f6c0029800baa875e9f48da65692d6d,0,validation,
62,"[62, 5243]",8827c2b45009779c58cfbe4019326b068d510d9cdb11669ad2c1720aedf3d2b4,81b90922efbe673c0797c27e9da92d4e5d37a490cf2ac004dc06490151235083,0,test,
63,[63],be5fbd2367406a756dd839f86069b80ab61fd538d14c205294c4c737e8385deb,9159ddd0a3dcbf283efb90f45dc6f3612583bd63898e5a6c3484eaf85989cdb2,0,train,4
64,[64],1de50e360fd837878e968311364d190b10eb49c7416140f856bb43ef7b4e1925,7206a6c5b2da399906744c6ae12176f2233ff14545ff35eea093e509e75acedb,0,train,4
65,"[65, 3401]",3b8f6f0cc3559f8878fd89b0361af3c0499b2fceb7bf23103f7068d07b7cf7c1,9ba0ff028758325b7b20c41af1e940c7a5069a2ce194482dc55cada21e1851c0,1,train,1
66,"[66, 1680]",997cf34eafcc28d50a1058032a4c948fd4971cc9d88fc4d808d2aed17a0eb87e,b24c3ccfa8c44da5b2ce7a7ada4942fd2b218eea49d8a5dd6815498fee859e05,0,train,0
67,"[67, 4450]",91fbc1e6f86dd660a9a617960d79108b110524aaf130bfce00b81cc169881e22,3218cdd0741c956293322583999b5013fc5ec3ae27e9887fd2fd5e74b03f439a,1,train,3
68,[68],d1784163df2f65c506202c0608756a858bce5b64d36ac9894e6ed62f66e3823c,144c7008f436dff42577717dc66dd3cfc342ef5accb036814dc1640b1fa2669b,1,train,1
69,[69],1294dfc0d3820d365711dfd4279ec67a6337c6ddb732978d55f869d6536b9075,7717b9efa098cd1916ff51b8f3a63ac77415fec7e3741fc63f0146b000e5c3d7,0,train,2
70,[70],7de9d6e69e077a2988a16202f794db190b1c045ba8bac9f5da82e335ab092633,ebf6160b81daf4b665d8a2db8ef6837d568c97cea269ef1c3d3906e36a20c185,0,test,
71,[71],5fb9e883d708f8efdeedcd69b9a1bfc8584fd265b54e255804081881e22d2c3b,855bc255bfc09c21c56472809849db8a0ec0c4c1bdcaf1ca1c1ff0c98855ed90,0,validation,
72,[72],6fca4b799379f50063b4fa1c1b75dd9d5e3bfb22f82d8556e9c2b7b395bae794,f058c07a2935b6563b51a15b77cebd6c3635a7d41cd06885292876078781bd0f,0,train,2
73,[73],dfb23d0705b022dc8391cf066962130ce6e83dda6c8943a4cc8eb2ef882f76d8,f8d5e73a7ca9c10d8842385dd5a7d8e6faabc478b0c6df875e4318500c077a45,0,validation,
74,[74],0001261908c2c9022a1a257ba7a058ecbf931dcc46f583dcd26ac853be868046,d060eb8787f96162c100f98a85cc94ae73344c626ba2154d1c3b6f098683b698,0,validation,
75,[75],592fe22156bf6d11d45be5d443cbe8361fd99bc4941d01124b18747157263395,475cc74a7b871b8680d6b3b2ceb978af1b36f3935597e9d96d718ad6fae28cc3,0,test,
76,[76],80c137986b0a24d2a8df30d9b25e11ee19c971f42075fc09bfe02578fdd976a6,10e2d29bf6fcd1d64f0ba4c73c088dffb1f45da6ea84a55f864b7b3fd6a4e985,0,train,4
77,[77],163d7f447e7c1eed5e64309afe7dd210e20e0d556c2464e7fe3d2a86fed7744b,f80a068194bcf91f809c2d3a5c3905110d79f80a2631e481c5dd3d1ef1cc8708,0,test,
78,[78],48d6936db3746e8407d3a2d9fefb2d858934aa7a96e75cf434d162e457bf0d49,042d975d847f3ff9df842c02968c5cf160e423410b863340beb41346d4b10b8f,0,train,2
79,[79],267d9b308cab1e842255a2b51586610a8e08bd9c9dc1c2aeb352404f22352c3c,3985a2409173ba5e9073e23ffc8b6d824436de0b941c9f28fe225bb719798641,0,test,
80,"[80, 223, 339, 444, 702, 768, 1132, 1152, 1485, 1585, 1902, 1981, 1989, 2385, 2447, 2518, 2522, 2524, 2646, 3349, 3366, 3534, 3594, 4128, 4173, 4191, 5193, 5425, 5460, 5560]",f006f8186fd150b7267869e55add3c57b4d66c7001ad3521e14d97abefb73cc5,b087ff40138da2cbc03dff409886d951059c0b2dfd9c2ac4228fd9b9a5674749,0,train,3
81,[81],405b9a9c1ea4134fa1bd2f612c6a8c5db91c40184c6f541af8e4a42e76ef26d2,8e25b77cfac21ba8779cc0347ddf1ffd341dd6108dc182907f20d50191380f9a,0,test,
82,[82],25441ff90ac39bd2303e94acbd4a654500820639956a86c55c08aac73e69655a,727bd67343fb1f62dfd2ff6158863ddb66d02c613893f88f79b6f98d5f71912f,0,validation,
83,"[83, 658, 2351]",020e68c6d0c10310e2ce56c37e3f2bee357394b3542ce81b56b0e8f426f3b57d,89f770262450534b96badf1a4e204e8f090f913b1593b37def6c6f154c8facd1,0,test,
84,[84],2dfa966b4364a727c9bbd8c83538883f07115b31d5f85592271a2c7565546cbd,e2ea3064ce12bfb34607b7454bfe0bbc2c9900569e9615da142e80723b3ccc79,0,validation,
85,"[85, 1250]",ef8e56dac97db40761f820f98ae58adb36de0b6ec4e6d16656fd587e7205a41d,2c8919334fc1a5ce68596df04e7dba12834e4682754126f1b19c92c6f1ca397c,0,train,3
86,[86],0ef9e10f6a7f80b61ccd7387564f445dbd5d904d9ed3f120c9aa65bcc7888c97,5fec4667f4a0e69ac21e93a95d92093653dd2fbd861ca9ceabdaab3f56a92fdd,0,train,3
87,[87],55db409cc0b76b3878f20dad267c68ef08164da2b2c8ff581fc4efb8c5917ee2,e3bf2d4e47883e083996448277feb4b50a1f73e7e220eb6891f3407e7f23469c,0,train,2
88,[88],1c83a2075a81c21b1d0adbe7ba6c72024c8c18f4539474413cd0bbed37c59013,e178b72411e5bd75921092fd89faa782cd8e4cb3346fa7c8f1d4594ae595d14b,0,train,4
89,[89],024a0e5414bb75c3a1c85ae5644b61518ce24a78ff3ec27b351fdc81d460e996,df30665b2af2879ba313afd8527036f0b3f4fc6b780bae9fc3a60c9060d2109f,0,train,0
90,[90],6d372ce5e51e113254832cd3a590bbbb0569c2d3a331f4f54464c5c739c30f99,42adc129682828202a11390b85f29adc35ab09b48dce53921d6c6c0518318de7,0,validation,
91,[91],d6156db0464457c997a19e316f7f36b4dc4ac26947e3537cdf276b3b0f1834de,790f64b3dc9898bb22687e47d13a474de72f1ecee3cdbb19f778b69e49f4fe00,0,validation,
92,"[92, 5227]",6d90bdb52d4a9f979809159454342ab524c30b9b20f64e947a06e67e03468235,ae8483d62f4fbfdab4cb250ac43199a41ed6e0b104261f113b58c96a1a01a76b,0,validation,
93,"[93, 4628]",9884ad270021cf67d0e85ca149bad4ab7bc3ff008ff98557a4b1f3391b3d567e,60110b5c99c1476957a21febc4b6ac5377f62b092a21fac32e3c3f3886882f53,1,train,4
94,[94],b47bda2844c89d66e9f37c940def955f911d009f427da74051a36db3197e42b5,e9bfc61e180c553fbdb0b147bbb5552b9dca45cb3cfebac61950d3b322baafef,0,train,2
95,"[95, 900]",be780b1883db04f5834e2ec9a1c8ef87ea19e5a6a2c3618e219504aaa382eda4,7269890bcc24328eed8c2577b1f8f91f73b28e0b3203ad3d25674be80c62d79a,1,train,3
96,[96],e25659760cf3fdb264b9b41536c66a1368dea614a72c8b4a6ea55d6838fbcef4,49fcd6db3389bd4913fb056fbe427eefedc43c8613b262f351f987aa8be546d1,0,test,
97,[97],c673fb2d8256490c92cfcfe6f054d0b84f71c40f3cbdf51cc30d798b591bdb82,b36bf894d0d34f19c8a3b147ef83c762129e7b910b44a0456529fd19f1f3bffc,0,train,2
98,[98],e7227c0817ce371e4c4824c387f294c9c19120792fb7443707049d6c37245946,e84b18e2a599751301abda32bc36a01f0ec2f137aa0d29cadd3d34db9e4efd08,0,train,0
99,[99],397bf31d21fff5811c32b6a3091a4cf56bc9de6a0a03a22a1fc4cc653cb52caf,6c959ff81aa3383868fed711fe22835390a92afb47ad0fead8ee74c8f93db053,0,test,
100,[100],538650abe2d37de9b70b38c564d890a3fc8c8cd79eab7a493af67f1b0c069b6c,f58bdb24ce6bfb286259e9691d8bd0538b9cb54e634850594c0e6522db37b04b,0,validation,
101,[101],576d8a1982660baaf19b177313b7bc9aee710427c73a2ad01d5b3fb1cf03d13b,e3e91b3d461b509d5298b514a139ecc43e325cff6f05bbd6d83beedc56c18f46,0,train,0
102,[102],59114d8f97afc8bb65900106aab6cb4ae94331509baedf04d38d2f8980cd3706,0e20d68f08cd89f1bff2c157e132277c72dc43c80213f57bd71d4308159b5a5d,0,validation,
104,[104],5673db82bbddf5985f4fbcfe0f8a1468fbbf07fcb9b791361143fe73aa830136,79316d8cb93df04aa3220d6977ab2dd4aa8243365004fad05a0bf6d302c2b078,0,validation,
105,[105],138a387f412855a7333a19a31bd710be169b50d32baf8280b80345b866fd4ecf,d85b9891bac5c12d4697d8ad29ea8473c642f186cae1b0addb5219f4f212cf79,0,validation,
106,[106],c257f3e947ccf18b9e18e5366df3b7914042cce8017a619259608ff4ba45f01a,54761b4db0f94be90f2f368a95889d0ef3ac0eb07fb53ecf96e35c7b4f4c6192,0,train,0
107,[107],90b591a694c5592c9af9a939ccc7c44eefb4e1abf25614552197accc0c2aa70f,c50c25531c295e068a14ec4031035051d987d4f41bb545e204682ccc87ec296c,0,test,
108,[108],fe6d906ec4f5531e7e77eaa30449d4780f39642dede183c7a848429ccb30f28a,3623155147b0aab2dd6211792ed9f25fe10db50b8ad205bd3649a5f8beb3ae77,0,test,
109,[109],3fe038ecc9ee63f471c5ce05332c74c3dfd5d80a56f39acbc657b87fbc7539a6,bea3cafd0bd93d27ef2a48b901e65a31410b6646e50346aa211658a6813d7d89,0,train,0
110,[110],83b7fc265a9c6eba37eb3f2bbdb648a8dd0d646e6762fff2d412a12dadaa47dc,cd4d03d806cc43f4cdb6e51a125dd1f817a86c053fa07e128e3f3c27f254ee79,0,test,
111,[111],7bf3008bef6cdc0339cde14572a6e9848aa8bf3086ca71af441ae786babb9399,399e2eefdacb5b87fb18433e54e1479a591a301fdcc4931a425a2886bb3e42c8,0,train,0
112,[112],003b68985c94029209a0e5f41c6a87e283135694c0f488ecea9d65e6311b87a0,dff9a4c5391b0ff01f05e13c99f5deb1c221e25ccb1ffa51e38a16252fb1a31f,0,train,1
113,[113],1e915236a4e8484eebed7874aa1b569fbdb1cb9abfc00d35c904c4c762abe4c1,9fb6f6c2af481fea01e9d340760a38472ddaa6101ebec8825a5f757269ee8b2d,0,validation,
114,[114],884a3fdcf553d6b43a8d95b939be5df2e0b80fe9360cbacb28227e24736813e0,638ec7438db4ada6b0728e756164366b9a00eb5363dd94fe16869445a10a924b,1,validation,
115,[115],1605ab7625e4e71c447deb9519cf47a47e011a994663490919757375de51194b,7c4f2b39b91edcef1914ef2bfb63b9f47fc4d28ff987c5b1cf6271cb0980ad7c,0,train,0
116,"[116, 207, 1134]",0b21016efee041bb38729c7ae5fadce47be98c017c020c1a8b60f470f0591b9d,2712e16fff5bd3023b10749fd02d7c39bb80315da9c195255790b7f868b26d02,0,train,3
117,[117],cf0b25e59e0ea60086400abc4b7b4c877eefbbcda2659aa6e5f9dc411946637a,48ebf8ddd9cb63ecef179b2f02567f80a5332f83dcb1cf149d63e8d2726526b0,1,train,1
118,[118],7255b6601a5a25c9ca9c9778fcb298cbb2016efd8b508af418e0a6eb11c1969c,a174a050dc8a3ca4a75cbe57cfb7e5b7321c3fb7cdc1fb33339b72207c2f0eba,0,test,
119,[119],f53947ad4a3bd995b7ce9cb7ee84635c6dd431c1ca7194442105d61fc89e9863,da7a469a1ffa6ac22fc5215304a831a6de08863432d0e1a6421c5e501e5ba927,0,train,3
120,"[120, 2095]",4757311df7c33ae3d48b386e829f211dc65a99f7183378043cc1410f4cb827d7,aa1bd61aeecb081db6cbc9df11fee15862d54c0e427ce35a99e863b0da70f34d,1,train,2
121,[121],36765e47c30edbc05c6665bb72122b9cd7dfc2ce02063a802b10817c11e1b18e,9bc065b8042a2ca12cd28671f3fcb54948a577419400666a1fb3a4f116786176,1,train,3
122,[122],a05efcdf74dd8f99428b5b4a693707bf1268a04e374f174bbc045e3598fced94,0084b809ddf6278a72f13da781962d400286da8e486e41bd7a5c47314b0ee74c,0,train,0
123,[123],7fe008a2d876990cf4a2dd3c3274f1c9d243b5f76d06ae1946a6eefd611e923b,b4465cbcbdd385584f8c73a91203325b64aec6d88a6a640c1ebb0021a482dc70,1,validation,
124,[124],ba5b499c9728cf1ea7e2c942540cd59e824bd99375668984cadd071882f62b53,5bdf2f6a6de01a4e18795dcf50de4b918b9a424c4b48c96468e84f2d237d029b,0,train,1
125,[125],20186fa13786b21a7dbc6bbfe7729ee52a25344caf01b5c34288f5800c0f746f,164f345a70d8537fdb275426681850af6eedf415737fb4fc3722ed491d4a72d4,0,validation,
126,[126],dff9676968de3fb5c24771e5973afc4d927ff9dfbf7a7a4b11b423a76d0f94eb,d81355beaa5f8a7008da9a0a61bffd2b952b66525b37c998600edc6c23d7126c,0,train,3
127,[127],6fc0fb55b3df28d233a3d6dfe5e83f9b45484e21296dc820d3733e78e4755854,2fbfdb70ff1e0e0280a3f26256e4296167cc47758d3ea2b44e0b60e7fbf229f8,0,validation,
128,[128],2e2bde7db1c4cba94e3e01afdbda658b3f414c97f2ac5faa2dc79a6368f8be20,99d1802c171e5c3f494de84f12aea05172d2d711e85efc43d4685d710139b399,0,train,3
129,[129],7ae6f39f456a1320f6685b70dd76ed08b42046b381e9e638ace296a169d62c9d,6281900306970fedaea0b937cd80f9ff8237a66f25645b635b83a2e9b21e2de3,0,test,
130,[130],79964c0d7834e90b1eb88659d4f763c48c0837b7441f01305bf077f26c651bb9,28f99c7fde007d074e52124abc5215789d4c47a0d75a3f5eaebb587d2c713ef2,0,train,2
131,[131],a1b8eae97490755a643f813acf2bdafbecf8ad3e4a77bd5cb805c12012b5ca5d,2f28a5ee1ddc9bf7cee0f1fab8c52f5911e24013f248e44831757ea9dd67e930,0,train,0
132,[132],16c956e244095945ce9bd96445f01145e710799379ca97cfba8207a220df2db6,8a12bdab18875652d248803a86a624a7f700d1593485d103de63989f3d53d2ee,0,train,0
133,[133],ae28723c8259ad34f6acc8d6391521923390dae145bdb536d74bcfa0f0f0ffaa,06be30e9b4b6cce2506a7d8c6c5db39f1c862716d8867cfd23f9c4088bd2bb4b,0,test,
134,"[134, 1691]",a1d705e3ff6fe5dbf2b80054c0ba8991e9b09b10fc82402553c35512fc49d7d2,741ac4b5c1f87a84f79c2bb4ab3e5faaa86b9b949e68063d8650affad454874a,1,train,2
135,[135],c2f0ba7ebe308d619b71af98ada5edda34508d7fd4703860666bb73a785e85af,21dfcfcfa05384a09d131a0e9f145274d3a4f813456b111efa5e5e745da4d243,1,train,4
136,[136],674b7f162223149550680bb74d9e1f4dcd58374c9cc84532c6c8a3e47ae48e4a,605d3c06faa17f1fd5449ba10c5c0d5bdd0ed86b9b6d5cb78184fbae27d003ab,0,train,4
137,[137],7bfe57c16949b957efe38b22fb5fa527113ae14b7eae6d21d21c1e7f88b0006b,7c457393a4ecf9fcd20c2337418b3dc5de17d8c4d0dd9c0bb39279fc0c24b01a,0,train,1
138,"[138, 4083, 5093]",c40978d934bbdc6514a6e09e1705e3773aa86a3961fef255f2127e2125c4f798,66bd5876104d02c41439623f94d059ac5a64025de5e1d113bce8b8c9c025e6f9,0,train,2
139,[139],e5c0061a3b7d629eb48ebb4f3ae0641625b40f652081df1d593a1fac1a6aea87,9a91e8065b26e7cd9e007aa51f7f2b1e42e3fb04555e27a41ee12b10725fa215,1,validation,
140,[140],e55a248e17cc93519c5761c3249b4b64b2bfe07885eefcf8429020c47a46869b,ddfed7c6dd191fdebd8be9201d86985e6524812c50e5aeb8196ce2845005aca0,0,test,
141,[141],b5548fb8de97c0a8e43b4e12f93de0464cdb427174d3a1ebc2ba4add9d77fc25,e89cafaec06996a41e02035f9c4752fce80dec82699d37251ef3c3467eb09637,0,train,2
142,[142],30ae6ae92fd3f20dfb041656a81bc8ea06f1a538149beee9a8ef0d30bbc2629f,12b3efde331acf5a2df2440fdca09a459579b1ba69e9f4e5b61ae142a01a8a99,0,test,
143,[143],d55699019faff041d6be560653b6794cc0ff812b293249e1abdf09aa08c27e99,defb0fcb60e7211e6037bc292fb4c7dca4525af879be6fdd07a2afb684359619,0,train,0
144,[144],8b7f85e1c26e15af7c4e230c51aa45f2cab95e99b9ae2334578a0c14b197c562,998c5ad91c6b98daaf9d072dd19379058bc0e2ba21b0b1cf74079c6b45b59f27,0,train,1
145,[145],e4028e294eb9b9d13836a4758aea4e26c9eccfab29d75c81d01d9b2b6236ec7f,5a8714ce772fdb85891dc84322d85997625d7f32b948187fdfa35b67f034b311,0,test,
146,[146],5dd97884cc26c28ca57d65d6d15f0a61a8cb2f17c1c2eb96efbb35674c4e2da2,7028d78ef5a655887d5e964396319ffb326dded60e9a0ff601dacdd65598ca34,0,validation,
147,[147],b1bc6587414a8afaeea70da2434e3f35b99976cf7f3d685047543c3c5aeed1b6,df64e207519f63f74d087fd73f75d009d3fc5c2db6d6b5c103d19630b166de72,1,train,2
148,[148],f88bd1ce42b9a134cb7a64b7fce53da67cd72168b0a0f83866a701966a72326b,4da56b530d842978f76c67b5790a0800f5b31a8b85025fc4d12732dda91f9cd0,0,train,3
149,[149],078cbcc4af397d26cfdddea44cdcd7b2f6d905d3556cb3120b1cc239246525fa,b41f86ed51379a951fb50b08682701d39e904ae04b3f44aec3c3fedf4e8a07ba,0,train,4
150,[150],34c5ef88b3fc8cef015983f4093b350f8a5982e2c224df8c9794d202c90ac41d,646f6f3c7f643abb926b67090d66717d1b778fa31645677d99eef20474253099,0,train,3
151,[151],e737956550521e79eb0f8844f7d80d82fac32d4a1275bddb9ea9e63fda3b0bb1,0ec9719c2c901458d4786e86bc794bd110881a12b0f40bc7a1d3be3eacd23c24,0,train,2
152,[152],925b2cb8853b1b3244ce0180cc58ed245efcee4b9dbeafc0eb67090dbe6923f9,94ebfe7f97c3b4e0b8ddceb3107f66e9a2eb1c00004b8fdd60b94869903926e5,0,test,
153,[153],27c6e271b2a72d3c8bbb54dc377d59ef9c02061644f5d04d15626b0d4c1151fb,8c5d81cf4bb6b03781f120403bed719486253a0bdb2eebed12c51a1451411941,0,train,1
155,[155],c003b04204b041a1c873fac4d5c68c6d13b48195f3fe2b42d26659938aca2e49,0a8563d73aa274eced6c74b8e888fffbbae9a9e556e5c491074a058962f68019,0,test,
156,[156],349a28d5c75eab42fb455788c7ea9c4700c1149ca6ed17987823de637724a047,529fa522ed1b88910daf9b67745c9bd04d26e7ba574d122c0d98ff0c9ba6c442,0,train,3
157,[157],f4050159d65b89745f9464c2e44729b03e8d84c3c2270836acb4d780c20f86df,466b9cd13ae8dc90e2a6340853b07f86b4d682ec2bbd0b5b288e2035a8d6234c,0,train,4
158,[158],9a28c5042e694179b0027ca6fa1ae0e0ae99e883f024b2005588747aa9322cd8,a21045bf3a4a936b7d82f7a7db2c478271054756b3973b3ac87a12a899a8d2b1,0,test,
159,[159],f9b3f57d60beb5741df968e36924594fccf863681f91fb90f491b5ee16322785,936d35b14ebe1661ea47243289a1475a636c337197ba89bd9417328a69c339ba,1,test,
160,"[160, 1225]",33db412418da5777fee7bd68f8b9ee87437b02049ee0d5927c4da1413b2413de,05f03dc6926eb4be95d6a999cb266397639498f6133852832879fa0cc270eb86,1,train,3
161,[161],33959b9270ec9f4d130e63e3e95d55383dcb85d6530904996f586a871417614e,acde49f58b915297105d20dbf4ba074d88fde10a8e2135211f0da4072a45b3fe,0,train,0
162,[162],8521476c3a401ac9f99392c5ff251bff43d45a6bf2c4bd20f89a6be702b08d4a,c9853673061813bfc9851b360ba7f2300ae9ed1a2be170fdd49ade8874619796,0,train,0
163,[163],26cfb2f0a41649b49a50d24f84a5202ce0140516f2d2a7787c9f6a5c37c98651,9f70925faa6af062f5438fa8fb6448fa1662913673a8d3b395722ad54ba23788,0,test,
164,[164],c7b678dcb61bf7f1b9c9d3c74f9fbcbcf3458f01bd501edb6248c2566fa75117,80e3c0945b206fbcbc1a126f340069b69f871c42a8f60927b5c00be0d128e0b0,1,train,0
165,[165],e5ffc3557ea8894b6d97e667d1fd4d7f4eea464e898370271d8e816f21184d0e,458549a343141c4649a6141cdc5dd1e2a0ba7f08471ab7a97126c3a7d0236bf7,1,train,1
166,[166],e0939f7cf885ede923c482db0aa85c6978070cb8252a18384721ed7ad71e283c,f1f3b3b841bdc344eca8fa10d569eec012fafbcc53b1942e810082c4776ab4a8,0,train,0
167,[167],374dc0a64b86fdb85630ffba3e16aa45176b363517881af30e577b505bd652e5,ee45556958d085886ea41f07a931a874b3b68d5fda3b235f508826879a845009,1,train,0
168,[168],a0d4e7072a8925c6480e8a54444bdda65210972253249ca3227a5ff22105baae,c1d3eb92a0365b1d81fd20138a722390101c48604180cdac7300a9062fc42690,0,train,1
169,[169],b8d076dbd5370a3c9d39fb6bf6713c83979e1bd7edafbc04f1c9772021621724,5e1c4e2f4020410e854fc354c9bbdcc3f405e1abaa800abbe6d8e99dd2050849,0,train,3
170,"[170, 1964]",8a3fa7641ecc4327f0b0f5dfefa7fef6b9624c9b3e2b85a11cfa9781d3ef0f5f,ea7a357fe95b5c0f645b274fec60599f1cbea98a4d6ff6f193a8aff67099d1a0,0,test,
171,[171],46a2cf4ed2c0d0c62e51eb894923a9faec23cea0f526ec34a7c2812b7bce1a4d,714dea205f9bf4540409120bdc01d73d0ff930336d21012cf6e12a588dec2ab1,0,train,4
172,[172],f7044c5a992e7d6860c2916a3b3e194b236193503b1c3fab06d5802b16aaf745,ca904b6916ef679a0a549ee879477d8e15717843f7924f963dff9ff6f8f3ae88,0,train,4
173,[173],b689f0ce7679269466f8894028b8371bd597a9f730d0f8412e73ae9e00c51214,c40e7f84605d77d866e006eb7db019da13d66d7158cf5081b074d8197cb7d9fb,0,train,1
174,[174],24938975357509bb7a53701e650b9409f10f1e3f7421eb7933347279364c2bf5,258eb8add00959e2e07c32e03c6ab2030157adb6bc1b03bdc2009818e4ee92fa,0,train,0
175,[175],b6f09bb20f0b070692a55abe7b5a4ad3e82cb55b6d382f440aa6b1bb5cdb9f65,193c617f1aef13abd1b30388ef771c0dae08e520220f9cf0a97deea0b4e21668,0,train,0
176,[176],3f100d6ca8563737309871611fb503567329a47de0e2a065e6244a86afb90f6f,8ef1200b5c50f60e092a53cd981253a66409ad5b80dd548199b96c3a2f84beb5,0,test,
177,[177],f2603f0e31319733ff174635d41cac9113c8f9828631d0425739827ed0a45030,efda9ed5dbc615a750378322a05e36485e987f00c03e0318703f768ec23ad651,0,train,4
178,[178],e74e67a1c8448587808c661bab3cfa5a23bb8119377e5a9ae446e27feda5c95e,870ffcb36ef9c673f427f92f73ed05d65cbfe6ad4eb68cca7aa5f9cd908096ad,0,train,3
179,[179],38074a8e882464aba7e3e31f8a172db978cc43bab82fb01d319586c5d4d851fd,75364e65c9a687f0d660dee3cafd3e7c1d1e0272ccfe4f51cd0439cf2834474a,0,test,
180,"[180, 2644, 3776]",78974070eba5e16ac536f27cf10dd0a9d47e5876f8dca1a8420c92ad59976c73,cff521a6d00bb9d97afc207c339ad5da97342693fbc5cf3a119158127caa7395,0,validation,
181,[181],e165f5cc9a57b2e28d6321e88e516fcfa0281c81dcc5ea2efb07405f4a2fdf7c,1271113be48c7257d9a0770db7d50830280618617ec8e43f1a6b1351fd74fb3a,0,validation,
182,[182],54316b6bc2dae453d1b171f23e723e2255337e39bf9e327f65c1f2bb4992593c,8b426504be6dfa711ebd32c55e9eeff5f0bc23f34a8ffa9bf0be60d333d627e8,0,validation,
183,[183],a165a8f1f807b6f4205b4f4326825dede327acc5b9cc96ba0ff18958cf4dc7ae,3fbd82513954200b869198f6ebfb284d821a52932d1b9f0b845441a2ea378f78,0,validation,
184,[184],4ae072197b6337c1779d587a3e39b10a4b70f3233d05d73737c300f14933eab2,8a5b6f4c50b7d82b9dd869c7bdc5195822556aff7a41bd440636a48b1b8396f3,0,train,4
185,[185],46e6217fc3094c0b414a6229f73993dd1d71d30f0f0671de2437f75f02c0764c,b699cc80749dea2e815cb6356a834d5a7680365c5ce0cf12c7666d2869d38c92,0,train,3
186,[186],2bd594627bbb49ce7ef6d3bd67800861f492d669543da1da2d268cbfe58472bc,947df940b20582c0abcd087619ab3a841432832b69d177ccad2b8567ac8c6797,0,train,1
187,[187],6421d9737eb15b03ebf85dd4b64ade82928191c393dae7a62c859e72b5bcb084,6dfc05af1aafb1ebbab8b8c9b4e7de2693948366660f3c0e47dfefd35210aacb,0,test,
188,"[188, 1002, 4012, 4042]",093689a36fb42fd2560b1bd0ab98480e07a949e84492260e0525e17b922aceb9,e3f525a5b02b4e6b0f4d7baf4a5e19ddc1539371153c4abdb9bf059f5f6e1e73,1,train,3
189,[189],2c4e04460cb75cefd209664eb67c4127e528eae3d98b9fe775ee595156d5e3c6,f15913dfbd8298c86d1d5b0c6a89874e19359d9155579b783ef47cbe6e79314f,0,train,0
190,[190],2c99b3d07a4399e33f9350867e45f33be2fb2e2772baab6c931e2d666713c65b,6b8594d1c73d564b617ab1ba74cd78b052ec9e1966d375e00e0132eadf1b24e9,0,train,4
191,[191],ffa59274fa803ccf6fd595a4417ba9b02c6b89961e52805f5d7f41e2af3574fa,4db0ba8411778e60196ea0c82e2be2bcdd4faf26e93f976f3f4bb805de577df1,1,train,0
192,[192],151e9132cf0207c9731a4906fdd60359f2d25e648bf9dbdab101e5b6be18c012,7a0973410e895f059154c4b63cf813c08e1910b9d3508b05a4cea60d45a80374,0,train,4
193,[193],eafe1d6a72c2474640abee7fbfea4039bfb528a58877bc0f5da19be8b87e90d1,57a8db1bb86be55243d7d1486b5a442fdbb0e89413873c9bfd4a10257eeea3f1,0,train,1
194,[194],ba5739f5c8a49bcd3a7aae150ee6792ef9e2a72816d530b7156899bae627a8f0,34d754a320a448658f831e83db77762f6a408bfd77405f02c280bcc0c119883a,0,train,3
195,"[195, 2363]",fd577d3f1fb82f61dba635dd487c07a528bce07e9b7bb80888b64916537d6ac7,1766f3221f869180e7eb99f4b21573034162a67f32153dd7dd1ada369d3aa138,0,test,
196,"[196, 790, 3733]",81ebd9e86aa464a96e413391d3bd268b8bf64eacbe1d18d0de28d4a24e30c4f5,c6d3cc6495f4f0b06250d17d20bac284b4ac558fcd4081eb4b8dd6a13939f703,0,test,
197,"[197, 655, 4645]",dd11e9d04d3454ff84665487e5cdb8f291f8613de22368b51934d3e29d15f85d,088ed4702db32d67e5c16cd520804cc08a7aa8c6f8814f88f10cdec0993e3bb5,0,train,4
198,[198],f4d07b583f566d3d06a9261a8e3e3ae9cfb099c2715573c8b530b6de2d38f654,dba1626eb0a0ce8fb9d6de08a21bfb5f668e393201f4d64c429b534a9650f5fa,0,validation,
199,[199],64cd4c27a495ed7459269aac22ca28d569cc335d2ea9c61c6a371c1d0a63bed0,995505b272370b711c31fb80510977db09b373b3829715da15856522daa0179d,0,train,4
200,[200],e9461b7090b0d87df5f6b8bb220a4bdb6030c988684f1adf2dfd45b64046978d,3b2ee8b993e54407d487bfd60f5b077ad80004fdce187e06d5f3aa6f81f7948c,0,test,
201,[201],4a056f7f9db60bc22e289250a6b9f21614a736f34bfeeaaeabd278b689baa79a,358f99b5fcc2907019c4ea80ae3f2d01835ed003e22535688715d826976d628d,0,train,1
202,[202],979e76652bf227f865131e5dd9cdc735222e2b0786441532dafa9d162b618346,8b0a17ab7bbdf3a9238e57776d672f0a42dda90b1d68b82998f314c61cb256ea,0,train,2
203,"[203, 1467]",11df14123fd45289516dcb12a2611fd39292f96ab1fe707a90ed85b6425e4b61,bdd505abea44953b4ad2477c62f4740e2a39e2c56e8464dad77582057cd33eb2,0,validation,
204,[204],495f0977ad55e4afc88d6f2be7b45e7ab2ab011e029304eb136b14b9ebeb01b1,c7fc0ac42c90e00656276d5329e8fc1047594e54a16d362c33f07ed7569375d9,0,train,1
205,[205],15b061a13956322448974bf51fd7e768765465e6d8d441d09104f3784653e12c,16ea47bce32d54924cf6a2e634eae8e79c106dcb403bf45cacef1ab96ecbaf4d,0,train,3
206,[206],3bbee05cf58a7ea54137bbf73ce00b12f2eff68a3ea4faa86e78bc1f91f895b2,2aab58d8a837f39ae3def327dc43c8e3b0eabc04643b5d461b2516457db3d173,0,train,0
208,[208],6b0ee28fa7ae6fb0aa509c95cd00d6b00ac66f9038a4831e54dccba76c38b932,222593981a5f602d79d5eb1f82e53e9ba825fef468930d820950598ed4b28dd0,0,test,
209,[209],9248753ea789605629705364ce4faf0fccbec85f43ff61c2bd36e0a29ff52e4b,9590a82ef2992719b024eb10b9ef7394ec1c3c71cb36be85be246c8e71d5f729,0,train,3
210,[210],9295cfc7222879541bcf082134bf5a45d7247bba8ef90944f83aa3221100b92a,209048a1f8f5e016e72062446be36f9894257e30b45ee59b9bf1558591fe86c2,0,train,2
211,[211],b7b535c859248709883dabf70d8ebdf2beebbbc2262d9f00223089a7cc23ee64,806e96c1a24cd536bd9571ce57002a6036ac883a60ae8a5f4494f6ff3b4ebe13,0,train,0
212,[212],30b3d577edf39f0ac6fbb9ff03f3585ca6189b9bbccc9dedaadd76e64a7a4233,576094bb90e5cea0721875c3b4da781d6c8b2bc310daa50644869fc74ea3fee7,0,train,4
213,[213],596c8689d5dfded1b42d8568d16c6c1b46331b2eead39ba85082ecf2ce9a5911,8d79cc8161d53a3f0941f8e70134c66bde25583b3990785a5bbccc31a6ca3133,0,train,3
214,[214],61e2781ab21cf2a88dd9e088c8d6e8c0e99b945a43a7539c54eb20ec64af52bb,d728c42adb0eeb32ddcd099f7afe5c03c0e97efd813220e0728d94ed701c75c1,0,train,4
215,[215],87a0703eb5ae30c0f3d9c358f2d1229b87c97c6ecb5905cf7695d447463e737d,6bfd9e9ca8258dc7f5e0968698558ca758a2f8fb7ef0a1bafb233a3e7c582409,0,validation,
216,[216],923ccbafea0a5f81847ca259144d689c3720a2459a7ebcfb8527f89254084b57,0a588af06ab3d175b9313a069a6c065a61ca6cb77b6a26fe04221e96a03c05c7,0,train,1
217,[217],aacaa8908cbda2549b1365e902dc15c929096b1c59a3945da7cfa31ef3fcb45b,04425f010472cb35b6a6e90fc777edb2a536340df808c8dc7bcdda004b2abd23,0,train,0
218,"[218, 1043]",2ff1dfe7e627ed0fc4774e3feb1224d3e69cf0194c47f26d85d909b5c7c248a5,5487ad34836bb0248e913829f4d0cc175cba5f2d90cbb33f49c76634ee8165ad,0,train,3
219,[219],503d0174b4fba10c172ae9ec1beb59c532c7ef73396cd0effe21cd716d3da290,28e18cd0317986c38ac484ac8987b6b11c85234a78d8baef52e3c658a141d0ce,0,train,3
220,[220],c34a6956a57e746e7714edce951fa65f39590b601cb8fa5914e0b74e28243af3,b07da0ec0ef5546c9e200a274f59de1a1aaca8285cd896cb54c5f7ddf1e24a09,0,train,0
221,[221],cb2654dff1b1a11e6388bb197f7377ab5a2087b9230cc542c0e3d8420f0fb0c7,adbb56fe857bef65d9b34ff42329423caedf195546becd406e9d6e83a09a0dac,0,train,1
222,[222],79e974aae3bb58979467080fd1cc70d99c9a07af1314a90173e70ecd7730197d,b2deff4b7c0b66dc33dd1c21fa8e5654c1efb1a07dc08732ed8aa5e7c1fa314c,0,train,3
224,[224],d9e4dfa8feaad067a6d5c86321c85404b3af539c95fdf1c92df7cf1211f43828,92529dd11df103d55207785862dda1f469164d18439e990be311e3b9723e8be7,0,train,0
225,[225],dc8b19c0f16544e8bf7d57ca4185ed6cf3082278242cf94f7d031876934b78a7,97b1be395b1ad48ad5adf91bbeafc51881c0635fb6672112b4e885f474c14ac4,1,train,0
226,[226],678b0d40b63400621ff95ada31f39110572caaa73f573b34617a80f78744ef68,d8213d52e62c8fc7284e82c1437a93aadc489a342b28be7b3e2366724d3efdcb,0,validation,
227,[227],3588ee8a42d0bd48423d49d614d8a40909d4a8cfd13b143aa8f61fb28a91f977,cfb65761cf3d320d4a809d2dbf53d32de2b32bfe9b1d2baf4da9f40be476235e,1,validation,
228,[228],0defbe3eab973064add369eeb348e5cfd42060bc7d7d9e9fd28b6bc582239107,3c2691eb609b76b1c411f96eec0a04b04df52561f696d4d06b214c0c56b69c40,0,test,
229,[229],a52c8d7467eb9f904228994d1add7c527be8805cf8ac8c70700e5c9c25a2529e,3e180168100ae6523dd84477bbfabcb37417965ad94d438de12fdfc76f6c8d21,0,test,
230,[230],eb9b45ecc56999428300dd945a5a0252cede643e3577f32102935728683872b2,779dd32b3d6f393c60968b70fcd15929d0027bad6a4622e37a0430534e16d152,0,train,0
231,[231],f5a8dd9aa26d34ca7107bc5cdcafaace2b80b1776f9e3c3989d4f03eef822221,ba1ed16e9fa9e3515efd98e7a683ce4655400f0752fa5d9733ec0898e4e001f1,0,train,1
232,[232],8ceef06ff5b06c40165862b28b230d3aa651416e9ec5c5dac0fd1b22b777db62,ef898365049dbfe96d7df50df030cb52f037cdb1d04ae8af90655f3923091033,0,train,3
233,[233],a7c0c691916234551bcf2688cb87071354cf7500502ed0b147eeeb1c65df3fcb,c5a082fdef193019606e999e6193f556e3dc004cf5ea607373121b0af568e598,0,validation,
234,"[234, 3757]",86f437e450dae58895ecfd608fc8a42bc81fa5af48924ee0f222ea4362c2d515,4b294f2aeacb8d9b520870fd0906f54648d9b3ce8296664ddce89aaa412e1e5f,0,validation,
235,[235],f6c07a6abd324af2ac6efe7a89d185d4ab6b5b4aa8c515aa5805d440fed70b42,5db2124f559cb2dd49bec899fda8f52d5b6ea3dfade176d41d05a0ffac6e79f2,1,validation,
236,[236],f62d5b28f19f151a2c63a6ceaf374ad1286151ae84248d7e0f4488a302a33f8b,856f5d3eab5b830c5b9fe569cf598de6691534df321e3b39f11e3e84639672f8,0,train,4
237,[237],e8710f443322ab1fd1ef75136d34ab3e5f5d6de556d8b24fd8990ad491e86722,d3e72b4966aa2b720971b6d866c9c4844a38df03210c972fc7f52bdb86c0e5aa,0,test,
238,[238],9f12e38f3817074d29bee0387fef3fc0012cf5bad9209c0da3e8ba88b2cf9e39,c33e2f5531eb62945c6906eb50189a5fa391cc8bce57a333688007887e47e34b,0,train,2
239,"[239, 1164, 4884]",70018743bdc3efe291e5e04ec508c890c98b076357a73772bec447e6504d6ff7,c3fb10f8218488bc2128ec8345884437a42f0bb862557f936f08a56bd8948062,0,validation,
240,"[240, 4348]",e9a4f8e61c0c6cbfc6b9f0ecc73daea364447ad901c4347a16db11c4cffe3ec0,01b7865507f7bea85b2c33ff93cd94f0773e6e017b65046bd9cfd7232320fdd5,1,train,0
241,[241],ac79eecdc1ccff2fa0f63a1b79a96dfbbb80022ec4ce36269a1ab9abf86e2bb1,875fe9ff979fb51268cec87dfd7da044ac89d83ecd35a67d6b0edb4b1a552a0f,0,test,
242,[242],498cad03aaa8bbd20678c8ae49121c8d77036065974e8d14b0dfefdebfa526ae,46c10b41b76533a025f5fcae15421235780c9de6ae6742ae4ad3f239ea4dedd7,0,train,0
243,[243],a15f14fa432e0fbe55cde62b9a74dc3cd5382afac3086fdce59e403779fd57f7,2bf24bf1be43ad38aa10fde22cda54201ce5438caff2b0678f654a24d190dabf,0,test,
244,[244],9ad41396ca0dc4cf40fc0e6ec9f8c660bb7dedadea8ee6aee174fc04cd5e51ea,a96efef0e0b1eb716158d31cd61ea9c44b993c5259edb33f57621b2984c561ee,0,train,1
245,[245],f9a16b0312d3314cd3f59f8f7321650afbd5bb11a23fe13f76a27f0ff9d4f400,9d307cef409e092807e5281b3d2d1c5a7306bf72d8fb05ec0cfe3a3735679484,0,test,
246,[246],efb0c3c00f90c348ed8bd9cc1d637b5a04773ff4c83f5f2f23f2836a7cd00b70,111e90c4f09ac4e8e4c5eb9c310eb8b595c5fbb4a6df0af5aa3fd753b8e3d35a,0,train,0
247,[247],b83c44f356f8c99d9954802567c40fe4e2b296fe3056d352c350351efb135ca4,0c389d85f96596bbbf76930bbb3ff311490e61f5a256e807884826fab8e5c5ad,0,test,
248,[248],e11a2189c2bf80ea8e10fe751f9f26e1b39dc9c8c410ad6d163077cde3603a08,9ba42bf096f3d6648690944cf6403397c13069ae5899ee0c6cd4eed51ee522f9,0,train,3
249,[249],800c1c621026a887a651391eb5201abf942e7108c98e23ac713148f177f3bd81,64482386b0a4713741c5447ee88ed40312b055bd8e9e49f8ca073dc2dd3548cc,0,train,2
250,"[250, 357]",3d079f8a09222d6f8466b904f5e5d6edfc83c5d42e1096ef5c233e14d2134c9e,7c18f38594152acf5ab78e41792c1dded0f43681aa1e2fef3b1c419294024636,1,train,0
251,"[251, 4465]",65c9de66071c7d4530625f87fe1ef1b42e4b22d5fde6160b7b5b9ca80ceba920,cac7129259193e40bc31f7a410833548229808f113471e59cfa640a16f4a9ded,0,validation,
252,"[252, 1413, 1508, 2712]",1001de3072e457dd452c8bd6e67724d4b40efb3f20e382bfeb6e8fde82124cc0,7e31999f3bc1dc51e165862c34591c852fa53ddfc1efa5b1bfc707bc6a189982,0,train,3
253,"[253, 4117]",eb994bb19d9d32188f28bcc89bacbeb8152511331ed78b65e08f31bd856bdd02,60d743bcbe571260fd769582a5789e76ec237a5b73d790f2fa6bd0a25bf7781f,0,validation,
254,[254],2dc5e7217126372ea36c8f50d96d870ed1d2c04b433da1e31418839b0b004293,8b68652663f7c3dc23683d1cf2ecf791f1af906dd546a72bc4ebf4146146ffe9,0,train,4
255,[255],4d41d18250590e913804e7bf4a2e0f0a856c2e8343cf372fb45bdd818ab5765d,61ebdf5df81de96ac31be380734a5bef155efb8cc0adffbe503e7c7f80a274cb,0,train,4
256,[256],9f22e7e58f9f2b4221e69b497fcc70f565ba92f3542c2c735ab90bd7b768ba6d,1443526d64f5a2a0a56a11c08429dfcb1bd80249730ad425b393b1ac85d900bd,0,train,2
257,[257],144c9908167e623f0f046fdeb5ac28d0252b7f6006cbe800f806a7f7bb3a1bbd,04942b4131a41f9ed201e5222bec2049d61f50a5d4c466855448d226a3b543bc,0,train,2
258,[258],a644a8598117a9ee50ee2d01f4a7ecbc87a2171a44220f7bd7f9566a5987b79d,cb283a92e2259183b2709dccf91c13d0e4cc65708523118d19c874b5f4333b80,0,test,
259,[259],a87ab4a3337fcc0beff048bf278826052c914cafc82dc86d8fa839eedf9941ff,f922bc1e7772dddf24d412dee4aad9bcbc5e69b5755de0308f6f541cf7eb46a8,1,validation,
260,[260],f6ac353e90a0754aa705407928173c9557644cad97a501cfb5e817d1e01c2885,0fb57b02c5e820efecfc955b5e9179c47a13792ccc9efcab297f25ebed237417,0,train,1
261,"[261, 5473]",c5e607f9997d584f0702de93dcb9ff3f24047eefcb2fc29f55bd359d6c220ef2,853f48ddd500a9a70b4377f50ba1ced8faed7abadb979817aa54b4f6eb7cfb78,0,train,4
262,[262],cceb9a431f6b7faae0cfa2631e70a6ff99cbc8a5e6d5523dd405a3304e8b39a8,70deee2b64758cac1c3b3da5fe0e3ccbdfe293b17b35e28fddb772fb3be93807,0,train,1
263,[263],5c7ac276a0fd693ddd7bb5aad4e1e27a13decd9d51e14ce52090e9deca5dc334,16ae097ad63830acd7e774527d69bad97e3fcf3aae1caa7f0b7549dd21e76034,0,train,0
264,[264],dd7c7d2e0b2734d9eb861c49bd0efdc9253fabd7dc3e91037984f7ad87f2b440,57d3dc71b1869979fe53928c068d0f9faa337d4e6594f4723cd0b0a462b1d375,1,test,
265,[265],91a3d23a7178622d0038f2810a3ca2013581fa0f89cb157f4a07cf30f37e97fa,9fade80899532bee0e3216044dcf3fd972f43901cbd6e66b9e397984adb3c3bd,0,validation,
266,[266],a903eeab031aa093d1a583fdf357fb7107c1a105ad462f22dd50cc1c82501ba4,01753a8b927ef2921e5101cd9a3dc00b3734e8f655aa2d74c2054258e1ea0683,0,validation,
267,[267],3ff89898af205dcff2c6bf71221485e3c3fa2b48af3ba2b416bf65632f880162,1632bf84ed41867bf7ed4d9a8f344271f8632271086d57aa964bcdc3771835a9,0,test,
268,[268],e4de7b904542227d280c9b11c9d13ebd222faf435ee5aa8162e4d689b869b573,22e31992d8abb58980789ceba8a6a7e5d7be73ccba9e560b9521ccd0563bd5c4,1,train,0
269,[269],436d5f6f48e23d5d7d2b12ce5d8f4449bb613200f60d324f2c41796f8d83c9ce,91689a529edb800ab5e5d3a229693f53a5ada6845aec9335bc0b0f6196fbcd27,0,train,3
270,[270],1e8e0eee7bd867f9e36d2aacb8f609ef463d429624c4a9aede6524abd8fa58ec,96d6fde5f738f5e2b997237e610f5102591d7326916a5e7c8a468c9e26466bbd,1,train,3
271,[271],c2e64aa2a7d03c0984b4e157e556cc0ebcdeb4a527d34f948822be1b85ba3902,3f920c75438b9120bcdb2a0d45e6967881b302882226a102cec2252fc0965116,0,test,
272,[272],f308856e9a97cf919020e2daa776e0ebd7bc84d64d4362d41c14bddae29f4ab9,9c8c84f6305305b8a0a30ad0b1408c8452d68a9806f084f652162900fbc7b3c8,0,train,4
273,"[273, 1876, 4296]",6e486cad97f01bf9407f460b89be7746801e380651c2c0c3ea6d26e10493a62b,b7a4044993b24f6db67e2f9e3fe3d68d5305d909e69cb8640df3269494676b79,1,train,2
274,[274],32db2ed6324394cf88b729951e1ba2a31631a33ff07bf7e4bd0d141dbf13795f,728960adfa9bb08dfc9ac61322f657170e416517d924655e8b4ec79263ce4cbe,0,train,0
275,[275],20de108f9a38348e0dea56b297be6a1009808ba78a3baefc2e809181a23bf51b,b6874c3b2629216abe5fe0dd3ae40882a2918584d254b045518b18ccc5fc8a9f,0,train,3
276,[276],f33c24ac1c5d97f93890bdd620a6171167245886c94b429c42902d1a1611f0a1,1906b4aaed3121a67ca15fb15ce71842e11982d0b2e4094ab654f6b9f81adc4a,0,train,3
277,[277],b8ee4998df627da64b43c942fe652b5e8e3537d860a83cbb41e65c498112eb28,0c592603e2c6d851d1815f5f86fb518f04c4ecbc5b63f8deeb33d074c052c975,0,train,2
278,[278],f4c5ad2e79a62c6ffd9b757fd94b904d61c3af394e19e89844cfed34bfd30598,5a9b6409d90a625b21ccf45adc9175bd6ba978fbf1d2e21d8b931493fea351ef,0,validation,
279,[279],1a6400deab716323853864ccdc6f2cbad5f7eed9cc86ee735c11c285e58ed5e5,05b55f6266005101b1238c8f0e0b583fc22cf5aecac9fab9b4d171b26677da99,0,test,
280,[280],a8b878e450a99d0113755e331b889a22f4f82424011415f2f34f16cd8d6a2ab1,9acf7c0ed11a03587f08d1919b33b3de66ee7673a19358bb922abb4d39a54a27,0,validation,
281,[281],1a981988e9fbf11917c03141c1f55566ebf926c69eb494fb5c9bf003fbcbd6ac,9daa297f3b3f9f54f723b3af26edf9855cb140502b25984a8e51d1bfcdfdaef4,0,test,
282,[282],850a200fe7fb7537052d79d1be0c832be73e9a9323c4a2e0b38553ac09c23b0c,cf387100bd4e375bea59755875f4248feed70ad0532b3587a9a8e07503fe7c46,0,test,
283,[283],435f599ee0022a3f9b9547edc935cc4f404f59e0f67a36a6ce38871df4da1414,7f1d9b1b7a5f94184b4364110f86a1f5f2f97175aed701680140b1fd1ad0a6db,0,train,0
284,"[284, 2345, 4244]",94e456360507463cdaf75284d0bea01a044612f4462f4ebff4deb18cbe3781ae,2a3707a1545549824c7c71b887c54c983aca5b6e59d5359754f1e8e5eb660b18,0,validation,
285,[285],65ba45aedf1ed75a77117e0c2567c7ae3c28fb4aec7b80f4168a323d1e24ee39,7f9d6eb2362bc50a059783a329a2d27bc87f2fd9612c319180977b82e631f14b,0,train,0
286,[286],fa519eca3e55f87c2bc96087980d011a8dfc52e78cb591ccde23d391926c85da,ce5164289897b832e59b410b44a24a9dbd508697379b17e9bb4e10190bfe4ccb,0,train,4
287,[287],7c0a83985da768c2934cab5c03c9bd83780823d03811208726560ca03bf18b21,45b6bbb57dd5d3a9fd359494d2cc31251cfdcc78806fa3297af9ef0b1700d0eb,0,validation,
288,[288],8d01a4e04342d559465d8a8676ab3222216519412e46527671aa979d315cedd7,ecdc4005b49b41eb0ae7785f203b30aeb2a767f3be52435997c47a03db05218e,0,test,
289,"[289, 4685]",bfc2368cfc296d5c7a874f5fad3c244c80ed9accd08fbea5868074a75f1182ba,8b39d4a199293eb64d6c583a6897712d62d47f744351cf502d9f45efd5896dd0,0,train,3
290,[290],59a857d61cd19a114a7cd379aad28e3d2e5b10e151b045c68a09567d907e66b0,4276c17ac1cca0333264d89b8222b6b93504186051872787829b38c4889fd110,0,validation,
291,[291],04e2d97139c9f7948948eceeec7d50be8a8a270593500f89eeff4531ba8858b5,932607a1c27e123951dc1a7ea08c7b03114ac72b6099bfcdddf1d95f5245fbfa,0,validation,
292,[292],652d8817adf68c119536ceb2120de8cd2b948a889e6cd2cc6d2974fc4bf413d7,a4b4c9490d8d078abdb45a0efb2f389533c6e94f433556e416970e5e7257e218,0,train,3
293,[293],588ee13a1698a93556845cfb816a16f0b3d812e567b7971ac86bc86525e9d442,12e65dcd9015ca4018d65994150a644c38e595e3badd8b2f96a69db2ee1e24d9,0,train,3
294,"[294, 965, 2740]",f17b5932180a942c8f03328746dab53b671d1c36acb1de9276fd4df12a84df90,04e7c35e0d04a973f05d33ad29d640b61888fb50452a29defa5c480381cd7284,0,train,0
295,[295],013b53c20527a45d846d4ecfe3ebb97f60acda0fb7d70889ac422bfa8dfb5791,c783431e7a582903b14f7fbba5fb7b3cb1bb6401e5eb44cfd97124f8bf43f68b,0,test,
296,[296],2d3645308445a103ca8e374deae11214b5f56b77fa02fe13edfbc62e8933021e,99ff0bb906bc3f995cad493a3fc2fd9217f9a25f3a1a2dc9e4f7882bdeb6b19c,1,test,
297,[297],c6e93f1050802ac2e16153906f099dfbb6040e919812571add9a3d9c26192baf,928a4771030c0bc5fecbfbcbcc1bb097e1210de90f76547989f5b41a0cc7a8c8,0,test,
298,"[298, 4300]",0d04e01d4d1d3f72c279a698a7c9ad88951432450f755be5c068917fb6ee53fa,a5a1a1d1415b7554aec508ce5b54f250b9114e7fd928fe9abf558a3e837a710b,0,train,0
299,"[299, 769, 1304, 1738, 1949, 2266, 2618, 3681, 4040, 4660, 4898, 5377]",2eed05806e05101fd0cbcb3cd61fe55b3181a215e2f3f661375f6ff17735a87e,0d79494545b36cc984d89cb811bf1c281c74e9a2462046accecb25332b3321a2,0,train,2
300,[300],805c9b502cdb4bf2396a20a352062c987b0a24e89dc4275056e400acf7ae90a8,8c1b770ae63ee477fc7d379fb0517732786011074d23d5150db7488e914bbeee,0,train,3
301,[301],a272ea75a333e0a5810365ff8ec486645a17a38025f2ee2cbc60555f1ad782e0,37477fd8d97794d065af8d35d77f6de082a44e63db6f46fe42bd5a8bfdf8e78a,0,test,
302,[302],ea7769246a570ab6678a9e52694d37add2f362d0f60174e513a9eb0500cfd4b1,f2f0deb38af526be145cab4bb73b741aa800398f6e73c5ed0aa3d94f79f5d6f1,0,train,1
303,[303],3018e87bb8d7305af640d84d9a999fef20ecbefd360680823c69e27cd460a178,d6ed26bf0c9815320cebb0e4cf4dc29df83a242612e6ef72d285627eb4aa7821,0,test,
304,[304],e075c937330ac5176b0adbfda99809c4f3bbfdd3befedac07c4ba679b5ca5a26,0dccb3c192e081be13d146cc99b6bf90b9cb31f4a2b1a530cbb37c9f2a47c91e,0,train,3
305,[305],f2662696757c2980c5140a31b40c9a2624a517a113fee926d7aa0a74e060cd81,f20afff06cbcd89374efd1350732af2e54ed2687b3c9427e659aab54c481b6e9,1,validation,
306,[306],a2d363eca5695ee8b1e153a9eaa97a3ec37b58ef937d86e82ce3bf9c2c994bc6,b2e9c969fb1b8684b82f34ef5e910eafa3f725fd1620241d029cf7f8a9190804,0,train,1
307,[307],669cd43257fc6da36f23e6fa09a945c22efd732a33a0ddf235939dd3252d3a27,e0304fb34c924294019c6bf4e96cefdd87d5ca2c7ad644467f4c2e38d1c3e30e,0,validation,
308,[308],1acf2e110e333df2b3d161cb1ecc0661b4c0940f6a522ccb8d50cc915b7b363b,a3b15a1f60e33820f7e3a4376c3010b0fa3aa401e14483897dcc7fc2d0057e73,0,train,3
309,[309],0cb5bb21e86f24e255cb779678e2c08c0a29ae338c7ec63c308fda647d110c3d,20b7ada9abab7247deb240afdf07c84406c86c594fac5d9f3db11f1871c83166,1,train,1
310,[310],94f981a400296af31160692dbbb14079aa587db1cd90fae89f92c6b5e1e547e5,a11f622f9d3cfcf3b822a31f294dfd4bc11feb9834d9b7de0f710f4e09cc9ee4,0,train,1
311,"[311, 1569, 3915]",15c94bd52ac6caffa178583243dee88495b7e68f09ef4630415b9dc5ee911bf8,eedaf2e51db6dd172b88b5b74ae68e5744b3b100d5cc961b75559a3f5c506a31,0,train,3
312,[312],ff2583eaf137c9bdb0be89882af5126ae3474eb03f6968b2c7ef8468fd650dd8,ceda06c507b6323403bc73d5def5b649d7f52c1dfb7d3284961a3eb277fe1017,1,train,4
313,[313],351d46d0ad0f8c1747b613ed0eda7de1dcc6f194d85b0714c3c46b00053f1340,9ef985c69de3528e69ec4e23a5a3b72c4432c2416006ff1df41018e0e075e4b0,0,test,
314,[314],0ea4101549f0fc164b9096d67de09009a89cb5ef974ab42ba525f35107a2fb09,cde29506ed31aec87582a4b6e54cdd8d44372a229b909efc5710d4dbf93b1c23,0,train,0
315,[315],73018dbf1d2996024b95cdfdb98930ab09ca1e40ee849d9eac5ab0340923cd28,a400331b0b5be97a0c41d5481d1e6f16ed3a5e6464f2baab90c21620627fac79,0,train,4
316,[316],8857ceab4ad9e557e81eb4c908f21f64ad4f238d462dffb54ee7df58f5032e78,5350b0a5586f63175db905589c17c09ff922eefc6dc59d1423e53832316d9814,0,train,1
317,[317],ce883cb32c5501574e19e992a52d19fb43302f2cef36f6a54e1874602871b76d,af37f286e8e6f059462e2e9dc26a6fb1885430185a03200fcc426e9603009834,0,train,1
318,[318],b8a36eada2dbfff27a71139d405dea128921fe31753b1a07d30540cbbd9d1b7b,9a29748d00914f1c51ccb8701a842b94c1850c1dcf4334d7e0d2667a16a350ec,0,test,
319,"[319, 5462]",3a09e4b2bb81d8dd77001ff0ee8ae0c7dec99fd97b64630fd836c67453b5cf8a,99a0a04f46993ba0a3610784005890134240d3913d51f70080173e74c6ff3b81,1,test,
320,[320],110673847dd2b05d7dcaa629c7e823ae29052a0e2a7510bd4f387f7d22a2e1fa,066708c67983893d09a6b3ccaa02bcdc2332bdf041d71e04e267ad1e46c315db,0,train,1
321,[321],5a0624004c1cf651c21359e1772d7841c25dca2ebd8a4a48ee72d1a4303eedaf,717a170cb60ec96de1cfbaa951e85f06ba9dd166c35e8c34a712cbcd7daaf432,0,train,2
322,[322],6b79c8d5cea51a960e90e6614d87e45e5378d479a7f5a7de13fcf835591d3fc1,9eb9d0d844487e5aab987e7acddd33489830792fd3a5ee8aef86826c1d3a2501,0,validation,
323,[323],6be12d2327be6ff3852bf5198f15aad5c9af634e74c59619fbc0951fc8cced1c,6d89f4a7a9ca0bdfcd3595391670cc7b7ccd0c7990dda80805506bfb5d85e354,0,train,1
324,[324],a25861bcb09085bfa590d82456b851a6c397de36d2eb3f24587d5f8fb31c25e5,45c802a5e91bc807a6fb09ccc5b31831e1d598e9f2de0471c9c0ab66119fce74,0,train,0
325,[325],2f1f59395a4a2597c7e118a611007820fe85a0d2490888ba9d18214961531440,3223ab66028de8d78c218477f33f5e0d5d68f83e2ec338d8b3c9f41f89efcfb2,0,train,2
327,[327],85ec56f0ce86e816f0a4a4b67ecd01e67ae32033aafb3e8940e1bc9b61320a40,f67ab12d2968898e01b6630d6a7bd17bcea3863e26207be91e8a9c5016c66dcd,0,train,2
328,[328],6f1ff972e5a65f91fd17f884d8796370de497156d95a6346faac2c6e6d9048c5,32b5d7eaaf45923dc0279f26a03a3a19770e9099dfc9a6aa975f3cb760cb57b3,0,train,1
329,[329],f95aa5b4a675055844529a97e58bee31b0d4031a94d052b9fdd2f0c9dbf17e55,0f70b9e07a04155945d79156988a615ab27f0bccc782fdf62a15769a2c69a3d8,0,train,4
330,[330],604378f6646ab77c4297a54261f74c6455d4ee19804d785914305624c56f23f9,2cfb3589fdb998960db3f3f1ea760fc576c620ce4d99a07c3b4ca263782b3ec9,0,train,3
331,[331],401bed455ea16052624a2812316a2d6e869dee46f79d9bb8e13e84d394f39f9c,756b91c567b1d23474b1edaa4ad72b1cb60904c7bc9a1dec6a401c5a8c893c81,0,validation,
332,[332],727417c96d9595a27fd8e477f7782f7ab5edb95651c2bbc24e8d27bb23a1880b,6fcfacd6017429330d0730f1db502ac9c40f6425c65948c8b14e0fbb0934b5d2,0,train,3
333,[333],5195e218f0f61fe8e82912602a321f91f1f943ee28b55c6f0cf237ba40ba801c,573bf2af0483f144db85a1c3dcb45e0839a15ea942ef4cd83478162aed3a2f1c,1,train,4
334,[334],1f34d47c811b38229f3ec55afdb98118ac9572105ae83baf4786e852e619a8e6,db5b0cbee0fd1ebd64aed0dc71a3e2cabcf9c379d5dde172d1fa332fc0ea1520,0,test,
335,[335],7f02a94f727aebc0e40e9b2b7b95f6eae337f3276d3ce37c6999c6aec3a8b890,a20b78f646fea01441d7a6cd323bdaaa6198b7805d448c5e8472740dd5b587d4,1,train,4
336,[336],740c20b32bec50beb5453df7f5a4644fbda85d0e642d30c95b8929045aeec66b,c2a7528c9ec6e1e385e571f4dc6e99d7e70eb50e92c326dd6443db7b8c1ce1b1,0,train,3
337,[337],85aa2d40026278ed918e3d97716a79e0241c67156578b543b64023a45edda7e6,eb0f20d9870ba0d4e794d2bd50a06ec26b90069a6ad5f76df8f1ed7eb7497f59,0,validation,
338,"[338, 775, 5541]",aef5aa4998ef0e88d6ad9a2ecef90eb29ad9574595d65878f70db6b8e47a4ae9,3a2a691781beacedfaa36c0c99d6bef5b2bbc0d0ea9e40f00457dfc9c7c734f0,0,validation,
340,[340],a33bd6024bec198320f8df75aca1a08bb1ac1f08c18851e1e2cbf469ed171395,06c0f66c53446fb22dd5726c25044f027857098220c33012fcf3348e8809afee,0,train,3
341,[341],b9acde8246ed0c9e60eec91e81bf482dcf8b09a9c82e7d40fc6c8917f409d928,bd9e9af6a5fee46c7037f0b198de820f4ed79b2f70155775636c1ad9be3725f7,0,validation,
342,[342],dc75fd0a6288e3da874ba3030908554c50b2dcd7bff3f130bdd96cbf8e963bdd,fe74344a57053d91ae8b32516e98db542cedef863474847a1d5c470bff8914c2,0,train,0
343,[343],dffb58db08b033dfd0401ac8f1efb3fb3f10c40db1d886b5d37c8c606be7765e,9ca66e55f86e82830356e86ae673c1b93e7235b5a9d26194931465cacddb79e6,0,validation,
344,[344],87b46e046d9728129fbcc9df78ef03d263b35262f950a8b2b8dbcb6c1b495e06,a61934b088a87a0415fc97ba1ad060205650ce5343eed1d52432c5d5f20178e3,0,train,2
345,[345],3ff4e6d9071c7ad0b61ce01cb4ca492b1ce10dc7518408d9465c754fd6304dec,29eaa142fb0dcfef384676f4b06c1895d6fa5f7d7b2784ce136908a8396328d0,0,train,2
346,"[346, 533]",9bed3a2e9bacfaaec085db416ee72b4ac9d560761e3f685946210e47f3befa34,a600291143172394963730f43412da1675fab6b42967657b36bad1afd5d7204d,0,train,1
347,[347],29de9f96cdebb7310925523449390855bf86495c2277d55aec8e3d549c21f348,2875e1092a510f3cfac5558ad98ad7fd9d928b8df4c305aa87cc4e4cc2d69e04,0,validation,
348,[348],0c438f9cdc5246dddbd18f48fd85af77c7c303242f8fadeb9f43dcb663f6f094,562ee50294080d22746bb7fd0c5b09aa6e8432ff2049b05bfce9a42b62889e2a,0,train,4
349,[349],d79b24402357c58a82003c527b30f9554da256de23dce2f75dce26e04818825d,b38e8ffe3bb42d72835978d52515e5bdaafca732f1c9f26ca13f35e18d3c31c0,1,train,3
350,[350],e6066dfd2bb328cae65be983af57b3786f077f270b978a30d95073188b817148,95a99795ecbbba6c630584ad3aa0de69db87942e333aa5ba54c2ce7b9d2292e1,0,train,4
351,[351],1dcee5b089d79972ef63143edde04877a3a8fd44ce0cde6b1c898c36219a3b99,c4df0695512544991c64b40ee59d4ea9eca4dc60fa6c2dc73887fd3bcdfe610f,0,train,1
352,[352],fecf10f824dc9048282044f38d55b4e5f8e73aa38e7f1184921c936ce438fa8c,2fa7d2b161d1e59a619c849b426ca33d1274359aaa6f6934e97eeb06533ffa2f,0,validation,
353,"[353, 3165]",0cb6fa44774d179d689ef1897df0ae8609b4bd865b5f5d0467a90fbefdcc0e4a,dcef6871657cd23cfb65771c6790ec235e889e6fc3c19f9d3c147ddc1df9f0e5,0,validation,
354,[354],62fc84e02f590ca71a7b3f9ffe809222bcb0fd6e188dd305ddcd3ae0c34dcdce,74018b6d3f98abbdaba718f81d2450be7b950653572a979def5b658037f95924,0,train,2
355,[355],bc988e5ec20b520448942db8cba85ea108372d216bb410c71413b8611d21c0a8,25d0813cd2229f72241a0989ea89538167d01e6da7e097e10b598da127a84420,0,train,2
356,[356],db9fb5267a757158e858cd313b43e628818184bf649429e3fe5009798f673317,782e4d9f6b7d6a1f3a285c196d2cb0778e6177f863e8d0facc5908d90cdeab56,0,train,1
358,[358],10087b865a417705eb608176ec68d33bfcc01999bc8be284862d274b72fd160b,a971c5ea4d579825b9dd875127206893830dcef6f1444a53a572de68e7a60d3b,1,train,3
359,[359],debef8c65b9681c9d6c6a0c5d2a12badea58f580d772820fda590a25c6a1d559,170fedc9b0ed2fc1f0313261e5ba3a23776881523c20f6297f4255b493ce3511,0,validation,
360,[360],16e88ac5614196a2330fa008053d5e3529d85cfd35aa760fa5b788a4b146fe6e,0184b57f36c5d418f47d784dc7a46a291107877f41d8eb5b5167d219a9c631cb,0,test,
361,[361],b503cbd7139aa28212955f829ba214f94d0edb844b9d27c3e61878b420bb5624,3f18eda87a6426112466da23a441f52633d7c12bcc715934ca29f5c3e39ae23e,0,test,
362,[362],0c76f4730eae43284cc695a496fa6b6713f41954227e03767fbd152c5e2b95c7,b691f40700cdf1aa4cec66f0791b8a10da3cf2fcf7c8fb9e903000266a3c5c22,0,train,2
363,[363],6cd8acd0b44ebc87816664435722fcef2beb7a1c9774c0b04185178edcfb76e5,489158857781ca1f35276b3d6a82a08a9fba823607803cca2ebb67610a484391,0,train,4
364,[364],43f503ee37f1b4089512d1c60600f8f38f5d496c99c6429f9c7c4a20e2856b9a,819d5eff161e019a7b1eb6481373e3c0c173864e4cf4ee643733eefa6ea9f195,0,train,2
365,[365],f34f4e351714ca3977c06b4d85aa732fe04c9258f906462e92872412ff5ba64b,9f6f64d3a100dfeadb10547ecdd59d37c4ffe591aa0fe1a621c1fbfb03170331,0,train,2
366,[366],f005087f41601438b7bb2c4c1653e61a88d4713603ce63cc66811bca0da1fa55,2ad4a45f33cf74bb69107bc215870b56da343bf02a532c3ef8fec5b94301eb51,0,train,1
367,[367],56061aff340d0e65be42a39171819bc4592264f9202ddad4f6ae44009a2d93c4,3e9235b31c46111b06bc5e3f1aebdc8179f303f50df01f749c9cddc1d95417b4,1,train,4
368,[368],92279e0a0838dc43f073017a747da6311482f5329bd536459363fcaf0d0fcdba,d64ecd53db85422595b4aa931971f4547020779947ef930b38faecd289166573,1,test,
369,[369],ce5d2c768dddd5baf58fd1bc40729624f48a02e1c8fd1fc3dc07dd5f4d5cf66f,822974d4efbbe4235ad215a9fc2af64fb9ee5f3295ff88ec7f6594fbb0fde34e,0,validation,
370,[370],0fc770cdfb5638f1f0331238b13d00b9612b7c5d2dc98442dc769ca876ddd519,e21f54b0de63ee943cb0058c0b7734a5be1e54fb7b6daf836b549c659719a137,0,train,1
371,[371],2aed92143a7b46f629e67a83a0699365913eaa8d0a83f548766cb4940ead61ff,4419a8a382f30323bf150a28e0eda9ab4f14c34665ac561bb458bc7366d5af1f,0,train,4
372,[372],51abfc245a17b88f4dbe517a1314653dbcd6bfb75cc7f815c7252da7783aa86e,0cab90deb25cd6c227662adeee0d2ed9d58ce3d4cb3e2705b2c78fd2a4b9f6b5,0,train,3
373,[373],934c9c420d10245ea53c86050c47a5d8a56c63d886be9ef548ce6473a4ed9f1a,564b7c9799249351acc768cd247f5ac9db2b1bda4ad62dfa6afa3d161304190a,0,train,2
374,[374],95283d6204a4dfcc86e41ee4cd6e6577e94d6e7cea5c8afd5f9da7d99b5cbc7c,7d723bed5f07a5a8829650c571e7ec090312167a1149e672d3d677807406de7b,0,train,0
375,[375],b6cc8e95c3008040dd9a3d33532200d58d511f724b23b25bc97d5ef785e95cf3,74163dc9ce1ca65d477ec335a28cb9637099a47aa41f5fe72509608b1569f9df,1,train,3
376,[376],657164a6fa2ff584a187158808e5fc1cb85efa05c8f42ef6e0daec22c756b510,158d6d6643a93747e1f45eb65d337964e9a9559747ce9ddd6545f101bdf87929,0,train,4
377,[377],47d20a79eb93b314c2b63014e74fc4f80182444e5136ad89a9858cb381cdec92,f45358f36b3c701c0e6cdaccd75e52b7026e20e674cc02ceb946822ae65d0083,0,validation,
378,[378],1ec30061b551e601e330cbe3b65a76528c154768469786a0192a9d3c1a3c6587,d9e1a212adde84399fbbc003be3f4885d47a6525418cf87575face83b9fdc7c9,0,train,2
379,[379],4d378c44069d371af90b8c01ca84c74a6428835bd9c9d352da95c451ac2a0e99,2b03134be9423bfb9cbceab7f2e0c5a002d53158c57120a1e93c4de8b42c17b5,0,validation,
380,[380],60b9e413f38c6fcb65d9fe6b0669e45e2e89a2346f8c2b9fd8a3162b2439740d,567a3b12d56b0faa0d468e28322af3214862ca871f19cf23e3501b3dd9f4a368,0,train,4
381,[381],4a28a2b77e6ccaa6334d432bbb023fd16813f80a6b686eb12cd50f624153ec85,a6448b6d061e2270190bfa443b1c637724d18e2bf33001f4b46a436055e78131,0,train,0
382,[382],4f83c8e8701a7dadf0da400dd1ab81a136969ae7376cc68afd9442b4fdbc43dd,0dd623de045383f782b4a3090275a6d3489433e6dd51012d7e47877c1223ada5,0,train,0
383,[383],7df740b9c34c582e82235f51e4093c84f1d5a906238d9aae5e0304d3429878b7,8a816eb1b8cd4c1c4ac8049e3958ed277de33819eedd4f253d56e74a84a1dfe4,0,train,1
384,[384],77b00a901c30e04a3f6f4ce4996cc190ab68d21da0976041f9d104c460b49249,3d4b6846879a1d91d2e4ac579a334607b51fda3832d9dd7761c0f2c784b401a4,0,validation,
385,"[385, 4196]",7e9469b096ce532d92ef9c58a4b5abe14929c0f30c52aeec5196d5697cd18d47,dbb7036fd577c2947940761bb7fb0b38a0ec0a9e2fe035b2c56e765ea743490c,1,test,
386,[386],bfebb5f0737adaf98bebbe8d45bfe75541fc8f6b1cff2866d5bc1a397661cd4a,cb9fc6f20d88ca8d9ec69a13edcef576184284de06a441abc2c27396e56ea208,0,train,2
387,[387],3f20ec0460c0a9b0fd37d94762fa002ca3e119ff9add6f7eb21887314b82f729,95b7557a90a8fd27cf4c77e315bdeda148b53a09c84ff761d97eb20b055a1c58,0,train,1
388,[388],b1283e19a6bb639b80e5177f411374fae2dd9ef3d8068eb62ca2eb6fd5637583,0e76e6851aca3092e74dc1858f4613cb2ebd58e906acd7ae5286a97506fe4e4c,0,validation,
389,"[389, 2044]",e061f5d122d81c051c6f566109133a6032951fc00496217b4bcc8332df015e78,8d69f49f4d78df4837578c223dced44debbeae5315305321be61864df984ae56,1,validation,
390,[390],921b5228c887d8d3abd4696daccccc0d43561e56e6df9feb242532d5465728f2,dec9014eb72109f715a63bb98a50301d3f29fe9ebae1baae8d5fe30ac4e8cc08,0,train,0
391,[391],91bc248fea1351df909fccb55b4f16425ce88dac4c41dc61a090cc5a76bd5f1e,f6e5e629d8a90427c1ed74c9ddbccd30e6eb95657b2b1c103b5bd4c416f951b0,0,train,0
392,[392],407f96ee6c3d2912d63f6f61d4ac0670d29efaf96cfa0cb0b3bb77b8dee13008,cb452e4a9a81812d97663773785cff24258d3fecb094b1a4afbe42176e201e8e,0,train,3
393,[393],7d69a191d574c9bb319188f3a2878c2fce3b1e165990ee65b29130e540698490,3326d983c62404b23791b510fbb16dbf5881b36e061f9266f0a982d7ce545b41,0,train,0
394,[394],36707e43f3b269995393c9e8d870ab4edaa04f17c5e297fa79e78f26c180a0ad,a7af2a458885366fe4cf132610ef106fa392526475f6851a4dcdbfc50b28be8c,0,validation,
395,[395],061c4875bdb2f8966e5b162e461ca497ac256b0a59fecc59a20e8cf8d1f899a8,034e67de38122b63e1ce329080e698ec4de05559e181e1c7697b03a344014427,0,train,2
396,[396],3d575dd5d6dfe482560c7f9fdb2a5696b69f1c23387a5de638cce9e9a7a9dde6,9fe35041aba213e92bd86c34e9e5a46d6df3ab0fd527823e1a4755d20a91be53,0,train,2
397,[397],6486982ea0408607d6db45d6e87c1a4325fab432136f0a2853972f8591edc91a,8eda5e82a006867a80fc2eb12e556495a1a0b0b44319fd9d0c93bb0870400393,0,validation,
398,[398],d6750822dac8c965de6be76a0b220ef3a1050bb92456d2a9a34d7a35ace94f4a,aee5e3fce0047050eafdc51df68e636e7729303a7ca43acdc659b8cc2b8e1a3d,0,train,1
399,[399],85a3418d6e38828bda22a141b97763fc0baf7ad43c6776c9a587f2541e98a854,b21803bf9feb87ecefa7d830d74adc58b3f1ec027e940d18085a7e455cc328c8,0,test,
400,[400],a6e28eb473ebc43b97f529909133de83fdb67a0e6fc16060a78cb058b3ff237f,5318f8284b12c82f50254f1c334f32c3eabb848080f2005356930224d7f20490,0,test,
401,[401],426ec9a2f782dc4368076fa8961a5d03674305c6d6275b96dfda50ffb6048640,cf0e749f24a5dfb44e79ba27a3b8e99fc5b1b261f4104efc50842669d53e3e81,1,train,4
402,[402],7560cbf6fc60f50f2ec8e9e9e5b5f8f6dbc078c4b9d65165e4719709a1767147,1c13d0970b7101ecbf19be08881a018337378a74d8b8766635d8b510b19f74e4,0,test,
403,[403],702f8978c08d35fbfe1f83025776d29088118f66fad539c44ddddc630c5faf44,dd6a94d073292cabc8585fb31b005e6eda7ae48dbc8268488abf37824b184c54,0,train,0
404,[404],de5d4283dac6084f85d34c36178d35f943f96894d27e83d47f6e31a73828cea8,5557c73007aa8048ce4cb4886752081c85543a080efb61d06a13ab074cd82b59,0,train,4
405,[405],6b914f6f2152b8986be17b6efa2a7a76b4c9a45d4de6ad365ec398b23612c7b3,31b1c2efe9d6856f49600820abad32fab52ecd08f61c697ec73fcb540c498251,0,train,1
406,[406],97b32bdc201b146bac8ab930d5775f266c390dc939adf931e9102ad45f7bfb59,e54b7c5c981b65448643aedcf36a3bb91186f4c920ed384f3c247ac84d36b850,0,train,0
407,[407],68d0d0f5828973fb6209cefe8da57c2412549ca52de0b2b5c33cb96e5dd8e106,315c0874b846c915aee544a2d6040f50211c4ea0fd1d4996ec56fda1add897d1,0,train,4
408,[408],d48da3c9525e5ac8633079c2b75b49f86424354e446ac7232234a1f16de7a4f2,c206c54eb6ca8c3b7ac6c5ee37bf22a390396d2f3be31e6efec53a13a5d44ad9,0,train,1
409,[409],3b9ee66b2e47ad38f6e4c7fa9369b933ed1b8a03197d41bec68f48f7a078ed97,4e526279665cd30abab07b67fb0ca6d206d3508b5288ce32ea6eeac468f84b60,0,train,3
410,"[410, 1140]",0b78e2eeb3bcb0b8bcf1d8c2a331c991b5a3c5c530f735ec64403bbf86b8cdd1,5347a4f838b3a6a852a49bb9c2194c6bec95ee5a6b17e6f1ccd5b1b04ebd747e,0,train,2
411,[411],72ca6981798d97f74a095a16a5e4836b036d50b5395d05333e017646c0519a14,ea6c20bd64925699f60e78d7d7b3dd350dbdce967e3050f2ff28ff1fb0fac638,0,validation,
412,[412],f290727fc2190ee6fd45360038342279c8ffde46dadda8add441df623f59bf39,ac346a47905b62b57cae13805f8d9e8ced793a9c4a5e1a757217004b06beed94,0,validation,
413,[413],197986540919c833c6d64edeee01ef6de036536017e4b5292794f9e152e6b68c,531d28ca27600d22ee3ac17e8762e0cece76b6e5c6836a1b42e135ea81a6cc8a,0,train,4
414,[414],464856dbee1743fb3b4f60f8eefce6a42f325fbb58f8ce5aad1d5d784067dfcc,45521d8cf2c86b021363561f8d6ff97329c3ac33a9b79a423f9a24b5d2403e19,0,train,3
415,[415],ab839cd962fd03f7c5e383174cc1d6a54446c25a84a4c176d85bf76da7ce9f8a,e1c91f01c577243460ce196131ac8da246497d8a626cd4300c4f22b10f5e1ccf,1,test,
416,"[416, 2728]",6229ea1b7e00f83dd0d804f77e5b98339f26111f22f66c5cfd84b3b00b90873b,f9e5c688a75913d1670b71805ba372cc00ae0e2ad13321c347da9cbe72fe6659,0,train,4
417,[417],ef04aa31f8f0e875dbcd3d9783ea79dacde71938e8010d3fb71b311c293472ce,4de7c6b14abc386ccc596d6c8fe5b071a3ce378f4eca124935de8e6f14370580,0,train,3
418,[418],85af14c80c4e8f613e40b04bd918b8c1375f03eacbe0b0ab16f7e26220edd6f0,acccf7052214c7243a2a2c282001b962b6cd9dfa71bad7d14d3fc740d0e5db94,1,train,3
419,[419],99e33cdae5aad9861eb6b7249984d390e6a3581d4de52757553b38ffe1c49e7a,9524c11db3a607a9dbb47e6b7c36cc272efb304b2537c634bd94e90ff87b9699,0,train,4
420,[420],e798391d5009533eefee944344eea5631387e16e3f28429595eb2566cbab6e60,5eb578b46f7d604e25fc630f913d77154a0a0270d1914986f6e4cb7a9df64e37,1,test,
421,[421],08ff25fd5a2e3ed4c8d55671599682b8d5041bbe8bfa7fc20735c7159bd856cd,cb57f57fc14be511ed189669177c5a331e6d39bd0603b4c3025ac9f7625de7aa,0,validation,
422,[422],7d6d3574e1479ad4c7a395f0d8a9fe7bf7b783b6da03674401779011af31d73b,2faaeceb6ee32f2fa5731c166f2525428925894c2860574c285664598843212b,1,test,
423,[423],439c16d6c5fb9676545224e4bba6bce210f5c153431235dcd6a347fc6b815c4a,85f0f6a8a2878626bcf8f0c73b6bb6148df9640b6c9ccf99a47d3467fbb9a1c1,0,train,1
424,[424],b7a7569b081eb9d56c41ccde5258df0339bceb758c58194f8f3e0cdf4380c8bc,9bc4607a9bca1b37fac0fa3fca2d0561689ddeff13505cc26309188dfbdcb928,1,train,2
425,[425],8f2413ca2cb6ffe1c4974ff7b443ec030119936d8b37a30ed57dd7227c704cda,d53ed0d342884052abe2d69e69c704a7398fb37107b1fc540e959bde8ae90fde,0,validation,
426,[426],8d1bde35ad3c28c33566317977703a058af886a2e79288e08ac10d8b2314093a,b365eb368c43be87aea217936a421507317a53af4f9bb340ac2ea7cd81cc0a7b,0,train,0
427,"[427, 2843, 3471]",45783751305b57b07a489cef41ed2b9633e77e8a0f9a7d455320ad0a80045014,1f4b5ea74a375c38ed8d4598942b8fa3c237e0d4c4c26dbf4f3c06fc71caf483,0,test,
428,[428],eba935c61650ce4cf9801b09b7980071c4e9fff31dd92bfd2ee9e6a7da05697e,b28ece31aaf02e9d6d5d8be5513757c4536d98fffa773d9222e8b7098d2dc782,0,validation,
429,[429],9475fff97fc8b90ed901c584811534a92522bd8d6366b72c644f8a69e9b7e667,3deac111178700d9d0cc49d6787734ae0d62e3ef876a25bafa5c1c71943e6eb9,0,test,
430,"[430, 1984, 5107]",236821b52aaf1f8019f3b904cf4483ffe1851fe8333137c538ed3e52089b9800,33e83ef94e1eea4d12e920aaa90152ebb1c62f10d0692ac76fc4115da8515fd6,0,train,4
431,[431],438073ae77ab0520243c02f4b501cb5c7c804328fda8d6b084202fbe7d1f3d86,75049cc389c696a3f343bf1413ffeb4bfceba53fb0070c59208c81b2bb6d4ba0,0,train,3
432,[432],348a83a4e9dbb5e9166407a33341ee40c805ff311fba3ba87595cc577230aed9,5267a920a72ed905e335851a78f7efad267f5959f023c3825a6db8c522be2165,0,train,3
433,"[433, 4169]",77b0aedb075e3c17ad0fd5e7e8141f4524f580a88940c8f08aef388755a14212,19cd6ebbe92bf66e48b109b6c5bcfa7ecd53e88db3f8fd3199259de1fd4bf19d,1,train,0
434,[434],5327bd2997981b23e1eb9dcf6a71425563e2824b352a720a79e82281e18aa041,819dfd0db60a0f0136fef9a15dcb42dd78be423f10d8d3978df10e449bb66a41,0,train,0
435,[435],fed1efd660b0d262b6b54d2f3a8df45c3ffddafb2d6f29c0b9bf088df5fd41f6,84ecfc2d3ce791e210f6d98ee254d2152ef968cdbd4dd9c0218992975d3438ea,0,test,
436,[436],92b3c8edb61b5f046ee940076bd975108e2a297a86f5d60af8eeb62699332b4f,0fab4e83dadb69c7c5bda550c2f721699590a86f58703fdd7731c3f4ca551626,0,train,3
437,[437],30e3362de993fde2ac2c6baf29808bc8354b34ec7e1303e8b9f387429d62a098,71c3c4a07f40a9ca3699df3a4075ce8a3f3e5371d259a8a820de081fa8e98daa,0,train,2
438,[438],64331786e6e05a3a3325e0557325eb97f55ff53e4ad4cc5a7a2dbaf844941dd3,57181db5bc73fda0c01d6fdc9798920941a782bffc1287865ef1b9567aea1183,0,train,3
439,[439],9443ed96f4cad6fff95c6b504e10f132b8dd29ab81960f9e1f4009ee755ea88a,79a19e910d282c6dfcd8aed34d0f85be2956c89e5e16900c5e66469582f0b719,0,validation,
440,[440],0154da89af6d3776d02e3bcf8def516d0920cdcede2d8c37a4f13ced8f515e40,c9cd54329aa108190a258a1b670ec0b0ff5f9f07d8d120fb2c46e685bdcf4e02,0,train,1
441,"[441, 1003]",a00b6555abe04187bff852c761148d8efe9c4095e0c60c7522fde65adce1ca1a,d370684b4cac4ec850123ff129b693e92b602c0f8cf825494bcd44817ce61ef5,0,train,1
442,[442],ce3eabda8a5e544701b5ef1b73204822a21bb5a62e56dcb125a32a8ada5450d3,bd9f40cf7852f6d42af5f154b7ef195f2260f5283568a8a1b4d37a677fa22a5f,0,train,2
443,[443],11e1ed417f5cb1f79d52be64d7c7587b5d25f88c9787b9da7caec3bb025b7d32,264d3a08fad4300e7ac9b8d2a985f0dd41d35a441a63f66be7cd3a1d3ab8243c,0,test,
445,[445],865d1f7cc12e01f62a42a74d604b32f3af7a22a23a79f448484e7f782f1fc231,e58c81c8fa29bca2a8712b2a3e8e3ca74cc9cbc643ef5a140b07ad86bcba5d2f,0,test,
446,[446],736e6ab2a03e6e1d69c336886eb5712383fe631487ab20d8033833eb65f567ae,c0cf25c055622be2a8cc38dd1db9e3d49b3647be40f02595da3da249a680b416,0,train,1
447,[447],3f6068737f7a57dad8c2d68338ff5b612a8dca09a28c951f6be471a9deadfba5,22bc683a76c29142b8cfe5d2abf3da2b1690713dc0137e77e0314adf2df19f6d,0,validation,
448,[448],49323d1eb0a9bd38befa8f36182c66469a137f3d5acbcc9596aa6bb566fab751,147af2c3e4bf88cd27281b78783d307a5a3fa8e3e86fc919f29082b4734de85a,0,train,1
449,[449],3f618e37c4e63bd3febcca080cf051e871f169a8575b57ae9e90c0007d4893a2,aee3ea39c582288237239498ff1a4e810b7e4cc16e0d91e6b3b86dfaaf9261f1,0,train,2
450,[450],95df615c60ebe61bb5bf1ec3d231e9f8ff48c9c2aca87273d4fc535a35424319,023568db95d33de56977291d6dc266348be34515294f563a5a8b3b8808acb087,0,train,2
451,[451],d1f133aba14a2efee2ce9bc608121f8615f9f6906b07e84c38ed6cb4def4fa14,4869ecfc56497b63d6a38d642f95fe8190709e1924c13ea2dfbb55d4f7770f71,0,test,
452,[452],5dd1bc8b59034996ad4aecf03626bd1a28435772d3c7101609c0b810044e8f77,e0dbcb0cfbd633e58ae820e373deacf462018623fa53dc4c057d16e2feee60e4,0,train,3
453,[453],dbf76225c31287906f20ef97df58057549cf5e618363b1976c7e2386d2c2d591,afc28f6a8fb8f789dbd37335e73aee78500da67c4dbf1b7557855053912d9bd5,0,train,1
454,[454],e8aa2d02032977ab84eef723cae2cbc432b88890b12dffe998074b242d1ca1b6,c70e0e42abd7a2bd064b357fdf78f89cd28eb91afa0891d7cfe437ce33c88bd7,0,train,3
455,"[455, 1780, 3009]",cf402de79fb421b3789c4c440f63b661e7a772e0739186a3ad226857804a6707,c182874d9c85a9fc5fe1069635081b0b62eb67c976f5a71fc2fa5de5d31cd356,1,train,0
456,[456],37e29868f8ae88b3860dcb42a3e5ededada0df1751c37e2b3723cb433d8f0cc6,0ea6a50db4e7b63ffe87a080103647c9f7117110432309dd23c49057cc8f5016,0,validation,
457,[457],00a1688fae990e221dae074ac0d94bab96aee33bf767d3de9469dc0d478eaca1,3c5e186cb9206ac3a062bd7eb850c5ad263e8025f6142d5b9690e1af99050160,0,test,
458,[458],63c191a2623e99b0c9ca426cc9f0c88d9ce54c249741a287211c8c638b38554b,31cb67d5f7b261b61e0f1375ab00332c0c927bd0197c8974b6780e38ee1f8836,0,train,3
459,[459],b104eb47b8f255388c94bd917b11ff33814d6de5ca02afc6f1852fe1d5c592c4,39bec4f7eb2d284bd467219545df55bbeb388aa14a70acecd1ad770e1a7f63c6,0,train,2
460,[460],2cc688282939674855ca088feae0dc43675a47135befaffbcfe1556b7bac8e64,40bee292bdf96b0f1d45bcd08b7522f68c0d0f4518db7ff59c6720eae76a8f0a,0,train,2
461,[461],bba9077c09ad36e795962351a730ad73ed87bced8cc3e0faf0c501d9cdcf6283,6fcf1be10ec0c70c5090972222fa54a2ce2a7a2008e0af0341e516ad958765cb,0,test,
462,[462],6e722bbefa101370005f92611e847f1dbd678de299d17043d7f212455be2074f,406f588a5581d8ac32bf86cb9630f7fc40f68d32e576db5500d0769f2cefe75a,0,test,
463,[463],9262e7d1d2c13a7d6d13cf7877819f9dcee6da0d856517e7956734d1a52be857,87aa1358d7779ede29121de92dbe26849824d04444020f4a40d491a9946ab50e,1,train,2
464,[464],b94dada9e7222a0cfce2c47e33e1e6832e201eaf1446a6bbf0e0534118d6d69c,66c6e772d3d6e42648e9e0e19f2b4a9ff21104670aae7709a88bfd0284c94d68,0,train,2
465,[465],b436f058f453c75d202634a698d2298dcee383c95dffa0c92beb76f4e4d8568a,d31e2ab96b2e51ac2d93d16d9f192659e049c9c04e155d714775263192619efa,0,test,
466,[466],770d9212aa7b75a4ffa8ee041e1a2a4bab2afb92eb0dad6cba8434957a3b6483,c1e10ba488582119ad7eef191d2deed3a6563e9194790e92350289bba0494590,0,train,0
467,[467],d2687243d31f0b92b954ff7d0ed210f7080e299238dd6ab651c244c808622fd5,b8ce39fd7911073aea61b0c93d988689b4801f3fec8fd7f2a59fb4a2b04200cf,0,train,0
468,[468],df3769cc0982a501251f14da9a3eeb9174691abbb886bca35c1408497554b32d,20485a9f1fd47470dc7cbdaadf35a5e65ed87c186deaa2770538307ec2aed511,0,train,3
469,[469],dfbb423975c38df397cb29369dcb050e85dc89d917a274c3533fe4fa184e0f2d,4fb4cf45b7dbda2bb2207cafb2130e870f1d50a744ca2e069f92b1dede9f5617,0,test,
470,[470],0b121620fb7b78d5ed654af131b4df1434c3aaacf00cad4dd080193c8c1abc76,aefa11cbb551e9269a610d5142420e43a30a9137d05e40e863fdb0676b111ca1,0,train,4
471,[471],3554efca8a9990976c61f75bea92a0b5f39b2142b9b2892f80a0ac63f0d05310,f79bab71e55eb625cac70112a7af9486b4fc556248e6580dc44bad66a0aabb20,1,train,0
472,[472],10720d9d09f5914d967a9a0286706aa0bdf2bd09fba70d80922b3aa1341fcd61,17d0dc6970378a664216ac6090099462a9cc3e44e8b124e2efbd94890b25d19d,0,train,4
473,[473],7a75974263aa39832d7f4038de110c4ff479a20d471970cdb56f1c173615d53d,e5ae0ea65166aa80ebe3b0f33be887f1a2b32d9ddb3a9fea27102458ea73ed07,0,train,3
474,[474],dd8469cf6cd15ce03b2e5a3d34158f2c868ccd59b63eb67805cdc4cfd2346642,b8726fcad791a9eac6f98ec6d543f717216ae52d55dd10cba4958dd733a72879,1,train,3
475,[475],9262b1592795ed9b54690b648bef1c88cb33d5a048fba3a07af5fa0385b3f95e,d305746e6f8121925f768d7e80da2f949632456d1930f61fea619ea1a46a5fb5,0,validation,
476,[476],a05969ec2367741e4c91fbce0e2c02a583e6dc07661f92014ff730cea73f883f,456b2c10d9ac3f92ed03b4a4885c4b80742d4dc75d50aec6d9810cf09899ab53,0,train,1
477,"[477, 2277, 3966]",65c560d8ba6cd16e10c4cd15bb948a944a1333310b2af59b23a2b371d39f41bc,3776899cfb950c09ec28b3f700307a41130634dce75e44d5e7e4a211a5cc28f3,0,train,4
478,[478],595c89dacd97779a736714c7c07adbe9b1cb89652055de3a6463a2ba68954917,5ee37bffe9dd19921595d7ec65c14c7b049acd95bc33c1fbaea5f3c77b376970,0,train,3
479,[479],508e48aaed781fa2e00f2eb1a3ddd833c61b1707f0531b71c136575d243ce0f9,79b23b3b74706f1f3f86d356c1e871b078b96b3729fb59d00f26ad5f3c77ad0d,0,validation,
480,[480],028c5a30240886989b71462b65191c70835f033ba9d979e001ce49cb45684e04,95a650d146750f995f395cca9ac9c241e578f02b143bb00afb5c0badefe6f183,0,test,
481,[481],e45dde9a19bb0ed0a4c88b8760a2ed2ad0b3e0bc3ff8b33bcc63efa3e4754c80,3966125b2cb53645fa845ea194d36cb7f89745c5db39185d0fa968ea801663b9,0,train,0
482,[482],b4e650b2449c9bba94779bcebd18bf51cc94cff64562dfe78784b4009e90d58e,263611bc69e232f86bd86684a381a814723fbdbcbe6e14e274f7f9305a220985,0,validation,
483,[483],99bb6fd82afbff5685a129fd6a0ef0d8f2ac671f8308147b33e1c95aba58ed87,3065584a9214232478ba0125746116323d00566cc1eb2f3209e2ca20a11152d7,0,validation,
484,[484],da2a8b5f3638e2f711e138d212198e43f99161309c392ca1e6310da0cdffbeeb,00b11e07ae40a69a39b7a690e25188cac4258bfd97ed20e3bdf80973719a32fd,0,train,3
485,[485],ea3987f27f136ba7a613eff1f74ac4aae31730a2c1ca4e89f6c79113bb9bcefb,9a9a6efdc4af993fc41d176605fe8026165de5b804422ea28569de3e8fa0341b,0,train,0
486,[486],0b6e93424acaa7e2789f318cce659dc9107a7664d20a39a5d8cf4e23d02b8bc8,2edcd5ebe2ac6de5538e2e33b456dbc6d421d275990504b9109396dae1bae356,0,validation,
487,"[487, 3316]",acc0eeeb7af68b84dd55a3d03dbf353f3e7028d4bf520e06a16c9dcc5ddbb995,09e29c0e46c9e4c534a5b667fc291a2c93ac55bbc7905fda05e99618a155e995,1,validation,
488,[488],6fd299ad8dd7a3c04757ac603d1d3fdbe4cefef31a06752777c1dcb0abb57c90,213290fc536130244500fb4ec9f64e9574687cc06dc015134f4fe86d041794ee,0,train,0
489,[489],a82dcf014f6d0c3aec3dfd7ca68b9e626fb91e178d65ca7cb38c27af9b0c1e2c,c798da97d019b40d50e1890d5ebc2b011c8379b7cfe39a37bfd22ef130403a4f,0,test,
490,[490],27899fb2b4c53b1f3ec97e9dfdc2f4afd5b9550b4c62e2b622918d2efe3a0041,1b3bf7f52402aa00f9a5994e42d05767f57547dda5406089c470af33e750aa97,0,train,3
491,[491],509cb0591305513c1f717c0c3a846c2b222ab0d8e2114d37bb3be804acb0d1cb,a77ec407d9563a06e144e3a3189f1f3aec3d7438bc39e5e2b57e3d80d2f1da82,0,validation,
492,"[492, 2300]",ec9a96beab841a4b4dc5710db5dbafa053d810ea3861ac638f2795f61e906529,7cec1d7d131f31af3b4a6d192fbbdb7381e041de3c79310aa52b8e49c83f993c,1,validation,
493,"[493, 2912]",413417c6c88b92ab26f093b97ff2a0c83804a8326c9ef3718c8d37a24bb35583,dcb7d0ed4b0c0aa3fc2129b1159e6178997757f991121e8094dab58ef1560ea0,0,train,3
494,[494],e1c6c8b0bc8408eed16a7fe4be8134be3f1bfac913bcd6275b00e82135863838,877505abee8af0dfe7a2d65e99d3e137ecc02cacda1580ae23268606d6e7937e,0,train,3
495,[495],d7b4caa9060b8c2238e59122e13e9cd0b3dbb71e6b441d0d847d4eb1031d0acc,fb844c0608c8d7c63b7deea5ff0de583f37cb1f428ba0ccedd12e4e147512e82,0,test,
496,[496],093c8ee9e2c983f9c4865e5a53c6efd9805e6563418a9ab33b8ca644c447c7e1,191ba92a177848141bbe58d121fbabd892cfc9bd5433dc41cd97d14b2883851f,0,train,3
497,[497],3b60b764a718bec85f6abe6225fd92281eb3e994d901323b7073a26c2ec8f9dd,33e37672b0aae705f22ee1769a790323d8fdf092f5993b71cdc7f0478f3bbea0,0,train,3
498,[498],f2a8a46afd8d2a10aa85778697bb1c01afe8e779f1cd3d2b6c851efa4e835d15,0b054bcbeb1fe918c06d3a55076748f85b567a8cd54646f8fc6b3e95cb8b522b,0,train,1
499,[499],b169f0fc8644f37178a3a64cb02aad0976c17677ccbfa79e713c839684dea35f,e7cd5b55d65744e9e52245959639a02fa7299be2b00d7d351c8f6f3337fd1755,0,train,2
500,[500],31dee85ed852cbc7712f0333dbbbcacd9770f383fa57f96610cf9b337a3c3650,64063ac65c99c598696e138909263d14bb28d67ac33c3112cab102cce5dc7cf2,0,train,1
501,"[501, 1459, 1721]",10f2d344a6978f356f0563c364118299f47bc4c51e34caf7e88b86fdd34f94f7,c36f8126d8ab9fd2238935d41a997433a7bae05cc5c35508ba5cdb29ec6df632,0,train,0
502,[502],1cd94fa9b61c518f1b5b1fb73504c766e669b59110d9d295492def71914942aa,45cbf9f5ea0be9f1788a5d238a16dc9a5fc1db949a274b1924f53f2a39b92a3c,0,train,0
503,[503],a05ac390996870c227699d433a679e2ebc7abfc3a5960efb557ae6eef49168be,1ca25be3131dd6929b6955341d939abf2a581365e4ee80d84df7c1af02b36120,0,train,3
504,[504],f29db827c25835498a2d3a94b9f702810f3262cbbc408168ce268e4bfd91061c,b37254902125f92d682e5e58266bd4b5324ceaf4b476ca7cb177af6e87efa57e,0,train,2
505,"[505, 2124]",d21f3fc566a87f4569a7c047ac2f3d0237632c0d528486c83fdeedcee032cb75,db13c6f7aa982ac535f5e43c29de2b2877c740962f26f1573b4680c39cfca896,1,test,
506,[506],c132476e397c818e8c6099fb2d8b49eb5f37b14bd8ef53932930594a65bd59fc,a7c1df81a693145e09abefcc2820663a9d320f865f181543be6c06a2ea840325,0,train,1
507,[507],240bce54fbc938a2d928aaf62bbc50a98aef95899af81df130874330779d0b30,187bde1d2e71c0f4997b00b2bdb0a558f9c890f0ec3ce227b948b6daf1a2fa90,0,train,4
508,[508],c972b58674f230a9ab468161aaf8854442577e13d423deb275134cc783e3b608,dc2fd126583922b652fa892b81d64c3b63670b22f720cfc5987b026fe9765803,0,train,3
509,[509],c2baacd9b45cc6456eb19e6de161876f98f5601f4a86dd849411960e0ec3a964,860732ecd7c7ec357a5f43a8dbdcf6577e1a92627bfbc9b12d35af04a870a6a6,0,validation,
510,"[510, 781, 1236, 5238]",5103dd7b0f307bedf0ad5257efc9285c10be8fd1cd8a0f09c69b53fc64194e71,16a032b1f9c4059fa841f6030ac69171b096f41bb761637ef71ab2c5e501d1e3,0,validation,
511,[511],705dc4e0016b5e887e5c250d70b080d5c7d3dcc1bbe5c44fd24a6fb3a22bf17a,d5466d7d29cd8598419c995435af84584b07c5c8a62aa7bf0822bb7dbe07218b,0,train,1
512,"[512, 2216, 5228]",e5ce42b976efe1f972690b6f3a72fd8df3d3cf7a320db5533dbeef9384ac53ca,011e1f9908a2809fd10360f916c0afbd8466941e7172878952a54107e064633a,0,train,0
513,[513],039ce6b7dd7cffb68d59dc254a7fe98de6cdceedf14fd55af0132a5b417dd9cb,73135b08b0dc5ab0d5eb67660549d5c22040341c2847ecd7ade08a6bb413c5f3,0,test,
514,[514],d932f103caab62c2094296edb3bdb5d3b32b3064870394a9bb68ca1f8cc91bf0,4b59902625a1d8753a231157ecec930c76b41c812516b5d13d5751a2fc4a7fe8,0,train,0
515,[515],a31c50f43afa0b8e1a1fcc0f12963fe32fb660a8192d3adb5b3ae0ed17ac4c26,4440641e7366f399c6d6128d2d14985e384c33273f941b5205a18dc50d190ec1,1,validation,
516,[516],cd85d774cb2318bebd77403d2c48197e9afae743b75c1e4ab7c32104079ece95,dcb3bd0a142de6d0bbc1560059de10caa528453315ab58511dec4783b4300840,0,train,1
517,[517],cb2ded0f0fe2b6495e055f5aab4e6662ea0b7ab27da06a4a85d2bc9501bc1897,26934482a853502c93fd1693d77bfa0586df35106eebbbb39ef82d1e85dabfc3,1,train,0
518,[518],5de69da375626a38adf96f2eed6b3b60885c13f388ec203fdef8c7c1f2e7ecd1,481958adbc9a4cac7a3c81365ba75ad6bf31f755fcaef988d85a60137c0dfc8c,1,train,1
519,[519],66505e781cd286481b80ff6af2978363fbee7537ae87ac1ec943d7e9473bdf4e,84e41483132140674f65877316f222ab0ebdb5a0080d52bbb4f1ccde47de559d,0,test,
520,[520],a5bdf148d66cd438cce1e4a9dae343fac324b52d4723e3476b3c6b86ae96a689,7eb0ebd359cff10c6bcc19c58b78df115444a3874bb4c110d55bda2011372312,0,train,4
521,[521],b97905b6651115e81172f054623bde76a3f0d344a768cfe17210fddc9d7d4083,83ac1f175e36bf1a6d7c363f3fac0467b9e54fa082d5769e63146e0e92cb9d90,0,train,4
522,"[522, 1996]",fe80a682e8d188c6cb21335f8617024678e014c5ed7e35ab34c7e6d47a966bc2,fa907637d6aef5a1347d37cba0bd13b7be6d5fc75fd5718aad2cdb69c6677544,0,train,4
523,[523],3d9d7454ca37c49b2f2298fd7a9bbef675781839ce51ffb09b30a08237ac6ed6,e19e7da4873de37cd4dd11515dd32eae1467f90e5591d6720bb0866dd07ffd25,0,validation,
524,[524],14553d7e504c7012f702b54da2b001f9e5416b5dfe8a670a62e11e9bfd1d8701,62fa950bd9158e7842eec69a574232f7a52a11ac575fde808b420622852d540b,0,train,3
525,[525],76b143289603373caf6b084a6c4965c0f38733dbdc49d6e50b886eab08cd3f65,51048941d2fc564c437bfa6d01fc3a66886cf8767de093516a7575986268efc2,1,train,2
526,[526],b08a5098346e130734adba4c8b0fe0d1bce6ee18a75c7cc347e886fe4371db54,6f027134051795b2137a8c22ae0469a1355ad5a92490df2f1fe01901e1f00727,0,train,2
527,"[527, 850]",f3c2b87d7afb53bb07644265bb9430c1d39ae0b3e1664eeaae1189df3c7ba265,bee7873125b82b3e82cf96e9ca81b5a0566649a252884b7477d910fda9da01a8,1,train,0
528,[528],2aa281de7af8d0351fa8cfb0f60e775bfca163e4a82a3bab03a3651619897f21,f10dadc5d11d829089bc5c85aed44b7b0b336c93e07901dd2682204337bab73c,0,train,0
529,[529],1f75056ca10b7be0c98c8bd03c4491bc27358fee89d337fb9d8853611830ba8a,e19cdab04e136ee12b5566a188302c1a227c0d00cd5d2582e8ec3f550a488b44,1,validation,
530,[530],bd64e1e8a71013bfef75d311c2b8bf872421373af8d81cc327b7cf46fa4c8903,022c741642f5870343b967d898b7a9c41807b21b69010523c333ba4583b589ca,0,train,0
531,[531],e681fbc01aaeb436de11e6b0d5921dbb5ec5d57fd3bbb280f485d4170597f760,c29c9cd0132f95edf68f9cfccd0cfdf40b48a743d1255f942f5c449b9bbe15f1,1,test,
532,"[532, 3090, 5479]",19a7e9ca2dde7c8de2e112bf9adebc8a18364909e74eabbc916b5936b77c7795,29ddd07ee84ff8a5e8c1764f7a8fcc57d38d5f545ffd36d3ee929f2100d3d52a,0,test,
534,[534],53468292bba69ca10a613371126199d1213aa7e2f9d3a8ca51afeed3bb723437,57a7174a28433102b789168e0a3f1893372a825c57cc45381456d59414475e4b,0,train,4
535,[535],3e43e3a36c2592a2407029f5387c7d7a52fdd816b8973561ae9aa5ce7bfd69ae,06eec9b157f417f5423eff19977a4edeff296d632a390039fc8e75663e1cda5a,0,test,
536,[536],6ee5be0916c8945e3d3cbe999821407f740444a572daa256164a738dfb8ab8e7,45c7651e02fa1e8c85731c225fb2614316a444628572cf58eef99187113debdb,0,validation,
537,[537],1779e055e4d754adc8e58c6fc7288b107c1621dc1691cd2b05239d6dadf09c06,0463c6b1a1dca469ec2ede931e19085842277776ab38fbda41df628f24e6cc2d,0,validation,
538,[538],ee4125b269b4e0caade3aa2e18a05dc593ed4c83cdc4af50c81028821936b884,a62a861ac24946d139c9c01ce3800572ddf3fa648776ac51a86176b69163ffa4,0,validation,
539,"[539, 1251, 4815]",99bddd87f9b9625d7db17884781126d347001cf233a44db766e2c0490d05db08,b26362c90670999938d3df385a5e3fe64f87d338f019b9936fbe76f23e243892,0,train,3
540,[540],84d18c21ce11636570503b86aeac6b4d2c47847d813e18d1253369ddd053ec0b,3499b093f650641ff7790973eabec82854c1bff9f0e696ac03ccdf03b0ca955a,0,train,2
541,[541],d9eb04ead0193b4d5fecaf5b27f6f20621239c57c35644c29d1f02fcd2ba8220,e6903947a9a42459aae28d89b00d62fbe4f231c5c77ef33aca03e8eaf948506d,1,train,4
542,[542],9d0ddfae13ba0a897789342dda1e620c1d8f47db8fbadcc1c80b6f7bd86c49ec,78e284cc4f5e968ee38f2c8c22fdb7a094e7cc8a04443e89fe952a3de047a844,0,train,1
543,[543],c57125d2439e79074e30589a6e9eddc829ef8fcad28a188a1476f9a9b3fe46d1,f1bc155fe85897941f2460af353f20bcec97109e1c6754e1ce86b379b54f6882,0,test,
544,[544],d74d471d598107a74197098c857edd65e7b6f78cf98c0b2cb2d4243add873ea8,2135f82ab5a8ec284011e7702dd3b3fd3a4e8b2d3531731bbea7d647595db6c4,0,train,2
545,[545],d6635665876000e88c5b7ad7534b76ae822187a8c1fac57e7eaf5007a86c02ff,f3d219eef58d8cbb80de2eb6798c9326118ff3698bbf036e112dc54d9f517e89,0,train,1
546,[546],360f087ef6ba492efa442524d43e434ae0d9a03b407dbf376464cd38927c6f17,4ec894a0cd4355050ece55556b8edfe544974b2f73eaffd1c78e6823fff4f319,0,validation,
547,[547],b7b6626aab313e3111c8d60e458891b10892d446e8245a4e8da5a9fa4703944f,c1652aa898b49882b04df6165a50d87f0f3f7f1136fdc2d2c64f09b613de45c7,0,train,1
548,[548],c8f278d91bcacd5835e96ad38ef76794cb17fb3d1bb5fa04b5a4947f025b7dbe,fd6d91cb8584dd11b3b4bf9b67e8b9b79127ea75613b1a3a2d2a54e7e1001786,0,train,2
549,[549],5b06e654a65c22d55a79768e7f60ce951ef938547f6d4ae06166f3bf1379273b,91428797f6fbdcddae76dfca005f76da893ca503226c2db9b2e03a7a7759cfca,0,train,2
550,[550],2fc03715b6b7454708082948d74912064bf903939022817a4e8cf01689ca378d,68dffaf0c10be8638bb8155347562e916edc0193b8a33432616684acf5cdf9ff,0,train,1
551,[551],dfbaf44fa40544969e2feec5e96a29e2bd6dc6b5e1432b5b9f77afd0c88b87ff,89263b023dfb2db23be92ea1a08498ba2285d6b8b452f48e1e276346d38b3ffc,0,train,3
552,[552],0027d28856d9c5331d2bcdfa5a5bb7004cd6c8286eb7e8beba4b209f79ffb9c6,ed8e2dbe9ea0e468bc260bfea240680105e01fe5555fc2497af1d2e05f166002,0,train,0
553,[553],6db7e671eab1785d7b0a59bfccc49941598ac023a16365d0f75cac2143c140a9,c53b2ba7e3a86cf7ba4c0d5894b584d951b5fe01dd1f925a692bba49ba3b7b48,0,validation,
554,[554],5e0f55e40c73a2a0290d0fd0c21ed61afb34cc52440807677a52617f9684e566,9eba2a762791968f79cdc8862b6c836e94fdc855fb46ecc72358230f9e78e62c,0,test,
555,[555],8ba141d5895ee28565b34dbf76c53e314f3ef6ed83b3236fce2af3c25406bd32,fa3f30f2859539824be2f58624247ae65b2ced2bb2fae94ed8c830aeb3eb2e90,0,validation,
556,[556],8c03f00264e6a91a30fddad2c5b306bcee1117ec75e51cf53301f878eb1d34de,a276e54b2360d8ca1a659804fe1b290d62a5a59da962495e45a4dba615616797,0,train,4
557,[557],a3c720bad825e3503274630d0ad42ee170ae33562a3a151f282cbe4d32f0ea9f,d8c131829e353dd5ffbe48d501279ac3a70f08b50e7cd812fd7deec090620e2e,0,train,2
558,[558],bba8b2ae1d53762fce175490be06b093e37609f8714d51b8698b8ca485d0f9af,4503ae87f7eca67097dd62a5d70b2bda357d0f5a4777df649265114ca79510d3,0,test,
559,[559],e6e7a80114b55fbb89bbeccb125e3bc26a3f29527929fb0b3fae9373ddea331a,c19f50172e51105288dc7f6e2695c97cb4f0fa2c1b48c067b931d0a5cfb68c8e,0,validation,
560,[560],38d2be7b4560e33c723036242d690d3a80166816983268d79ecbbdd49e15dce9,9cbe0d7c1d77014014bd63b56275555ee2253c684cd244e18484b6b609434df2,0,train,0
561,[561],1d9da6f27fe8d02d871eefdfeb09ccf34f2b9777748ed2f45255e13e0b6dbf13,c1436d5014c46e2bd6ecd559e2310b436e1224dc730267007397b87ac2fa7fac,0,test,
562,[562],ea7ff4d22526d94ef11a74493833ee7ea8b4459bfcd0d720c7b8ad6cb586123a,7863a98084cbfcdd9d784b5ed6634df8a0090ed158ebb74e03f7ab0e56d490aa,0,test,
563,[563],56cd763b06060aee91a48c12c58854a6d9012536871b9dc63bbb09a9e7488c3d,c396eeda8fd8648f528e2855bf2f7bf8c375491ed2b6c428db196b9172f8f6a2,0,test,
564,[564],7d84f70a7a52ba4fceb9ec6ab309a42a6e51d0a219963832e7b421ad9ff6e46e,638ec7438db4ada6b0728e756164366b9a00eb5363dd94fe16869445a10a924b,1,validation,
565,[565],346678a7dc2af03b5d3d8fd61a05eb59bd02362e14ad120fa572414220cc4c37,60331943e1449eb529f5bd6c1c203a373b3d4d55e0dc2e9c1451e1e512e403eb,0,train,1
566,[566],552e40d16a7631eab69c9a19322f57ba8edde7218ee81309260febb1663bfc52,f702ff00067c06700d1eb7a4c9bebdda18c6059519083b5a4f260eaeb5949067,0,validation,
567,[567],638a4df80ade8a2392d17e0243bdf61d440cc89ad328161f1d52a84b90b88bd9,62ec1186a9edaac6d10b38829ef41cd031360985131866e629431cf641e32e39,0,validation,
568,[568],68d7e2125ada9a5c30149bf29a6714c4a3e5a6bde7f66a8c54f454f0871d51b8,cf93d4cdf5b41955b6473c10caa3b22ab41d537aacf8da105ba377da15cb0569,0,validation,
569,[569],57fe7caa7d77ca1dfe976e10c8aa907956aa8271db0634dcbca6d4978698f49e,d9e222ab4dbbb872a94e433471267a9d18e5bdd86a430edb6a444a8a57b021db,0,train,3
570,[570],e25eddf375cb64b4153e034af4ad17839885a508088075b330f81523fd148730,438ea66b3892db9ab58cd00a7d4497a39fb687ae41e3f4d312e448b6a20945cd,0,train,3
571,[571],5c643a02df30dd331afc215665d0d27fe943c6d049a0dc5993262b4d52f67cc2,696c2256199aef4c9bf431b000ab8a080a2d9ff0165a0f843ca16371ef24fc2c,0,train,2
572,[572],e67b79c4e6f4faf2f5ceae1192a4d8f809a2ffeff7824abad6e56668c44980f7,25e1484793c46c77b71d7ed6dc017534ab3ffce9018c26ef7758fad604cafbf4,0,validation,
573,[573],11f144058faf8af81caffa75e46edec109af4a828b8800875429b6cd1af21ed7,c7cc239a6d83b14084f16180ad9b1a490418519d5a682d5030f1b0f11d402a0f,0,test,
574,[574],bfa0302b633adb104c7abeab2f91d2149f53a68447a284241110be0d7531ada6,10cc913aa33798cbfc56f962a979948b017ef5770d8216f6403b3103070e5058,0,train,1
575,[575],fc5534efd47194a0ff1a9f1a0e99be5edac605c2009c2ddbfa32a5f0a882568d,e34c6611a85dcb0183023c3b0bb14fba800c5e826011f0319e5c1aaa5c944253,0,validation,
576,[576],2b3505f1cb5d2c3dd0cc31dbbdc9901f53293033aaba823b5c3fd63463ce05cd,e3908239da646d7f690cfbd9e6b9dad062c7ac8719c10f5206c3bfe5e70a9a71,1,train,2
577,[577],771c570af02d5a6a287f73c29b7af2fcf44bbe0204516780a01ab24fae7413c2,8824512e0a717f1804d7b9e916aa32250a21b92dc4f4522ef746d812adaa269c,0,test,
578,[578],1156a70e60d7133de49bf4f729a3be9dff03af1baa54affe2d10b5f43d49eef0,277ce508b662ad0fafb88e79149df19b3a4b93ee10f5d5633cedeb9ca36cdcce,0,test,
579,[579],dbe5db2169dab9d94d6651ff7dbda9efe8726fec7f967940ca8b7094addec2df,fe56ca6daea6ed1afee36d69fc71eebc7f5608f1a3c067f339ed7387e3b47802,1,validation,
580,[580],4181930738951ee4d6d1c61977a3d359c9df03464d3b6336f0d689b72196e90c,65709e6fd5b743585f3a6006a69c7e4c0054f9b30c1fe66907b51d1af277ddc9,0,train,3
581,[581],25eac422c4068bcdb6979f12c4c0939095895be2fdc3b632b30b9d7072c0a1cb,0cdd1bdfe87c222adb15ed304409c0253fbddc93de63b15320703dbd62fb496e,0,train,4
582,[582],13bc05cd66885a011088f6844c2011dad10cf6583e39209e26894db95140fab7,1ecf528caa7021b567e41c4b48ab3d29f448dfbbd7f388781c84b819bc1117db,0,train,3
583,[583],0e4bd8c3a9dc93cb661b2fbc61f6a5f12ad0e0156efdbd832315671f96caba65,e97ebb86f63bdba3b1543a2b6688e456b236bd95bd147e2f862b6d1cd3bfbc44,1,train,1
584,[584],deedda0b25c321cba52f6e40b00c8f98fa26c539af51965530713791922828b8,d7767a8c1ef4fc71cab85b59fca5bc62c46b274e73fbb6ab3081126e0d2ae723,0,test,
585,[585],9c7bb0d84c773aa27e1d4d7684ddab1c422c18a19591f3b17616b10449ad6501,2197dc7e1fbec88cfd53d43e4c7fe896fe71ed4b63235ce5bfb2ee7f366317d5,0,train,2
586,[586],a463146c1a86df7b97ab7105bbf7601a38458932623cfb67c5b4e1e18e8255a6,4a5684fcd4c84747d400600f06807913adbb27a0f26a21b9a23a8d0625cc0d53,0,train,3
587,[587],2144f89858d1661eabac7ac11defb881c67e0d0260b07e166594dd4e2a65dabc,bbdabee5f3538dce959d96c09a0b45ed44fd3d5706701a7addb6333161fcc98e,0,train,2
588,[588],c2878b5da3f1a67d7bb27d8767583d268bd4d3babfd4af80213d7dedc429e9f9,f002e870d117d5a218a0fbc0ed8696f0969e9a3e171f75e476996b164f4612f5,0,train,3
589,[589],fabca8407ff32158d9f18eda0201962ea95ee958637a6c0fe10a5363801a6026,ea04fdd36270e08e5c324510a8e85d6d16780ae58fc87c865fa6b1270efad73b,0,train,2
590,"[590, 3392, 4633]",73f48c2d3328f17e7ccf0d81ef9c04b45911b17db6a686374655ef06d8c60874,03abfa7f0dec9fd0e8509018f773aed17179e6399a2f2bd7d78370623835c0eb,0,validation,
591,"[591, 4584]",ad87e223a2613374bd9e6b7ec7ea8624bbebac1ebb70b13a472e83e84943e009,77146dfba060076f8322c0f4bea912da1071b8b739a197e9d341e0c70f8a78a7,1,train,4
592,[592],c76619b7a8a2b1e253caa6b3caa655462c1bb2e4e663a41f66436ff5f72a3756,cb7ca26e470a1337311e5dd10c84b39f61776bf73b36d07385c8bc35b9f6d355,1,train,2
593,[593],5205f3ae2043db67657a4c62223624c74b4191d5527575f71062c7c28c1f0615,76cae5e8cc81e27ee2053bcd0e75a7d2df7ddcca83dc892f6ca7455d4a40bb9c,1,validation,
594,[594],b6e43fc7c5a116e36e3c17134346ca87a74fc37ce64247afa2316659c34aaf63,0210e53a46ba4305fcb492261417af5096a2af7f044377e5e4795e1bff1950da,0,test,
595,[595],1232a76eabc68c1f3fc30f4f07c46f5a3bc60630b759db16f2b71bbaf5c0ba34,56d69f93012e07264b0276b262df19409962faf4cafaacc7c6e4a1ab61e416e7,0,train,2
596,[596],4743c211844f07c40f42633fe23ed196b6d582a7bf4941259372888604fcc16f,c793e0d2aad5baaf8466d9332c8436b764b325b302604eff15846c6af5dc5394,0,train,0
597,[597],0362e9f52b85b201a687a76650f84579bc2dc3ab31ddcac30c4a687505c8f4fc,5e11beb98be231a98eed5a65826bfdd4eec5ef7ebe3bb04b6a330ca68317bdd7,0,test,
598,"[598, 3913]",6e7ba59c3950b01c3152a954b9bd93a55c7dc7b9574a22dffc256ae851ccadeb,97807148e4a35141682fea32a55c2faed448ba2adeeeee14c6fd7570c99c6e74,1,validation,
599,[599],ee49c1a1c252b199da7f9cf8b33e769ce1d7a548474d22b1ae7ec12816828349,eead030b38d66f17f201c4b2f75e578e1cba66464c7817a8dadc1f8c3df190e5,0,train,4
600,[600],21a1679d16d43d42649478f53c44c68929da53d790df4a746f0dd352dede190a,b04bd2bc603b613f49d1781ca5648f488e3e1c9c16f7cad56614eb7fe8f913e2,0,test,
601,[601],68740e6be855b37bdcbe50644f15ec423f2afbc0cb14b5fc51d602796db1c2dc,8bc8814d93c3ab7a5fe83ff9569dd7df0deb081f52bcf611080d3e4b78978200,0,train,3
602,[602],43ecc74b0c446e8b00be2a73da6b10d484c609016444dc5ddbda41dad5942372,08e29b03a9e85571afaae380a12fa67b54fc852a9701a68d20d3579969eaa988,0,train,0
603,[603],e5afc110e9737cedf0982bb44f5c5ef18783f8d3071394c754afb8839b9471cf,8fe608ed9609725965f25fcdbbe7448ee6c30c47d1046ed060d347966beb34a5,0,validation,
604,[604],4a784aa27de878797c731ab20f607eab4cba513371ec50966b8627bc35ed8461,a6ffb72576a4b72a503934cca17dd59bd140c1402fb8a55cfc8b19c4e2fd859c,0,train,1
605,[605],3a35ca0ab478107b11d5786e24d26f060f35a7e7ac6f73609a16485479a55e4a,05cf720df00acfa59d3ed208000ee16235ed0d159edf4b2b1f0fa8aca6d8f381,0,validation,
606,[606],641d1fd549647a63adc68e0979872bde56c0ee9c0897cb28c5ebe1788599411c,2ec633ef8dcf8bb5555d1d1d3b6fe29dd1c57558d66e22d9e8ae7f98df67f8b5,0,test,
607,[607],cd72ffb1f9cd80e9e25a92d3e61b57ae9a587ed8f622a137ce1d64df472500c5,b588c305621a8c6f384353379fe9e487613698ce2c3bdcec5421652e8880f7f7,1,validation,
608,[608],8b144568011536bdcd020e72a67afbfbc99ac41b4c30809e7c54f870bf76f1fc,6bafa3f7fd387443ba4aaeaff47d412935f28bb69e3b7b6ceda384e9d501e0f2,0,train,4
609,[609],6d87eb3b0e06aa96186b50352b2b56f62aa6aea3565798c7934535dac3745600,14bb9a7aa61322b943c6461015dd900e5fc770f261916cb496a0af9232f7d4d6,0,test,
610,[610],5dcf6835fa894044feca65b9163ed0b857a5b0cc728c834d3fb4d23888ffb39d,e803f893cdfa0b22082d61b65aef7465bf298511b1962733c13b5f4587e06420,0,train,4
611,[611],293f379e0d50441d11411febef577fe330a9a6bab4cf588bf1fcbc9ee63433c1,7fbec14b4f58aa21e9b9280e8deb1d55965fb581f13f4997c37b6760ee5786c3,1,train,1
612,[612],948490b94af4a36c78b993ae5b71ff6d2b4afa682fb9f0d9a2762a7b014bc9f1,0a5bc1dc4161b17e810d0431df89e5d7ca313b8133b66cebfc88f29a787ac439,0,train,2
613,[613],e9fb445b89c9e82c0c5786e019cb6cdfb69865ff2fe4109b8e09d01a5517b572,28ae369cb67f6c85f71d6967e489c1a136ad146573921afec3c7f4089a5e0c73,0,train,1
614,[614],74297a1d009e5e7e65a148c3c2d3f103de8847dd3de19015435c229a2a682f25,c36728c9da838f9b11968e8a59bcab4ddb44ba5c5a7bb7bd251dad533f3d7dd6,0,train,2
615,[615],a30fbd8c0a6b706986de7b09f7d0593ba6f088e9ea8e219eb1db9a52048b361a,b076029ff4cdfd8fa27f3baf280bf87f439ed34f620ecef251d15ce5de123b1d,0,test,
616,[616],020520ab188c9273cc97ad28e5fa8d137de29478d3fe3bb859ea6a6d06c2ef83,0b404bb4e38e0d04c786249dd3cb034257f40b5330ac4bc38aa8d6dc793be8ac,0,validation,
617,[617],5bb6b43590c13b5d7a52eb79e2f995da6f384db304ebe1b273b006659e6c8dc9,0c15768f05fd617e14b300905ecfe1ce4e07b25b3fed68dea06771f72660fecd,0,train,2
618,[618],1974a4c8b16a91790193f51146490f1f08baa97c8e51f28e8d67721b0da92bbe,c9ef771099f0e54195f24c3312a62f2a1785004502967b1e5726ad7e8a468971,0,train,2
619,[619],cee8eee4b326581054dfb5caf4d93a99949bfccd726f9011c7bee512ddbd4453,39c8d7734fb425e1f05818756982ec7af4263d51ed5a49afe338f82557de4f95,0,validation,
620,[620],9681ded9709c6081bbfcd989d32123091a56e6024c65e64b44b500c060754c52,3317ce4c842b5837ee230784b4dd9209a9b6f4fd039f73c2cf05158fa1b32e93,0,train,0
621,[621],0513972321174af554a08e472dcb7302ef31dc26e98fc7c5bb847ba21c9c5414,948aebe2e7777e382f144924c7ea6c9f008d7e97c599c6b0c9ba0736f77f8884,0,test,
622,[622],32ffce63a840ba57b4dde0cd70e86b4bb082deb6809c6bf98251ad32f536b2af,560425dc14a32f21aed0a2fafd54c1ae2d80980b9a5a134f7fb585ee44c98481,0,test,
623,[623],3db75b96fe7438747bd36fb4a12db05a3dbe171ddab840c0bbc7ebd005af20e0,e1aee38d2078fb8c68fa8778df4745e899af91021cba8568e7e2882d89102696,0,test,
624,[624],ffab290a1bbf1d386d6e1cb60e8406761b7addd877599affb635b7860dc6a0f4,080f28e06f1018784f28daeda43f5a0841a083fc14a3c846e977774818d8b9b3,0,train,0
625,[625],423e94489a6d384e5973f473982e29d0b101fec31584528456ca7f296192c1d1,083ababcecc4d8bcf4d861cd3091c5e842fe974d89bc2a47cac436eea06ab323,0,validation,
626,[626],07ce24b248d2eaa57718179c458a5c80892e12e9cdb7fc2510c6881c3a35d71c,1cb5967cbcb88ee190f019a534f4e5b7296f15c1f2afa363f589e5cef6349618,0,train,2
627,[627],8e680038fed7437a1506a0a56082d9b240a95953a303a347a3e402c99f1bbced,c4078c7a35528a4eeb3c3e43fc14c1b02341da8af2325e7dd887ed872213419c,0,train,0
628,[628],f0e858ad6b955458765564d3092875f44f77ae6675679f31da63ade0127c31d9,dedb0e73ac837a39ebde571e4d3afb29895902c2ba4dbf6d014914cd016ea8ed,0,validation,
629,[629],f4833b7d67445acf49a5aa48507a7210c1715cff448cf15adad9fd2f9f994080,497a17160e9e5595370e32b9b9078ebd247a48d02a74c572d60cfde989e02932,1,train,4
630,"[630, 4888]",94f0dac8208afe24ececbd794081466032beb8af51e23d1769b3dd62389616be,da4686f885a4dd780e5ad011cca6c3bdce0e603a6496a63b9337c92b61d2bb5a,1,validation,
631,[631],688d37f36e86cba153c05262456b933ff92f3619446f1db32b10ec3d523c9e3a,3356b29d36974d99dca67992f91de2ce9690aa0a8bcd0048d00f62033e2e2a48,0,validation,
632,[632],d54ee23b9d9c1c8b1655cd8b8127960adc8dcaf25b174f254af5dbb236a2e5e5,3776a11ab6c2f32a3caa9e4102050520de983185d82f20f69c92b0b5acf96937,0,validation,
633,[633],c193425323e9847d2d51d424fab12af89e6d918a09525c8e65b8f288114cf58e,7ace62c8e14e02856a9b6346e4b55b055714c9aea9ff093dba56c1a3fa1bf982,0,train,2
634,[634],5cc03dcfe8f5b07d304d9b2fe651e7ed00ed699cc6e72743310a5cfb951a569a,e86b5d49dbaeb0046643eee666a78191636d71eb0d7d3c34093a8a5d2f8c4883,0,validation,
635,[635],d48133d43761e240a6e1b58faeca4034da1ca6ead7e1c8d3cd40baca498b31e1,77e7cc68154981b7579d158bc82b58f40dd16c64b5a7ce5aa668583c9ad8ada5,1,train,2
636,[636],aa22f5c352bece5f15c5490626f0b746e52fe0355b453cf3690f14a952a98085,faec80b99a4fe3af23650e494d93752d4f37a8123d06904f516e826b38540553,0,validation,
637,[637],e9c1d5cce81fac59e8cce1286e1e77f2c84b76a9f3ebde74ef5435a8e3719514,41fcf3d08ecaa50b55fd128ddd9a312133732dca76eb580c132e40b15c9a5415,0,test,
638,[638],eeb6e97557e8c1b379bd9c48ade0bc87c3db53dbefec56b7c032850d4ae46b54,63ce41e3c576b91e718d0d8a6e8831351bcd2ca16582f11ae74a54598913b869,0,test,
639,[639],b82f07f81df964ffd5f6e2c9bd4963097ae573d5169c9cd2423ba81458c5f396,1057e14c18d092eed6acef092bc93c9ae62998a4bde756014991502d67d0f2fe,0,validation,
640,"[640, 1974, 3834]",39c701784e96e5b048a6ed2f4fe25c5d8466a168b7eebfa18c226ddaa61bc65c,5ce376195302329daa491688852ad05bc6ecf8426090adbbcce52a864e10bb64,0,test,
641,[641],66cefee5f8e17142b9bb06112835c316fb875afe6ed4eb128275b5990814d270,d71d4bd4220643f6e73b13b61c58002176b096477a8468d5d80a1e447716ba63,0,validation,
642,[642],535f5a90aafba490cd42337af8fb9cd7fe08e4133b48f937d9fda908d22e3e0d,1e1e79322bd1a49d0b93b1396e2948d6b1cacef202bd24da4bee835a03242187,0,test,
643,[643],d566ac504bc899855b2bfd1e2f6ab56b229bab22da7c96d8d6840c5521be00cb,31b6b91c5d145a837fbd200ff2218e39e9e8a462584e5591197e22666352ccca,0,train,4
644,"[644, 4743]",cdcf506b331bcfc915d916d6bf4d311867821c0ff4ed04817fab1fe9285a2dbd,87f575d3c03ceedea2bf6137d0ecf36ff36bb9baac9b73f5121cc217d35cca2a,0,train,4
645,[645],3462b61ce381b532a7b68aa425d04f6512306c9f48162d4e174e492b5d9e7f15,97d6df96ffbaf65dd1873cb51089ab174e45a1b913fee31b7a1d88a49a11c0c3,0,train,1
646,"[646, 963, 4869]",b195843d826d466f1ce694991139ed0ba397dbf4137d81f71df36d5f2c3c2850,210f6451b93492433ba4325c33d7d4708d66bc20a26b37aa2cac02fa8e189d99,0,train,4
647,[647],860dda61695696c7742d9a4118f8afdf40199522f79cb1ca43971c95ac507bcc,16408c059aadf639a28ce531e530c1e5cadfff84a018ca703a79b409cb7e00ad,0,validation,
648,[648],f350a3fa617c727fba85c51803f5fcf8ef2c22c4c56d5aeaa30446a17d7fe68c,210ac2b4bbaffca24b246cda52e59bde2aa903fe32e884f6bee8670555220c4f,1,test,
649,[649],a3e5904e4288097ef7e3a26a78057a40f2aee692793fc40544086006d629fad2,e3c82428360dc1a5e84929b80c65e0969b30e02a375c23e60bbbb68bde50e602,0,train,0
650,[650],2c2fba647999bd6df0a2bd4b4e312d4050b7793e3f10f053811a0c38f75aa727,da5331dd99aee6c40621909091f7ac5533e01642604153956a7b561294d9f2b7,1,test,
651,[651],b362ac09188dbe5bd8281119d9776dcdf5774b409f518693ceb71e30b643e4c7,6a718646857894510ff2b0195c3cd818d7ba73246063a2a1d4b3c4b6275efc6c,0,train,2
652,[652],8e4649e6fabcdaf767ddadd15c4ff47ba30b4904bac70ea2c4107bb660ca517e,24024930e28952565e00f60c955106eb013a9ed53b3a4443b62252682f31a01c,0,train,2
653,[653],fe40e979f638c61646aa45dbb8832c7c4f227836b797414a30a53d3c5b595176,48f1eec6354b2344b63fb5f2f5a81fca37ae28df199be1974ef18b64d23c9ff8,0,train,2
654,[654],c29b1dd27d4798e1cf1340110966bc8b7ed9ab141a8826955288fdb4b9cdde7c,14c915b47de6c189a430d29bd7059156ae633907324f20b4636761994228005e,0,train,0
656,[656],0d5a6c43bf5cb8e26c314af329cef55ef38da0d46860cf3c71f6a09fcaaaeec0,eeeb1380b3fb0e652274341cbd0012db29af23206bdbe0dfab11afa2cb9b9908,0,validation,
657,[657],d6b6654884337a3e967f49e3db85ab0e681421e41beb487ea9c220a01ea0cf12,d4c300d3d31a1bb79cc1dac02174be6a32fc6f9b3f76a3f2e2c7e62df25fd455,0,train,4
659,[659],acaa60eeaafe6038f5551f838ff494bad3936df278d896498718a657842b7e71,d9af23593feaaef8ae0f42674a8539c0abca84d7ef7dc9fc01f3a7cb914d0733,0,train,1
660,[660],70b9e86d4b53a2f32a368b78b6b814312d53fb76a4a0b8081b8badd8cc10e57e,eeea31e303d440671d0bdadf6bb949f7b12981971787f30ae19f8a37eb9c1ccb,1,validation,
661,"[661, 2565]",d7d274ed86f9e20a2faa403d522221ef3cfb77e58bd8b1466fdc0eefa89a6d09,c93d5333ee9028cf88660c2dd4e75f135efc0625960eafabb161288332f00209,0,train,2
662,[662],c6b2cf45b07fa1ec0c24e564ea30f810ae45c0c9c76af31807e4fc3463a04a25,14007920f0164ab758d9b5dded09b76030f92323a83895db690899413c6729e8,0,train,2
663,[663],25828175f644286d2d43953a9f30dbaf980f020e68e017583bf9990b7a13d53d,265a75ae83dc9d8191444d81b326bb35778c27b42945931f24dcabb724386c82,0,train,4
664,[664],4b7273d05d709206f585b5b612ccffaab60db458cf74429ad050a12f50696a59,d787d48a7fa2821fa5db68df7dccf1adf2a5983cc01aeb3683a3b8f47f5f92d2,0,train,0
665,[665],f5b34c07060c859cf19fdb8c613b25c5b07a578f34a8c393a1e563a4b3d0110e,c2f076d2ecdd04062ffacb55e1139c767b38f987d1d2eefb9c2996856d6a4126,0,test,
666,[666],d114e261d652e1dd09c4f43fc578f920b505954701a8dee4c646427ca057fcc5,dd45b6082e696aae2d2a1932593e88494f9f7f5dd855b295e5083c70fa0b5bac,0,validation,
667,[667],139a2b59521bcc3654d01852bb49a625ca5d3fe3e48086820df0216573384fd1,2b1eac811e8e776396aa8ac3fac0b16efb1c69fdda4c3b24adfc8a487b6f0f17,0,train,4
668,[668],fcf9e1b038f35edc1dbbf4918ed01457d837d76bdc9c864c9e5fd78ccdb17290,04d855d990ec3f2b928130ee55938897c1173803f50195ec39ffe5b687d4f2e4,0,test,
669,"[669, 825]",7330bc09d864cf29b11b95f9f6c7c84b3cf495d72ecab2d7094e58deedf00246,72643348c4e061e54c6624cffd45a438a375b28f3884afbd1be2052ea0beb74d,0,test,
670,[670],4392cbf996f8a81968c29d01ec32ee5811187a0dad1a94f35b00b92a89842160,5d5611074bb46102186eed1045beaf5b39cf432b31dc1cf1fb5808f03edbe4d0,0,train,1
671,[671],2b1e19eb8163de4f012049035c2ed537720d471ebfa9242c9e446be548acc7e0,c40e3ab1c7efb869a9d062d62a9a9ba8aee5c493d2b6e10c9c277d586774e88e,0,validation,
672,[672],bdb8e1a272249f026f0005ac2b22454f335f7bb231edb8c404e7a2fc884a6607,79a856bb54039521af16e057f395b35d5cf752927b114e07d88c5a4a3b2fb4fc,1,validation,
673,[673],017def21332dd99ea0418242f8c8fbea2209b36163cf3602616fc8e2e9521b38,2eeaed035b2a13cb4e3a458fc37113ad5adf21661349a722ccad51851bbcfff6,1,validation,
674,[674],c0168f2a1fbd783a2c73b28c2cef62a3f2339632bf692858b42e97a38db477b9,5f3ed069717808e59453f31488cf08bb9b92fe6d9117c97ece81dc9293923955,0,validation,
675,[675],085b55c81cb937304ae6561473bc3ec42ca44780fc7d435dbcad02e7439d6a98,90ac8a735eb88bb172da824d4754554b3b909fa841f4883951bd52ff47bde413,0,train,1
676,[676],7f9c1520533cc09eb0075e1db3e246c08a50265d6c3245dfc9b1ba90e75895a4,bf8539676847e94ad41f9f218fadd76a18ea8ccfdfd80b3c82e2dc072438b9a0,0,train,1
677,[677],079e689afebbcde76d54afd02a468bf038d96ed3ce6b115107417cb65d0e430f,6036437be60dba51573c39da85e0c72f1c7015a462965ef089e720117959435a,0,test,
678,[678],141280a9db435a6678662f9133d8cc578a8b7bf533d0c1c5a5e35bbfeebb0570,6181b113f3120cc6aa7128244e568aff4bd00e88c882bfc87195191fd2cdd7e0,0,train,2
679,[679],8fee26c6c4772899b9201b5eaf90156b3bf15b0e7ada1b5c85a367103a802ae1,281b392a06038153d4b04ba321a60c901ad83ea4d9621648c7e1276c4214b584,0,train,0
680,[680],b2f9c57af3753e3bfe01bb37f2f47a16bd399969f2f61d31c5f1271468f11560,de0964cc192c1476144d6213a80ac13e34f0233266da6ebb2a7483d195c5e43f,0,train,1
681,[681],9ea3c45a525178b58b54e5a106ed7547929a2fed5ce65799fac371903ddfcb31,2577d50605f9b6f4fe223f42cd57e651dba7638c923315ccde24e17e82cebd4c,0,train,3
682,[682],c93a47d631d984fdef13851344f21f91a63709bf23809b7f8ced5d7909c49e72,d914aee78c3c45dd69f95412e82e2538399691c3b985f524a497426861a14b5b,0,test,
683,[683],18265254284201fd2501f3280dd426aeb4db9a9e1b987c6ae7e2c2c541220bfc,f1dea75b140e4a73935992522837b264d99dd73b23f1a980c365301e1324bff7,0,validation,
684,[684],d24c4d2b8ec90d59b75606f1715bf28c876b1ac7778e4fba396031218076fcb0,0f49a9f0c2e585b84818865a5a33f4a4d76a6310d589f4fd21b55bc58b1190f9,1,test,
685,[685],083190dec474ea332df6d6a8446c04bf4582dc9d330b4be8acad60d364146baf,4af566b983d418a32934a7b1c7be70ba0c378fd908a8c19cccd340b139bac962,0,train,4
686,[686],4b38d0eb1de272dd95a89f5008b1c742c50faaf564bfca05f0e593c120727e6b,322cd368fcbf9d8b3de2397922fdc8e3ee532a38af5596a4dc1805323b34b200,0,test,
687,[687],fa9a3e39bc44c1540d0416e71fce5bd02faf2ff7dc3cbf0655ff2238d4560461,b09b7fb1a5517aff37f25fed466d7bf5f48fe55eba6bee4415d97b4c05be873a,0,train,3
688,[688],b23d221915cee9938b593b144575802b256f2f1ccee1fd57aa21847f898aeee3,adf6db778b10ee7c1740d347bed036c3e5cb3669a8e72dd880d4f4a0615f2ece,0,train,1
689,[689],c761a2dc13c78c7656e844447c72d88b41830505869e0c03073a4af86f895dbe,127d87e52d1cfeed7cced8973c1a8573c6c96a251734363ab64da2612d5f14ad,0,test,
690,[690],2cc4a7ff4c6a71b70b3b44e4c85a59cd8f5658906f73dbabe3906642c73a34f4,46b295ae88419af43f3cb45c89004df823dddabb3013f7170b28290f9b18a24d,1,train,2
691,[691],a132cb6e2512bef122778b59fc383b37ea5fff162f4f6f98a5fa697ab4d5b25c,bfd7756f2b24f8095666bb8b2a408071f01c9adc8e8c7def70540626baa9a85c,0,train,0
692,[692],a32b37d75ef52260590f3b8f906b1a208d8df09895c69e4720d7d48fa3638630,e3e1f1cc42d830591129bc643e223773e94c0ee22e0ef3b477093c42f5c8e0be,0,validation,
693,[693],d42b75dfcfaeddea15d009642cdd146226f2968dac5f34ea5333a767dabe3a4a,cc3be8cd52f72d8c8e8d0a7798ca12ec671222cad8cba2b211ecebcaf3275df7,0,train,1
694,[694],8389be7b0be69b8a67fb5820ea385709a0a9ca17d4c826d221121d908b7f3e49,221436f115f2f317b27b4a49127e268812b0e9d7f2f700da78260353a8fed409,0,train,0
695,[695],d3b3f30cf21f6c79d66200fc8b9fe3695502b01f6e01c1a3b47d9a414c7b55ea,16bd9df3372d86e2917717563e772572b1aae87ba85f40012367435ef221ddd0,0,train,1
696,[696],3fff60bbb35c76fb59610c45c7eb2543ab404427d05774f0bfd0bafb5bd21afa,667a08cbc64d891fe78fe778d18b6d5c35c2c0e307c560d7e7c7fd00044e4d34,0,validation,
697,[697],347ec569c78cca9847288749be6f03faf2e8d7640c9094d87422c3afb11f778d,71863da40b7c977d9c203a6b6716302cd89ceceb6e51a68a30a278477918bc33,0,train,4
698,[698],2ab96b2b85abf22840dd5abeee468b8f91d1bdb8ec0806c0e54b091795db05f5,6f8fa06a54bfd30dcbeda4a356ae9f7cc828415b65b8e519ac30042547954034,0,train,3
699,[699],20a1d30bfa134f2cf11af95c40a5df7c8b66412a1cd38ef840721e362fdd1d21,3816d278cf76733eeef626b0c93a7f06f313e4a0076d8be4992050f44f067fe1,0,train,4
700,[700],7eaf43464cd40313126bd0be43dfd5d3e1e47d9672ae881b16587bb1af1087a7,fe24f1a54132add84b7db701295c71fca28152da6050c3599a2f714e032b664b,0,train,4
701,[701],2144a173f4709d47f3e4ae51d0c00d2c8e07a3e6c1ed25509a4983dfbe6b3271,da0ccc048a3111de38d414a8e75fd400dee4b9e70e9e2d23a38a8862b1c706c7,0,train,3
703,[703],1bfc38af23b27446a20171ead72eb0e9561254ae5818b60cf3754c220c848eb6,f800184c0cc5049628cea6e1c3fa016ade1334afb433e2db77e43d1a356154ee,0,validation,
704,[704],7d965d9ad1cafb379cb828b59ca3ab11ae6b7711f942c08cee7c25a05853d4ad,03a2fa0ca3428555d45687e4946835463a0876e2c8de5232fc1ef0c8f71d1c8a,0,validation,
705,[705],350326ccae462034c0a3a58426c1364aaab0131f50ca8ff32dd4be34f02dfd24,2ca5886c6f8ed4d4f20b14747316791a6398c5fa1e037d8b0275bb25a737fed2,0,train,2
706,[706],9e4ecac2b42d13f08e1447cb3ce42003a6a14e8c242976614051fc292c96c09f,3149861a4722eac988fc7be7f5b70920c579164c3c05e03b3c7b07532851b278,0,test,
707,[707],0999a9dbd7bf47a869cb74c55333999123be8762e47e27b7c191612e178fab09,9ab0c03df90dc472bb86bc1a7243b05fa2e35fff06234f4fee695fb49bb8ae3d,0,train,4
708,[708],eebdcc76ffd331a63d7dfefd3bc44e734d122d306fbdd289d47f6c20598dc9ce,8792aeb3000df05754c9f7f30a7e7d2e2519fddc691ee67ebfc5db134e9f6992,0,train,4
709,[709],731c5a378858ac01fea42c898e1916ae1fbf858e8a42917240ee6d505c16ab79,ee8b17ed836f6f74d6911031147363cd26fa6f4eed6b37e6897a85ac731cbf74,1,train,4
710,[710],26ee3968fe4dda8f1149eb43b857421a8bde54c214562ccb1d023db47b3f3e89,03587108471f1d36285d77c3eb290895fa48090d2d045c7629d3b3bb367f1999,1,train,2
711,"[711, 2972]",0dc1b6f5d0e517d632f0bbb01a185d3340fc8277b6d5630b9e6349a3c97c09cb,7b45ecbaec2eeaf2f575cb38120c1a1e55ff40fcc28be76afb1e24789b6ef02d,0,train,3
712,[712],46f78ef3f61716543430c9faf48f8ea9eeb98e27b575f57ad407a2674b5c89d5,64febeb19128d0276aa69b1ac9b227a298f377a56992b6f09e79d0533f35d549,0,train,2
713,[713],b7af0440f450974ef575fe6c99a6355d1100d23f2b923fe2cc66b62ffcc6e147,dfc1fdff082d556d64334c6539a63af6d6a3e6128f7d6eb7425d3efbb7af6ccb,1,train,0
714,[714],dcb711bbe2501626581e743e9e249d17402c6700a0fa384c143f01f01b206609,e5a1688723de4a574078c383006c4e330b8f4cd17394efd82cfe04b4b2dcdc70,0,test,
715,"[715, 1198]",172282bf5fbb77644538928e7520fe38bd990b6c18c1b313c0130e46f54eb146,ec94cc5af8dc4e337acb67b03d0cbce452cb56975931945e95bfb381593f1bf1,0,train,2
716,[716],aef40ecb5bfd1aa5e58540610aafee1d49ff9445806f3598c3876c20f44b99a3,ba4819af752af45b660f999d8f814e3c11cd7ad7a04b10890d54425b3d854986,0,train,0
717,[717],95d002c289f0ae80a0aa01b4e647e92589b971d1d4269e7c36da4b1069676bac,2c6613bcc85ea2b6eee0d8d8da1b5b0add399e4530b83001e433882b0ef08e51,1,validation,
718,[718],c0cb94906298daee685f187b845ca0287a2c5d8df3f69494ca4f098c78d0c1cd,b62642783ff0bd119f228328b32df8eae5a2f12a58709cc2deaccf1fbc0adc51,0,test,
719,[719],ce105a87c739bf739670db6aa8d3c7620c26995d0b73d3d0c4cfdd5711bf4ea9,9b749e06384cf8446a0f01c3c98f7e28dc27dd4d29be18ffbeb8a8679f4f813d,1,train,4
720,[720],534c6dbf437286fa29be80bd693f9ddffc1e556d269b6c57949b0fa4906b5dbd,441dd1cda885988b085df990b0b84534ea0461863e6fd3f62ed05f1524dbb6e4,0,train,3
721,[721],3683befd24e3a80e237da997676428bcd19213d1f1d4462085d9c5c6b0311caa,587ab21903e1d29c3c68bfecb2350d536d422a7808732a66f7f206990f589c43,0,train,0
722,[722],01b189831fbc349b0230112ac6859293fbac3ecd1d9ebc4c8cfcfe881658db70,ab00b09f50a4ce65c6cf40ce76368af9828c58ea122305c910a0c467946801a8,0,test,
723,[723],2b4b588254478ee3df2a22feb6c5c2f1451b449a1be10484b3b21d0caf1e1375,d9c899f0b5d3b3c5ad0146638cde00aff17c92eae121e984f934dacdd2338020,0,train,0
724,[724],419161442d48ce2f80caf3c20a439b1582a708a709101fdc132b9f2629afe44e,42eaacb8cab1cd3283e79474d1653ec490de98b3247fac536a6426735b1f6030,0,test,
725,[725],0d10b5cc60593e545bad633c69e6c9be67ffb566d9a21908b00cc0beb2e51bfc,3d8b531fb3ac32fa25e4bedf62ac19bd3120b4d9cc3dce8ff20b1a53bfaa105c,0,validation,
726,[726],29a63052eb9925350113b112cc72f85782796b23b91d97c5eb9d88d0dd18590c,51d0f4891f98e05fde24dde0fba889ea1068fbb7a55445e403e36df35729b254,0,train,0
727,[727],66902b3e48123b900644fdaa470c2d4ed7a53f4ad6df782db7454509116439a4,d8a257ac19277424bbf16bfbc7c13cdc0a8633e177daf1e628d0ecf4207ea4e3,0,train,3
728,[728],074b3a586b2c6259c9d79bfe30a73578c2e6b74ce9cb569f43fd41de9971bf3a,976fdb70ded95ebc0932168571a20220287764967521a0e7dd669c2094a44d06,0,validation,
729,[729],60e7c2f18f82a179f49d4444d502fdb7f32d7137c433be5564fa17358b65d530,1b318fc53ce36f31cbc9cac0cea2d40250d04c0738ec879474bd884f1226ae9e,0,validation,
730,[730],01087c4b89d57783b8e741b8c0280f9b01b9324e7bcc957cc8593cebeb1571ad,0b21fe69c0e905e1d7bd6cccaeef86e6ce66a98c8d105895f7db9c79e2eabfa0,0,train,4
731,[731],727a19b8bbe03520546ad0b3e5d64bde18eb764d0f15c1454c6b8a7028c3481f,e50a831bd71aba9c236c1db8574fed41a7f79c741f6872e103faebf119921321,1,train,1
732,[732],fab69448011d9f15b3f4f43a8375eb5421f2204a74c3a805a078f5de5abb7884,7a79630fdb1db4f1bd075db0283216856fbba30ae6c8b0117b48feacda88c7ab,0,validation,
733,[733],0eb7feabbb6559b0ffeebfdc5f68cc60c1cc8ea93f50df7b9f13171c48159b76,5c927092d6b1ef34528810e1c020439230b7a6aab632ea49c6c5118f8bde886d,0,test,
734,[734],88b9eedb216c6f6fc5d44ae764d647dd7a0d7b3af878db51c50a8e7e818e44bf,978156728a54b2031dc9a2c831c102c1d8a8a18791df82b12e2c72bdd199d7a5,0,validation,
735,[735],21ec3b7bb4538dba01e27afdbe7f5bcaf3210ef45deb9b6fad919ce5b726221b,ba7f277a3f3dbd19c16d4915e617ea833e495d9814590f530ee253053364bbbb,0,train,4
736,[736],a196b61a5740ffcf5c72da0528130287e4ce0710c8b4d59891598fafd49399c4,ec7601cc7913bcb068bafc97b4e7b5a6cc99d59c795cf442b0225cbf95de4379,0,train,3
737,[737],8ea94186ef07276f65aff3b3fb482eb44ba68f067a73ffcf951c27f470c82297,57c0c51bbd53d6fd716115a008e548b20a147db23ceb2b95790930d163b3373d,0,train,0
738,[738],69a8d5c2c8c66e7cdd822b285e4c14d3b6556de6176350af88e8dfc666873ffe,8db2e29dbe49fc36c2e28249c1305c23483af98a299b3f41a8c95e656e22f4bd,1,test,
739,[739],bf8c5e73c0613f87f1357d4a3a4d409380bc5c6f9db80b7d2f098dfc61e15f1b,5bd991a9e51dd7b6a1e95a4f8ae739f4cb3ce68f4e1d1fdd3c64c2dbf80bbbd7,0,train,4
740,[740],8e4844a4616d056de501ff2c64b1ed32f947ada492426cbbeeb101fc7afeff63,83b180a91a7dc3e92af7cca14ad1e71f61cfb5f153d73af07a620a2919c645ae,0,test,
741,[741],de3e01de26b45595fb2152bba229e3acc4a3bd6d101853b18e725977260103c6,20ebc7dd416491b0a188c25f0fc8af75a2c6066fd3ac4a28ca6f2a656943a234,0,test,
742,[742],be4a010b97479e940d6ba8e687e588688f929ceaf50be4333fe7d1b4de671b68,971acbe12e2cb8d6bc14b0cf97abc133fbe828a8ac39d51947e6dc8800e1ebae,0,test,
743,[743],b5bece17bb4f03b2c088c533df661a0217d1ac0ef47c8c959c9e57b743753e0b,7fd5f2d3638f180713308d2fd2cea6ac0c87eff85a74f525fb52900ce7d2c122,0,train,2
744,[744],f1bd236edb8d8ad21f53f6f33897509f6aceffaf4a74a4aa3bd63cc26a178e74,e345c3c11af4b5ff3644d2fb3dbd11d02494bef788b086ce7cc99deb3a7cb664,0,train,3
745,[745],0d563e640fa15bad8f05a7bc30a5ffebf30b19e71646cb803374fc7125b1aedf,ef144f674b9f410ccac30b0e002a546fea5398f0655791e20092e59a76951a11,0,train,3
746,[746],fe6ce22f14cc9b587b92bdee7ef1f18a9c3f1108972cb6e534be4b761a9f6f68,fcd48641b136b5258dae8e1cddc93ab519109435a012d30915ad01d8f55d44dd,0,train,2
747,[747],6e1a0a98a8eba89c89b97251b245abb7ecca321e4bdc6d0fdb05a438956c526b,0de0ba647410fc1b51ab10340dd04fe6ce75a3785d10f137821bedd7c229c262,0,train,2
748,[748],769cc42508b75fa180b6d793030f3ba682fd9e82dfedf64ecdacd3d4c91c5079,13c4dc60ee79315eaad601103e72167963a355abaad9905344eac72827ded935,1,train,0
749,[749],05bdadc70a6b23d57dc665e44b8be083f99faa27c139cd66c17e0165039e98ed,391c81cb55f728bb616f29fd550e0431de19087e783524808df2cd579b2c9aa1,0,validation,
750,[750],5aa758a5be1c1b8ca4f4689851e395e7a0bd63dcd1f2963d176df80c3dc3a487,4e6a6d425fb3246c0b437792f7b0319f5e102548aec9c92de2f1b5c40fd8b192,0,train,3
751,[751],b4b33e9baf25be0d55b8ecec08e63c7c991db8bb0a0cc97b41fd519d22b91f24,eb38f64b16d1245e371bea71ec531f011008a753d2191c15ecf4fd4a1e2bc0cc,1,train,1
752,[752],a0f23c939997ca7794acc8b3d9d57228000155a742d104510d0fc87492960fa2,34ea67114771270349cd4298714069f5957e859064303579e38a2e235667fe32,1,train,3
753,[753],bc6ed74ce54ee4d45a68e3af0bcd70b2d4bf4c3eba983530a6edaad1bc7643c3,b8304114816b60db94f1309fe137fb5b9600f609b48e353bb8fb86541ea4529a,0,validation,
754,[754],e9f4056c728a2e81b5f8f4db5c420bdb60bfe4e619aff9233395649b4a5cdcd4,cb35751a5ab980bdf3e17a67c27fface51ce42eab9023857163e8ce031cf3626,0,test,
755,[755],102eae2a63dce8ca42ac95dde39a513058b869a4423d14abd67bd78c929509b6,29e86e2d57fa0cd398c468b1799fb2482616996f8b6b1998e32b48d82f8248a5,0,train,3
756,[756],af486207b8fbb6b6d6cee118bf6d4e65eafd5a4190c9494bad4ef973dfd25ebc,461d6b2e0e6d858344ab9b6fbec062f294d7a95f2d3a8dfa521a6aafc7e0ba07,0,test,
757,[757],ba527d607ea87d2c3edcef245f4a214074f267defe8c8997eea72664095d473f,aade09bab7e6a3a2ccab4b110c99098d708040b4b93cb3b694f825ecc4792866,0,train,0
758,[758],0af679e79f908746b411ee4c3c56b079e6e95486f6e92d69652bc5e87cf19a96,f4c30402411ea8394c731ff2fe03c6af319a74abff79c48f6e0100871ee91d43,0,validation,
759,[759],88cc44cd5504ac355763e6b260eaa329fffeb0cc78054e73f858c6cd27bf2598,28466db02b466bc62ffb8531b253a9b583696bad2a55efbec5b045b97d16a6d3,0,test,
760,[760],c9eacaa3f8a4c1d7b2e928cf2378cf3c26ca700c938ef1bc80a250a8cc35bbd4,b00b4291276ae058f4b6fecd94e9633ec43b722714b443714f1725e1e0a99ba4,0,train,4
761,[761],b9e9b3578b107d3683b194226b09951980b528ded2905c3a1947be7616cfe63e,df241fc607eda226e473136dea55c7aae93aeb05c918f7314c030263ebe21959,1,train,3
762,[762],a8c097e2cdb05330be65fd848cfec5f3b3c58ee12d59fd6b1c51c1dc82416483,f4c489af2f1933ba9bdfc487eaf545306cec17dfc6e7b69ae05aeb84b996e947,0,train,3
763,[763],dd77fc813de5892414e0953246f0301a7754ff8783f5e8e176505ec7c2360d61,b6389bcfbed598cbc670e6b49579b4acad7e500cd7f896d32b18b6a0bad5d4cd,1,train,0
764,[764],69c710560d5d398381c2fc98aa8d3367b7c72e282713126b97ba99d9c0000392,0aa704c0fb650637c4fde17e4dab8df54b01fd17957661041bb887b4ef65a627,0,train,4
765,"[765, 1655, 3040]",b21956ce1509f35334b0fbd20c4cdcaeffd5bd997b6ca38adaef7bcb46c23697,cfd8a23736d6b25eacf546bf3ca2b9183b799d0ab74cd3883a6d3ed849d0b2fc,0,validation,
766,[766],26119f5243797b264eeed926b67cc84f88e1ea7feb0eb65606012eee97e37dd4,656cd3077a0a600325b8f5e5d07c9c84e2b23a6350c82dd95b2024a1d0b9587f,1,train,1
767,[767],5f0064735bad97bd75fef19d6376f1107c463cae64403b87c33d4fc8386575d9,d471f3d2c1d21fb23ac3c2d2b0b6904d13f2a7f346c2b2e1327e22cdc13d6e2c,0,train,2
770,[770],ae4faac5013bf438b225be1e245cc868250fa11abdaf2c11ec5e06ec09da7265,a6fbb62bbb99b3b1ed9e3b3838f38f59efce554c6e9a4fb5a5e1469ae66160f4,0,train,2
771,[771],84ebf2d085337d8d4b77727b95e186ddcd9522e13153a3db49c9db17b26cbafd,a5e4b151bdafcb120d96b5607df248187114bd3515827923feee15d5c6fd12b7,0,validation,
772,[772],1fa3ec17b691d11f25baf72dc9a8373b752ece773938098dbe19b8a3357e8f73,646f6579cf9b8a96cd1850460435b9e8af5b986f6964f34069b39ad892669a8d,0,test,
773,[773],03fe558774de4f3e1bb38b77e749f68758ddd1c5ea411bf9b1f77bfc9a39f349,c01d52b71ba519a0f1009ebe6ab494d62d2b46b4c908428fea2bffd64853dc9d,0,train,4
774,[774],c5035291c73c84c08fcf3c782a92e43c2c0fb3e4c79e6c63bef1e94c44b25a1d,57435f8d351a57b629f304cb2325b05f54fbb95f26ea22bc57eac9a05e385fcd,0,train,1
776,[776],dc277c7046e30659eae1eb9fa719312e754b18f31dae2e2770320fcb6aebbcbd,9080e9d8ef870efefafe59314f68bbf3fac2063e37a6d7c1d947a1e981fa5930,0,train,3
777,[777],d3ee50835f06fffaeb3ff3d95a2f33b86b0a53d7ff6c9c6a60ed8b5ee4e09012,77424c3f26df89eb0ba939025c5b270121f9cbc96d1990e1f59bc96c323ece96,0,train,2
778,[778],8d444a3b1f8cec8a2ec5778a376756cb1f13b5738e8e76d12b5c2f6f1b697fef,639fefa12d3788f087db661612fc9c921762d5bb9ba02458c493b104f542cb31,0,train,2
779,[779],b8b51f4694e332c6412cad19f536a05806513af0d7a16ec6ee29d45ee03a2855,7f6326343a839613cadbc4db38a8724b30911940a2bcd085ed597c74bde840a7,0,test,
780,[780],3e63ab40bc3848ba57b9ed0e7bba072c742b27ea0cc998443ebbca8849e6dcac,d80a552e7b5cefeabee24703af2d740dcf0c7806128695fc312051373963ccf9,0,train,0
782,[782],3c1b5f3116d89e22ca555775dffee00d01520f8bae127cec6881904d6381b52d,e8212d6ec4f35720f28bc802c8ffd258a66a1b3e3d1f8795e5526e6f0802faa8,0,train,2
783,[783],a23f8657289557a4f7071679545c7c302c7dbf024215220e582969e20f398794,f1bc827934c0d140faf43f6c9a7e7532f57346d07323600c201ef799b1297aca,0,train,1
784,[784],fb8771271639c4b24d87ca372c9a7509fd8a52f5fc22da53d757023e22fe5faa,95749680ad3fca468babfd6e36e3ad80d78576e281f67f11d1c4b19a767a79dd,1,train,1
785,[785],8d3fea44e865ccb6ec9feefae2fd6c482ae9e507051224f4629e3a455d9b8507,b30cfeb94fdffabbca9676da4fbd98643ae57621590ba3c998e9baa2a435622d,0,train,2
786,[786],9978eeacf874d221d26352b13a330b93b6084af99324d60e4749b11502342c7b,28b6acbedcf4ef134771ff0220caf2db98b93fa1aeeaac0741da8c9464104d15,0,train,1
787,[787],a20c1bcc0fdc156b0e591a29a90acd0002e1a90e130dc9b0505ecff737e77419,6f740034a8149913d3068e75eb475255a1ea567cc5f8d9230bbcdc78717cd949,0,train,2
788,[788],429f8a43876011a9f5db20a645811de1ef4084e1b6aa0d043c6d19fa4d3120f7,6273aa68c7355a66ab6845c61abb7e05209bf9501ae7bf6f8a0abac04c4842ad,1,validation,
789,[789],914d9330bc9b2a1629427e1a9f848cff00ed7cb5c9dc8df68f096b9c4203dd36,a3ec79544a61a4e23880a7f4e8c66f9a28b282637fefea3a2c16d51d92c8c26a,1,train,0
791,[791],c02208d5473f2c7156d7b54b41e0eefb6d91b1f1f7140eafc197e1b12e66b269,c18cc804b1a14e50a27b37dc42365a55d83096087b7507f8610228c89cfdeaae,0,test,
792,[792],8d06f38730143c1be106be77d6157020328de8bd900981a0ed1bc175d1727238,1b6e95754c374b9088dc3d4578774c1fa89efc34947d6adde3f794b44a8d2a7e,0,validation,
793,[793],51a2b135f12702c8feabeac233dbc3a19aecc2d860146609a9782af0138cff6d,df04d2a00c3f0cfb3ead237e1019af2bceedab247c1275c96789d228c7d553a5,0,train,2
794,[794],0bb84536c4db37174d6cade6c56e19bcbcdcd740aaafcc430649e423d60df077,e1f0697c5f23bd059345d70c9c8cefd03abfb02dd720fefd98fa0e9200257f65,0,validation,
795,[795],d3ff815a74185f18151fadbd6d1a584f17dd5dbfcf17f918842144545ffcc49a,62289047034ad0ff6c4811911704c90e9bf387239e4a87288fa8aea362266461,0,test,
796,[796],e96aa28f349659b69b15c3eb4152a22d3ef4615dd5348161a116132cc86d721c,ca6677455cc7bff98b1615a60a636c91a91e69488eea621fd337d727efaa9659,0,train,0
797,[797],0a705b4ba1a2b34951677774cb6e0faff3f0a61955b64f82e4b715ab3d50a0c4,bed43e79ab39a00c80a0ca7b133984e144779a55558a8e3e8d1a1c64aacc5c52,1,train,2
798,[798],663ac15057a0426a02c8ac5ecaa27e3e1496036b4de12f2a00496a76b15b996b,bfdbc53a410f7fb8d4e92e057eaf06040d6d88b2e10a92d9446cb7e633b25188,0,train,3
799,"[799, 4421]",a138208ab1944f65c82950d5cefce0ce8c5ceeb9763b38cf3e3a329f87f790c5,6611fd5f310be24045330bc58f6fe83f379e1fc38eef698f4fe136782b674a64,0,test,
800,[800],33bcf0c115aa70235aa52dab03e4b03d0c7ad1955be7370ac7aa22bf042020b2,c40a84cb745ddcfa4d8677b5e17b1416d675a16eb3f19690c9f920ed10db7210,0,test,
801,"[801, 2881]",c5b101bd519a20397ea1ce013b4ac1b073692b1801980541c6084b8399a5dfcd,0c22402dc496cfe70182d360ca1895fbdcf22a1185090a3f9e2b77ad4a75eaf4,1,train,4
802,[802],3cf9a05e6230492e47f49e9ec022e812c9cd6aa4284f40e8a0362e43a9137ff1,e822d2e59e4318059f0cde949827a8503f026d0c2ea0335e5d5c5414e71f0ade,0,train,2
803,"[803, 5143]",cfd2e605a72ad57d4f2bdd35beae090f18564b856ac9e11fed8bcc190172875e,94137c54ba7728066b42cefafe0a79a748396cf2d74babb07689c1b209d693a0,1,train,0
804,[804],0a85b8f302c13ca8f67ec01221f86abd09e8411ae543b1469b1612baf07ed27a,075e56d1c64e469bb0c061acd0782c3bd93adc3a5bf4dd717ee36e09fa39a8c4,1,train,1
805,[805],a5532935e9743b4689399ab0598cec0e0d92488fda780aaac3b95dfa74b710f4,1a35504bd6220ac218c69661ba29a1f2c9dc4d04215700b01f250d93ea89da28,0,train,4
806,[806],e9bc7e77abf08093c4eb709411d20cdd9cafca398a1d8869c1036e75d25240e5,5b4e2769e2ccb6ff6221d43e051999e7aa1e161b0b564c49c36ad0cc42619b37,0,train,4
807,[807],9c5ef984986ef7b00a12d0ab9a6af6760a8140bf2cc48e2b0fc0577e03262a68,d3d1249f3b4e1c99ad914130ea44c398696b17d47cd3157fc0baf4b1d94ec00f,0,test,
808,[808],b9dbfba80f58677ac9d4558b0674adbf9fbf50196a393ad13247e715401f6ca3,647791057d48b04bad380f057debf5eb6e007f65948aec112f187ed5def182f4,0,validation,
809,[809],57e2ba1a4a42a1d0ce7d0361d7fe63792a1e579005527b82842d04382379856c,5f90560c2b488692a4a31cd9e163708a3f6c4877aa790722474ff5d442ec7d4e,0,test,
810,[810],dfcd98f502eae56798b4a142e255c1d122daa9625a7ec6c7a9efacad87e45ee4,3bbfb05900d2b2243e7baea9e3a241e53201852cf33dd9b5acbbe3db69e7728c,0,train,3
811,[811],7e0cbdffd1f79f8e3caed77f1221a8f85dd28bc8de87a2b9bf266d79d2038bee,5e9f85d1c79575545a0469374cac4e6e66064c0d8d83dc2db044cbb97b98cfbf,0,test,
812,[812],fcf4232fea873f94650ceb260102592a2bdc7bc93b0a335f0f375dc961292c02,ba4aa077a0c891bd783751b5694d1c17fe7b35b76019b3e712ed906b8a17d801,0,validation,
813,[813],3d3ed2043ad6f6cd4e64ee383c610a562bb2bfdd6476647abcd34012fd81a093,c21597d9195b3ed19ebf788df98fccbcc65719e036d24e9a46f045376f6521fc,1,train,4
814,[814],e68fa19d5a698906638165897cc9b79e1a87f84e7b563dfb385680b89edac810,b519162f0ba04fdd547abed06e8816196e16e79ae31d12fd1c513fb8c1fb1eba,0,train,2
815,[815],455b756b31ba66bf1ebb5e29b2e0917599b2e243cc7805aa310d14f2f59badc2,5cacc3fbae9cb89719cd4840b5fcc26222ad1c0b6e32f7c0be59dafa8ed95a61,1,validation,
816,[816],463b0a5f0072df0a8f03cb860a97e1f83301e40e554a3c9e7e5e2e50292c6e57,a0925ac3430a2580eb5f94c8973b8241a70eb80596712a3b384666949baf436f,0,validation,
817,[817],27b36d669f94a838309b99fe0cc4a70a2a81f58fb424bbb328f5db15bb8e997e,b49d1e81bd8a5bc595c36eb0e623aeb2b2bda0fd84569f0177df74114cf0fbab,0,train,2
818,[818],7707208ecf4d2318fc5f00ae7cc507800d8908f306643e749540d96cba1877f3,040c2f081fc981f16cf21a5100880a947b0a27c8cfbf6b819b303d26976f1f97,0,train,0
819,[819],c600e22c104d9f0aa993df691f7f3b3c041e411320156fa153ec7f11f5b0eb7e,33ef529c4dae68596a590677178a729a8042f5f7dd324c0eb4c04159be592c74,0,test,
820,[820],c5dfa8171d61435d3d9a20d3cee66016be641c7e23565f180c894ea7ec7007f0,58a9ee15967f95ad4748d39812b21c78b021dd8c6f74c3777210d4e422cd66de,0,train,3
821,[821],0f4068c363ed45d25cb87ad50fd67187b074a6ce17d577e6e12a6a420681287f,23ad3df20186b2e8ca28bba8fc81bdc3866415a1a7bb8dee7dd3b91c354a2cc8,0,train,3
822,[822],25500e026c633fb772dff67c83a3fdc488cce7d201ab0f17377b4a1299364a1d,b7b8e838f0aa02ec2cf5369a4508ca12364c1f34abf2b2cb1d2e594197f1249e,0,test,
823,[823],72f56b9626f7437f84521f19a09835c32db3157f90a693c903e5ba906367a1ea,a157efeff609fd58a14d6ed9c13e049fb102d46e9946ea1603bf2d4fb8d62ec5,1,test,
824,[824],5d51524599601c8b366a9106ff1d54acebd558cf69f13bff46b558f2d5945bb9,d234e1b54d145cb3f70bd8c2d3c97bf42ede3ffc9ddbc38d3f6dda359b9f45e0,1,validation,
826,[826],74be164d1fc8f00fcdda245d79742a4718e895d6e0682b9b26a823e779d92f36,d4b4b7bd88c60d448d369d27bb6aca53fb79802d6908dcb93ebfce796d74bbbe,0,validation,
827,"[827, 5317, 5555]",94f3e42eb8b012c95428f71cafd2c73aef74b5c8d2f9fac79cdcd1f0823f0a23,7058dffc2ccf9619ac393cf3701713f5804069b98b8e3887e8b3f3af85ca47e2,0,train,2
828,[828],792ea630064b9c7bffdbd596cce91f6b57b6a5d4d39b461c7bd3f9e310ad139e,1a5974ba3e8543199ef8b756bad4ca7b22ca16fef4632f88e20620fab8a9ba75,0,validation,
829,[829],1582e18996bc6808bf5f985cc0b94ba6d9380c63d864e2cad77f3bcb7e056e4c,1bb382605f09ad6a267c96931c6fe74a8e0e54c143530670eb6104592b232cdf,0,test,
830,[830],946ab6983fedf0c13447655835491ddf91ff6f2afc09ed4495d392d1ed35b678,1afe1c206d14d5dbcd21c71bb01207361929dabffca06b1c8594ddb867ab0106,0,train,3
831,"[831, 2959]",0d9b73d260466f6f439559ae216494628693b81385d6f657f0fa7eee918165cd,f3dd95e457e322138ecccc48c253b8fb465fb43ee8a12b42583da49897d87e5f,1,test,
832,[832],790c6323642023fd88f46e6eaacb7cf9a6f150b67944c218f5d5111fe01c47ef,a6e42773aa22434a0b28216f448df3c0ea3727ac36a74c4573e1dcc064993a4b,0,validation,
833,[833],6356b9684d64560923b2b46c9392ca09ff5badb707d052c54f2169d29a1fa615,5bdffa1b09f99612872904b9ab84638e3ba4eb7f0e618d317d70c5b4596eec8d,1,train,4
834,[834],cdcbc804199e23bedc9f9520a592a7224bbc6872b0aa6c9f827a7ce4a3570c46,6c1ae49c5346272e624a4ec9cc64143e4165c607e0cb00e724bb8f546a10d397,0,train,4
835,[835],d88f01e23d1e19e4a19f32b5156b9af393263494a9133d0585ad8422dff9aca9,e846f01e463e5a9ac264cf3eadba303da39585ceaa673af80acb9482779bd65f,0,validation,
836,"[836, 3243]",e522d57b4aff3f183b562c93b359686d765bd09f31f1f8bf82fcab964f69b17e,4ed9f249b16a3c6b07284ebe6c2d132b483e0e6fa27e409d36167c3e89671858,0,train,2
837,[837],2752ae1024e0188212085f7f6cea5c4f84d5049eb4735790d23d14034bcece91,bdeec855edc195b4dfc23ac5816fc99a3c79c0f20e553960010d4d48a54db1bc,1,test,
838,[838],c1ea555d525f6300f0fee4c1c6530cba98f9f00c01b09acb6ed2305aba5665ef,db977cc0f18dfabd1b990f5d8cbf7ca0387196df33d9467a1f1f704357d807ef,0,train,0
839,[839],990a6cb04e6363981682adcff3a175f8b46d73bbdc8b8a08efed8120c0cd7447,965e59b89e439ce1cc4f42e2fb4a0c2f347665dbc60e366e54f01566346c5b3f,1,train,0
840,[840],abcdc7881e31d2987ea9a4217cf50a5a05295a75b0273b298e25f5f3fdb5da40,c78ad63ecf010d2c72556aa6b2a241f87eae409da59b89b4c24c130ac92664bf,1,train,0
841,[841],28409de299e6e386cf2183a61be4363b695cb6a2dc62ef3159d9029ed5ea67ab,2084f7998119eb224ecd372d9285f54007b23d8bc908f385ce1a90ce5e265e19,0,validation,
842,[842],fe0afc9b2704305ed4263284c2e4b488a76b7df84d6c6b014cda57b261694840,4ea62cda2a54c239a1a561127fbe284f9c4bbd6900f4ee13d42fa7351e0552b7,0,train,4
843,[843],0c403b042c3fdb8d357b3248120a1b0965540096461f9ca6d65599a70fbfbddc,cb5074160c795f08de681ecd42428bce5915abfc7ddd730b78cc192b1e04fa77,0,train,1
844,[844],095a1aefda89aa7182d9da1a81266d97ae908d20594be9911bd8e47ea561d571,d45c72030478d70f6a40c9602b037038e024898652b405cbc7b6fab72186b131,1,validation,
845,[845],836fa4419c73a0c1ff6d532c5027810ef9aba916981258b9355083add7cb3c64,79205b5327b57d25ff307101c508a0cd823a975de701dd1b8587b66e5cea8ee6,0,test,
846,[846],007de4aa35009ec9236a99c406a626a1b68806f0975dc923344cc497e1ade1f4,b0f87617dbeabbdefb0ec43887edf48383d3e1adbb33f941dc6ed5133a03c660,0,test,
847,[847],3266db13a354b2a41c0bcced7bddb267b78479337eb8a007469a69031910be32,a3341bdf2d983fc1b4cd2db6e871fa5c322a2e4d7f8b083ca56245c688bb1113,0,validation,
848,[848],e9ffd94fa1a3d2c5b99aba7c23935c38dca1eba42dd8108f7632aa6b22b2e6de,39fb1c680eeb4166098190505dfb32ad96f3997503c11fd2a2c8ef82be13080e,0,train,2
849,[849],62ded2f1f581d138432959ffec8ea8a2f5077026297d2f10d3c7e18db5f1594a,64f6bf8c29b7f10fc77e50feba151fe158b658e4d555b30602d46df35646d4eb,0,train,4
851,[851],13117dac21ecb389145633cea655565e15dffe586e9021d461bb03aba1967504,bd25eba6de54f61907c4b930a3f4de731e55113605fd44e819c7e1cffe4f3f18,0,train,0
852,[852],ee43e0a4950f344bf4daf5b42accfc93ed8ad767d9ceec385a0d735bac669681,f12ef000fa211583e40c509625b00e3aa032132cde6e1a1df876ab1af42957a9,0,train,4
853,[853],c3279aecf9ce3510b01cfaa489a5d4a2d311fcee6bd0d76572cf7ce72ca45347,cff26bdf6bfeeed26647ad8ab1bb44431213327d565569c214bed8f4df2b06bd,0,train,0
854,[854],b5225bac92e7cd0b7a1e9efe03cbc7dc3e1e2e6c40e766f076bc3910759e489a,78ffe5c388fad1f5cf373e2eea1dbe73e2f33d27408f550bdad526b5fbb2e159,0,validation,
855,[855],056a8badd6ad8bf0a55d8e2160b1eb750e2cd3093bca57ff2f6029bfd8c07d49,dc6ded94625ea224bc66ebd2bc29fefdb21fa6230dedfe533fb9c2ea78cb3b0e,0,train,0
856,[856],54323ed99311479385fcfeba6d093a60b88da7580c7552aa7726b6c64341287b,6b8efa9b36861e32fec184a5325b7cad42dd05a390f7a21575bf242fb22b1595,1,train,0
857,[857],f2d1cfeced0110f83591ae454e79b4c390275ce94f00c344351c95ee14a2bc68,caa291278b4cc5c05fc4e0f6f05bfef7c38ad39af78a875f5c10b6284db8c291,0,test,
858,[858],2c00e21ec3b2eb4a2b7d8f7fd7af5781fe9c7e9f40b91a7febf6a4cf8237af57,e451fde031aeb07a8b886600330abdc518fbe8430f2818074ad01307606433f0,0,test,
859,[859],25ee8b0f695c3ff1bcd4e51efcaa581c4740866c0eaaa61bf7c1db55a2a488ed,b94a8b4eee9c373d1eaeb1fa4edcf3f2b4795a8b311058da6bd9b84d6cd9aefb,0,train,3
860,[860],3ee82cf54cd302845411ff209c6c93ac5314727f3f3b2c23d1e90225fc5f9d37,e0cb3a384d86d311679e7d3776970dea80855e6a5a17d3585e165ac607753d9e,0,train,2
861,[861],a036cc99419139b4a6d5d5ba327086a873660bf9b22884ff001e75935952c667,de2b4749bafbc7dcc39dd12235e88e741c643ff3187ac2176a4c0db47a248f66,0,train,3
862,[862],5b7c6214d4f405971dc1f6982daf6af9d2b875bad8d8527328639e6a2b75778e,e6177ded2cbee8c28df560476ea7dbec608ca5a4cf353fb8628357656b2adae8,0,test,
863,[863],6ec9420b613caee6fc66e3ff36e4dc3008deb3086afde83a17f184d4089d5e86,81ce98e76e64c17820bc34a82053d2efd29bf5cf9663d65a07d9db5654987bbf,0,train,1
864,[864],8dd44ba5bd29a52bacfeacb97cc5ff540613cb4f03a683dcd25052435c36ea13,187225c4f9ad6fecdf7bbc6b673dbe51de5d087c5d293d9d5e03f79ac43b2793,0,train,0
865,[865],8eceb34d5a89262beb3feef687a7227d67c7918e9becac62b2b5e4ff91ae0e56,ce124010e8f1acb8c31ba082c0b839150659bb5a880da8cef4ca91ebead058ef,0,test,
866,[866],0a69e63e8351bdcd495200955a459d771bf982f0adc75a2d25af71d4179f1f4f,db09179e1b39a1d493da8fe5cca9e07ea7b637de1fca1c3332e7720b660706b4,1,test,
867,[867],78ddbe940d6d793de5783de42376f4feff8d698858d303ffc3f767f23a3d1bcb,79d5eb592c539382650aa88a81432fc9ecba1f194ae6d1cf548a61f04912446c,0,test,
868,[868],4354ce4b4422dfd5a3930cd0a61a1553ea77cecf8229c4f95f6a5327044a26a7,dbaa065c3fcf33af5bcd05f8e4923ba7845a1cf85bba54cfcfd1f3e359e90708,1,validation,
869,[869],597c0476d8ee52c0e617568f5929f0828158a5102b26c2f39760c0d69b0173c3,48fa21f5e73eb08387740591112d99c780112f11d134a8452b254297e0991256,1,train,2
870,[870],24202dcb520c06b1cf153b7d5e8f6e92ed7132648f23326f90c5b14fbdd1e614,5a4a151a960736b725aefd96ec6468382dfb75ab1ca1be9f3c4833fcc309c7e9,1,train,2
871,[871],edea4d2de6b1a95315aa6b59166c0ecb4bacfd4517a6c817acda87a4cb42e1dd,b8361e5bbe0653d60f8cade1748b482248cb986140b87eb9d61874d35526890b,0,train,0
872,[872],85adeaf7092b1aa4636033f881e05d8ee4c389002463f9180756781b83a2386e,fa3a6676bcbcf8164a9a3caf0559285eb37f260465361352deac8cce9ca31c72,0,train,1
873,[873],79b4dff83b7ac4543db4aedc73dedb2d5b5a22d0d8bf65e91e235a69e1e85007,a36d7dc7e92bcfb3c12791d3c87a58c0fd2751aacdee68493f8a5bedde1c742f,0,validation,
874,[874],d9f53f69a509c1ae9218e3202604d4dfeab5f0497e403f079a1673a1bb576aba,9df4a54116dac387f5fd2c02787f29be967c4863d3f2ede6a932051d7c13e1d3,0,train,4
875,[875],ea14e8957534a3f9fcbe3ddd603f2574e831db7c8c9ef60dae3e975110d753d6,f693530a16f7d28d59c73d961e033f98384f8ee37c204f6611369207d46c8a12,0,train,1
876,"[876, 2170]",0ecb9a448023bc8a5679d7012ccbc0c5f78913086871a2e9879323a90169f440,c3afc26dbdd8dbe87f7b2dd958a1923877e6af8deb2e1497febb0f6e02320a89,1,train,3
877,[877],1da7dcca902a28dcf822566b7f1b976f3c2cce72263aa683f37d0d158acccfeb,4158301cde2f2011d286c73cff4775e764d8dc0e70976fde950cfd0070d23c24,0,train,3
878,"[878, 2596]",8fa42a8ffa9fe5073f7613350c98310eb84f08a0e25f10f13dbda382201128b2,2a06da4dcb0ba63a239a701eb437af2af6f0792fcec42406a6987b9b7984b395,1,train,2
879,[879],a93fce5f43148d0afbf73ec10146839bb17071604227a975e985a08e92e107cc,2e605b801801c280e381da1987682556498b29b3615db65e39352b44d68789a0,1,train,1
880,[880],cf208b34c418fd43b98d50472693c9971e6e432f192006ed429372d91d6a6331,b7f6956f4fdb2f51b52bc59f20f98992db51c45ae69c3cfceacbfd523bb4f5ce,1,test,
881,[881],e83708be574e9327fd93edafd36902ec1a9962c53cb2a9a2ed26d2c7d8bb685d,8d113086f59ed608ba32f8b9a46580976add2060c5de48de758eeb537775759c,1,train,1
882,[882],97df82d5f3e6dd37e26e6b1616f9a6c7bd39dceb54f40420c24b12084a479b69,a6e2e19736a81b99acc611629a3bb03a0562b1c0d92b54c3ea15f87bbc9d9dbe,0,train,3
883,[883],e8826542be2d02ac0676df0efc3d7bb8c6375c83ce23bce7f940471c5cd5ebf3,b2a4ccb5610d9f45b79f50353f6b241007aa1c41f855a3b36cf20a707ec00928,0,test,
884,[884],9b5c712dccf2de01cb919cc3b8df0799906c231455fe3e5559b8ada26123c595,74398b2eaf853154f0610a28ade82e4387bd44124c18c74317af7f5cbfaa1e41,0,train,1
885,[885],6f5970fadf1191d3278b8d9234ccdc73d3674c5d408c1983fb347114aec11dca,8c96143041f5a836c99c796873805bc7e976e9410d098e95761b71496cb40f66,0,train,0
886,[886],42a3ceb9b93cbc4beb991570dcb50cf83322365dfd52bb5cb0ddec416f92f32a,158004507c48bba1c4710c91dd0a9fafef7aaf53177446e673fd2dbc34f44b64,0,test,
887,[887],1624f87debc29c187a628bdc6206cfea03d43bcd89c31a5bc2476998e7d707d6,e675bf3c4348899ab1515946522a40594ac0676f960d072ef31cc19079779e4d,0,train,4
888,[888],9a1fc54054f2c7467fb7b0f3a273b7209d354a54a4eb2a976b3f61768742c28f,c7cc56211558edc93408163acf5a8b7e703d552e038d8cd21d1ab40a6728c851,0,train,3
889,[889],f7b81ff940663294a4e191905ad29665286738192b060a39bba1923f6f5779d0,ce2263711a3d353f9b657cbcb7cde4108511a4a1402d85f06685b298a6e03a6e,0,train,4
890,"[890, 2829, 3228]",be0412bb0b10c5169fb5a37636b2eb8e90d9ad0b5ceeae2054be88b642cc47f1,955d4e3830c6605320f99b79d559a68029b022ceca820d279376623421012c1a,0,test,
891,[891],8535510dbe8f387a9a879e525498a2e7539b8fa6c5cdd872270c6be1bce4a437,f5ab1ec1ffad84bd1ff2387024eb903ed3d264c03d00671b47ad38a54ca0b04f,0,train,1
892,[892],2cbf117b25d9815970d5d921f8a58e0871eedb1ec1f11fae3b8d6206aeba4af8,4fde5957666e3c8b4b80c45afd5ddf862baf8732a801ac3010e901c219252092,0,train,0
893,[893],4e2198db90a000bf6cad811575e5497abeddc722bf6efa9ae041988666fa1cea,3e6dc9f4df7f0a83a924b3e7d08934428bcbc947a324849e422a09c8d973988a,0,train,4
894,[894],bd4ec9946bea0b5737bde277ea1fdaf5b37788056b62b0dd90c2f76438a2c24c,fe7e80038fd6735f36485f33be97a94a738297556ad4c2856b124e862344d66e,0,train,1
895,[895],895c1d33f52d791c9a74c36103edfca586b28f631c2faa2e047b3634b2692ee5,4378ea4139b7b64dc4b08428b3656e551dc04048055b1e488ec3e5adc42236c4,0,validation,
896,[896],fab29dbb5b41f077bc87891f6e248b39a2e4d475e98c5db2643edb77ec318c1c,98e2f2eefe335a27ffa2c868a31a9cdbdd5a125edde5f15095041419b669a7be,0,train,0
897,"[897, 4549]",1cbc631fe2c4b09bfd7c5d3e905c8746a3624a2154a0a10e2b110d534951613c,1b11b793d12d812cde22cb915a4eaca4a46675c7c9655f15847e9cc80e0fa26f,0,test,
898,[898],06ca395fe1812e955a91cf32e4f1f05a1a967a608a015bc094baa32f98cdb10c,4e861cc083cbd7168ced7e59b2a7e34a0978fa8fbfa35a332d7ec890d4723762,0,test,
899,[899],5732e076bdc09546414b2d66b1a5a7fa5f763524e69f78bf5a456a2f70b54ff0,aacebeb2524dc319dd35b83c4e4133b0e2baf3021c1ceecc97b60302e862cd85,0,train,2
901,[901],35398389018cf243704dd932e8f560155f97abfe0f185b680958392a908a7cc4,12144b3ba7e7d3f84c793f0d9772664fa90bfd3ef4379fa22eb8e51b78097151,0,train,2
902,[902],45657ee18358f66a4c89e97629eb29a401b299fb8fa9d17198a0dcbd1cdc927e,44ce969db2d29e1dcf20a8d253a1a522eb24df39e398865159d97520eaabb7a5,0,train,1
903,[903],2a1335fa953334746bc0e8da8f9a5b77ce79646f3a5ecf3e32874a997e4e4b99,7839ae2d17ea0dfb5e9b9dd84a159145955e39009c0de3b4940bd3d874739a34,0,train,1
904,[904],4aa62c8396ef1c92390045c212729a2fd896c447601bc6c82c4d1f01f519f25e,7f686dbfd12102fa52965fe47a9b1acfca302c926481acab05ea8e3bc1df2c25,0,validation,
905,[905],6952d40dccc6c50133f81342e7a08d6d3e8906a8abb0e7215a4c5515f22eff8b,709131973cb908d641284917623d28e770ecc22b4a2070b8bdef36a1cf35582d,0,validation,
906,[906],d85b977b105f28c41739237d3401414c6615f6c2fe54fb02c60d59f35f9184b2,ee027f4bfe4a999699d6ed3e68740bd7d30a2d22a35e383a5909f477461d73bc,0,train,2
907,[907],96232cc9c3a9e7543df8e5570f112c1ede56098c8b48c827ace9d8375e4c0258,6cc142b5a5f3f7020a2fb5ef07aa5155de5649c4514ceca80f354eb9e1490e11,1,train,2
908,[908],72ab37ecacf0942083d9551ad51b6d97bd79e71be2fced2a99c5560091d52610,12a067579dd517d97d997764cf7e1c0ef664a766a21a3486b2eba4bb5ed11b5f,0,train,0
909,[909],0a0a43916920dd367a746ff1ce76fd40aa232553e18bbc7f2d87b9d76b0f8784,45fdfdeea8568825f5832cfe57cc55770677099be179ec993e55bdb629b3c1aa,0,train,0
910,[910],d527c900eaab9a03cad585a91b2277d520856b000b36a645c474c85416aec1a3,68239495115e4c5b1fa0e9e8d0b6edfdcbcdf69d09692b8f80338c422283728f,1,train,2
911,[911],642430604312a1b4fa4aba5684c462519a674d9459d6abc6c1f8da2987757de0,86aae6233e5ff9df4378bc2604ceb8cda9231cee62439b7dd2262bc51ba9ad63,0,test,
912,[912],7b706078a76a761793f0f03229a8e7c15a5f8fa6218b221c99a14bf35ec311bf,bdde23a8cb83a9761ed7f8f2728f0585e8e45f6e3b1bb41d191dee9ff7a10abd,0,validation,
913,[913],b8abc6f7314c27e82cc553d40bd97d2cc34177006fceef9c8778ba7eb2ca1172,d5b7f5f040b690fcf15eb642b9957d591b03dacbcab260b5d3b4c465f5dbe9b1,0,train,0
914,[914],64f5fbf0880f230e2ff418a7a4a067c81181a6cf853f300ee64aa03acfa600bf,7e963901915cf5910ccb972cb6d7a1eb6e65d7914e70eacc1c49fdc499de7d89,0,test,
915,[915],dbc1de6a52fc37dc87294ad048f99a271579f408e8c39d5aeb4b485a3163ecc6,5c2a3a37e54683d6a7a113f2a89eb67cec656002f0c1f8ab94c380c6238a9ae2,0,train,0
916,[916],4763fdb7c7381e7cd99bc9e7a7a6a9966ba6080c0b1d1b0949d02d9647177312,a910fbcbbb0980bf820d6795bc084d150ff6a24d005997dda35557e28fe742af,0,train,4
917,[917],f042bede15081718486293f68f5740a838128957310b0d04422e6a7da09df262,70258ba45fda0cdfd2e44572af116fe9ab0b27d090ccbedb6b036267bd47099c,0,train,0
918,"[918, 3168]",7e92e77723186d8dd9e5654953bfd6d158565d63cdc920184391d7a874e77589,1d3728e8aa34b1ac6f1e9cc34c774b794931b12a6df5b8e80c421645dea2c218,0,train,1
919,[919],eb0c02062bd150579a9f1f7d32a8423d15df8b4cd1ace2c0d1b31daa33a0478e,f52ec77ea9a396b4a751bb337b10f52924aa972e7878f826afa599ae5ebf6ec3,0,test,
920,[920],7b3ac89749515a65dab323f84dc938cb4fa1a3810601ac1fc66611436521ed13,ef8f7dee3223ae53dc68efe5bcb399fd5f2bf670ab87c60b71ddc25deffe3e55,0,train,4
921,[921],557b01849d8503a5b9c2454b4bbbab2c77855a3460c7ab9f5d87ecd2c1883c77,2f634421edf747953215d34c7b1b3e3ee09b8979254bb5d557fa45b068d384f0,0,test,
922,[922],53d523c5282de8d0ee95dcd7028747e9f867ee204dd083d2ddb6f8aa0e283fd5,0ca776f780ce32b6c7e9946cea0a08b02412dbe8f18c89fd4034d0bb9b31e37f,0,train,3
923,[923],b50e686d1cdf3e5dfd02568f1939e9577ccb2843e191c73ac429518d84fe5e1c,2f536831a63cacd7d58d570bade44a9ed5bf3ef5f1db041ba3e6857f61705708,0,test,
924,[924],4ca149b34e6e2722969cbab270f42b177a45fa57edb11a3bfcdc63a7854cb648,02a35267b74a6c2db83f8fb0866d511fd8688ca144f932f8b12714e9fc88e994,0,test,
925,[925],e9e7192129ff7ace9d35023972d85e099e64635575770da691adba43275959b2,001915b8785fe4de0af52a19aa7d4d895c4da051de22abbd0594c60f4b9c4ca8,0,train,3
926,[926],bf98cbcb113c3965ef8b8e77a61397a81b0a3e8eec9ff830522d961e0d8c21e2,ce3fe5aa8fe6a856b4002be5305e5d8381cbc50ea1933927ebd3aad8d86a85a4,0,train,4
927,[927],d5d07089c606e3283fb118a1dfcc86a684bf756499f6f3c5ed0024f977e075fc,68086d24f7444b6b55e33e1fbf9bdd09931bf6e27761f32070b7ee0751c43d81,0,test,
928,[928],359939bf0e43f8f7d120dd1890e9e623fa60c4de687edca6106052b8dc0687f9,9d0f5a24c97eee502f41bebfde0b290bbdedf049d5c114f0f4babbf8093e204c,0,train,0
929,[929],b7f0b10cd8fcaf3866a3e240f052ce4866affa23be75786419a660b8f90e1349,25ffb51a03c2f3a7c013b2c196443a20efc2096685a03fd107884dbf5d855782,0,train,3
930,[930],e2c65401baaba306ef6efaece816bf01ebc3294171501d0070b1837f099889b7,351a70b9c375d4385860889871ee04b7712f874b28c8486f5a276952112fb3de,1,train,4
931,[931],34ec59c2d5b2a31129b619326d3d509a106f1b62eb698c856310668ad9777b65,8d76940c1c1b559b9898c92c1b81b6818afe456a113cef63ab2627a9999a514a,0,test,
932,[932],41b650580ed8f6c8dea88d9a2c15cd15a9abaeb2e65f05b3e14b22312f8964a9,73fa1c51be451f01e4afeb84cadcce94f7cc661dcc057d18ea6a180202a1f934,0,test,
933,[933],674f1b76323842ee21821551a395a0de930449f403fc96c9fd978110df2fcbed,3e1db779b8ab79691e6eef667c1dd7d601021c26f5980a4052ef60dc9fb74a7a,0,validation,
934,[934],2231c6a0dc78b0f7a7dfd5578aea3228347f31394e3572e996b6926dcca2ed49,a65e29a2d402fc4f167e12d2fedefb9197a3d21120827807e1fc3785d8baa8e6,0,train,0
935,[935],a02fb2c639c53d9d003b2701022ef44824deac1b8b49faca2a40500a23408994,0561828ddb1905df098d3a155ebcf46aa07812505f43067cf26ad2a3f98478e9,1,train,0
936,[936],d1587555e92b3c2ad368847ba50db52e5c84c62e70e5bd90cb1bae73672e3dbf,7316c26033398c2d0155991ce7db7cfe535cf100e55a2db350460d875e380e6d,0,validation,
937,[937],6c6de96f232e732b139ced6789a801c0b3e701c0e11af09b5f2f74b695ee79be,bb2cd2f630014612d5074e01ea2ac2c34a343c00a599477d308fb6d3756a2727,0,train,0
938,[938],4afe2c197170788b842d4f81ce24a98c4493152edab69644ceff7b58e0ecf326,46055a7260fac71a09527f3447711cc2db8d1e424c3178c86631f9b490522021,0,test,
939,[939],04ff6b9a564a50d9132fa6b8360b76ff3934df428afa8b9e343cd8b174ca1623,852d2ae8518cafa1c7f9927ad8cb114a3dd1df0b253bf55553e58b46880f2f0c,1,validation,
940,[940],9b43f1c72a53acd7eff5093da7ab90ebeab114ae2f5961803cff45cd9fc62a66,d52032099fcb0db15dde9931a7934d3be54b93faec12d193ba9dcfa2b0682453,0,train,0
941,[941],4d6b82854e3ba0fceee785e629f06237fed7a29d4794a963bf911a7cac1acd22,27017c78c4e9fd0d967df6f5bc00f917bb27a70922ced4b15dec8f3165b9173b,0,train,0
942,[942],dea0dcf7da8f52653edd187c13a078bc33c1caf1aa4407e9c2fba1dc854c0495,5c8698ca15c4c6829bdc68d6800d002db01a49640c4359871cb00d41c3df1c64,0,train,0
943,[943],797a2b0ec453a069a705b9722fdd70ea145176d05411ab139e2582708c6f5bef,4a95fe1e600635536fbc06ec1b82bae568ef1aea88a4d3e8627b750846c6b017,1,test,
944,[944],de2071e9736341c5e1cb5cf1ce2e857f80e45e639e35497149a6828e24aa8bbe,98376d85dbdf2792cd09efe67f6c1a696ba60f6888650fe312382566ffa992f5,0,validation,
945,[945],238ed13945c81c448d40bfc5c1ca73984e4283af5fd979fb5089bea3e871cf55,880b86e1cdf7161a51954949cc2b19dbcf63fafb5a73c6922d5d6edd0f84aaa5,0,train,2
946,[946],36054e8e700733691006aa782fed98477116efc7efaad4c015ba17b673ec1170,f90069853d92ead5592a92ffa0c34cf1f3b3e4e985308b9c35e8efd49091aaa2,0,train,3
947,[947],0fb906979f4214e5167954a0d9195a824d7134d7d28b15a7c4d331e779bcd907,6116fc77d7fce6e9c903d67f219e618c6eb327c54cdfacd8e5381bfa3c9cf8f1,1,train,2
948,[948],c54167badc3fe57259761661553cf9963382781685f5233ee0d05e9078129005,798e6bcaa3e6888c17da4d2ab2c9cfaadf376a05e9519a393a98168be0779f44,0,train,2
949,[949],32c72cbc6f40707d971f83a2a27fdce91a1802f7b22dd60dd7e254ac3b607f2b,8da13bc2a225d755c746d7277db214dc5625d346832f7c6eb20593703e122eaf,0,train,2
950,[950],cddb87ed78deb44d665977b330b6cbe57d09727de0219d479017e6f7c2755da0,67a9c8cab6a035a8a96f6a761a568a51e5b3397c879695e674c4c46ef464d2e2,0,test,
951,[951],2184963515b1db0437ea2571db57a3d5d71d3f9dcf50953abf3127beafd9668a,50fe9b5c9be1080043e58979f5ac45de8669c7bca088f2baab93582331458f32,0,train,3
952,[952],7e3d16410cb6c7f62531e4a813f27d06cca40716806ca48220c71cd4f7686680,015cfc0b11a5251e955b9aa0a7113f0c3fb377c4f0a88b3ce13506c80e253d7b,0,train,4
953,"[953, 2125]",5572b9130f848cfec3ff41f9cc5a46bc970edbbf3cd288bd02f7a20da04d0c9a,f15faa0c5e2646cd98f6bcb8b51b18de49a6a44a6adb8d9d82c5927ee96d3629,0,train,1
954,[954],6e5a09dbb1a77f52f1f31fbc841fc1a7abff1f078452ee030397f5dc1ff1e56f,02a214acc70ee1f782d4a6ac029b49fd07de0adf74397c44e878ed1514b2b145,0,train,4
955,[955],a47b2fe343e6125ec79b3911d19ca12687caed56958d003c4f97b30d3204fafd,349715637bbe382a135fc847999522c00d4faf8ae0f666d0d7f76fd70b8686db,1,train,1
956,[956],867ab546372962b8a37013a887fb9dd8dedcab67db6a2547f2f387d9724c5ed0,2c29a1a068ab3d65dcfd7d4cc718788c00ee586345e6f051a6f0ae811633021b,0,train,2
957,"[957, 2991]",7b9d9e4c7118e59c1d0595ea6a98e6061735e19a7e8386dfd99fabce4abf25ac,63aec8d3b278bcde1dd1c4a209672100d7e1fe82356127db254240ab2c0f101d,0,train,0
958,[958],45baffa711da8ff4e283cf7f0f94d7562535e23028fdfe05866f2812a3201d78,78e5e376b169a3911025fe455c436952dffccd44512f00d1f395a0975684aefe,0,train,4
959,[959],25764496ec0ea390cb6d57651abed633221c502a9131aed65f7277cee5dc25c3,1ee1e06664db9133d82cc479c6c42a406099821ef15b68cbcde0fb53fffa85e0,0,validation,
960,[960],3131cd5a3e0f9b60b5828d59fd73e2bb7fd03126ea447c1eeda4460864d8db34,51bbf596f7823c5739b14c1599aeae99dd758b511ba08bf0ac63a7416f03e068,0,train,3
961,[961],b5dcf8a708fc0aad5e6f35606ca93e851306885780756577bf378b496477cef1,47bdec63a9408b44d54d06cd5334d6b0d4fd5ccb7c294052ef9ff66c431c67bc,0,train,0
962,"[962, 3468]",58449af9edd1b33aa534274f0057b3f8fb974cb12e4f1eb66849732b5085e91c,2ae6a5491de56c1192b9e753d7ea48d7bbf0de51cf2097a8902070d7d1ae18f5,1,train,2
964,[964],7605879b3669e4979216f513daf49a21daab0ed0e8e8289fe65fd44bc5c6a899,62373b93681b572f1e32a86f385e3e001afc055d722370529bd92c3d3819d329,0,validation,
966,[966],fd19a14028f97eb5dc578c28d22cc8860ce153f8731aa786dc3e47ee09594a17,7616c453967b8295455d93fb4161cafd8162435a6222a50c08f9ce86a31b4840,0,test,
967,"[967, 2762]",7e8a70b67b8319e2a29de0b2fdaaf2a7d4971ee718cc208a8e9f5e77f8973217,ebaf088101cc98fa75952afd5db14fc53a9e3d9876914e385e295788aa10bfc9,0,test,
968,[968],bf796381035cfc3c8a428cae5f65de98f0d70300e0e2215b5a0d7c6208eb9f47,fa1e10ee3b3c8c0f8e3b18f95c426e67594ad8c9e71eca286ea2992bfbd55d6f,0,train,1
969,[969],bf7c96342a7f3490b60ba93967096db72412d4a5cfec622df04152648103fb67,fb84bc0a24de8bd189ed5ec61c5f8f18692d550a753d8068e4b06f56ea39b803,0,validation,
970,[970],e35482b7a08cd81541299cdee4c48b0ea0472c55a825b5fad2a33566c0971739,347abfeb1329da19cc4e8ab2474ea3eea0d4142ccb2ca64601d4853218c55137,0,train,1
971,[971],3bbb5ba675968b287a31546fabcf3607130d3004da83f437c75ff45d17e79484,af4eaece434ebdb2a85f21a464b8f042cbbfb57f68481a7ffd1354b0ed33e3d1,0,train,4
972,[972],14b420e8ff262e07856394481f5a1d9bd206068da2205dab2067e066aa3940ab,c8bed8f12a3e00150ae27efabc4ec7c07fa9b56bd627792fed1f743353453187,0,train,1
973,[973],1fb9d589b65dc9b4e08572a31a12bc3221feb4cb452a9cde0abffb021d252456,827d4e07b60ae5854151dae12ef0ff99fcc02fc5a9967eade34eda8415b868c6,0,train,1
974,[974],9e40d2d16ab0a6b8df9a77a6ee4289ca297c2f56fa65f4ec38353b7a879a3f92,f98365d76aa116b457771bff7652312e0333b61b46f21f01a0d9533313fe30f8,0,test,
975,[975],47a2e03ad77edb5ae9af538c7fc5a1e1c4261159839f45236a80166384e586a0,b5198a1bf9e63f39ba732e283a7f60f0f3a6abe37537b192325258934242872d,0,train,4
976,[976],42b93d10006bfd8788f3379f9e564789fbf82afa9567f711318ddf2e29fab28e,c44476d45099e25b3695baf91ac5f7975f459743a2ec811d30b99b3eccead944,0,train,3
977,[977],40717788dc41f9f56924b462b84fd3899b14233047249b796372168c93bc55ca,2df1e0e6c7f18e31ac1d2ded476b7d1af8cbb22e8e1772222c0cc1fdd2bf2215,0,validation,
978,[978],3a6e1cd8b1b1bc4314b471c153ceb05c38d9a74e4acfd90e3ba09facfb4aa84f,21a87d9aefddea36e24ca2b7d3c231a93acc9e14c211374e473960e942c12e04,0,train,2
979,[979],d2302c93c07ada9e5ce71593d1fe8c813ecc05fa179b140b67cdf2c08d92dc50,d354423f08f7fde84a26e3c4b91089089862729a5b6de4d261eaee7bab943fa9,0,train,4
980,[980],2e4cb816f27090b997dba4d39439d8a411046b248470b7ddf4e8c082b652f36d,dc699325c1ab76c91034f5f66081ad27000735ef93157076e1b91f5f8256fadd,0,train,3
981,"[981, 2135]",d8eb3c3651650f822b733e13adfc027cc1f40134943f9d287c66c4acfccc1c53,03d08139c72f1e78f3f5e67fe827f473440f067d9abf010388b14b9ceefa4aca,0,train,4
982,[982],90512eb663c3050e887f47306f6803e157f8986b8eccba6d6bb9e16bbabd2bf5,94c5a23e3a654924217835c88ed87348c4f43f17b76c708e647cbb60b5b613f5,0,train,0
983,[983],9200d3c2746c914990313266d1c5e2edf1a15da1bbff0ffb60ee38ab2b35459a,f64ccaccc748d00c4cf520cff67572d9590c976519d5de51f8a27582c037bc16,1,train,0
984,[984],7484105362d1e1d589dfef3ff02ba1f8a89794faa7688d35d6c40dfc30cb73ad,adc316d330fd400d06d0fa1770548ca3a9bacc3065dc99833c1b19f23c27de98,0,train,4
985,[985],931894a2a7d3d08e3e0c7eeaf45cccd6a080156a003eac4dfbc34dda13a05543,50a242f54a52ca923b3c381553b2c927bfa3447c152b241193ce630ff48e85c2,0,test,
986,[986],420d0e779ee06bd5a45b51e5d89c7b1021a820f153d84f07e92b3ace53a1b052,ff0a9ac23374c874cae009058168b36bd2fa359d8d10911f6b1ca8228c5550e5,0,test,
987,[987],d650c0814c4b04711b45a6fb76a95afc5141ef923b7399b9fa50c8230af9cfbc,07ca7e63aa4909a76f49e7195d7ceec17393cdcc8bfc0b124a088e1059304df2,0,train,2
988,[988],def169675493b0a414478ed4967662d71c21f111a91c3a0ad0c9803752e8c0a7,d43c10d2f2665c18eae03aba5766e404e86553b9ce7df266e517d556c0859f6f,0,train,4
989,[989],cb2af992788bd3a5d85d7aa9a6b61915111df68b1cd5751839cf4fbcf2d03692,b44dce53c1fffe30b3a1a4c7884357ea81cc0447e94ee0b572d07274e934873f,0,train,1
990,[990],ac18cdb8b9556d515e988cf0709dbb139b611e95240f924d462aa92834ab0b7e,5a1dbf7f4203eeb141f9b6a197072fc36d10bf4fdd551b7ac59c0604c61b699a,0,validation,
991,[991],6339cf45d7822a3057357e6e61465920d9eac1583ff5989e8f246e28cc9b5ad1,e618f76299b8794c6aa0ff3c10b5934dbbbce41c8b0d41f4348765e0da3954db,0,train,0
992,[992],257354bac600a5fcf651dd8812edda6b2ecf94e04bfaf26070d605564f411bdd,bc5e24758f87f38168cff9785fd82e060b0f0b8cc764af8624f66ea6ce2cc020,0,validation,
993,[993],70fb045dfc37d001221db17fc5e2b40a34955c0b008637f7fa91fd60c956c47f,e3535403438cafee9b69ddc568d86b16e7f028394a69cd88cb53036ec3d8441f,0,train,2
994,"[994, 2327]",1c9895b2c485f08ee219257f5b441d6622e6bf533017e947422c384bad054894,b674c2e5ab3b6a74afa710085d6ed232c155abf2b0eee51ee9af1b66073832e6,0,test,
995,[995],b2ea6bcaeb0a776cdc8e8b26298f06b136ee70da753834d20e45658a0d08633f,45b3526840535f18a795c3039476560cc7c8716a736ae41c3cb301bedc9b202d,0,validation,
996,[996],bee87ef649c8e94ef91e5e9cd5989dee18c4f2465b0175bc00c5d8ca12ed2f14,ac595bf5994e405f7742f64f4c4837e3be38de444f2ecea7926c7b92959568b7,0,test,
997,[997],521bee62db0d4eca1ac844f321c9ef0edf7eb1379e37a01bf6c2f12196314056,2852a954860407e41b879ae952b432645bcfc1c596cb9e71fa4977e604e03fb1,0,train,1
998,[998],f727cfb45978152508177b943b6ec77efabb554ca8cb1f652467f6ee6602b4b8,213b0af7c9aed9980053cf2c58394b171f8429552c1f95e5c5fc1ac550dbd8de,0,train,0
999,[999],0286d8c6953ec77857df425a6ea8d6d0ed49311fd558103da4463d5351741ef0,18eae73bc0ae4e7e359bb41629ceda0df26ea72299b08dba9a26c6a78ee186ab,0,test,
1000,[1000],e6cbb901bfee25d1da4a749f0555f951fabad2913eae5aebb8f810d4d9a972cf,c2b7635b1be2a22cf97672bd6033bb465bfd717afcf1f9f56cd3153fcbba8460,0,validation,
1001,[1001],7d4b2f16ae8822b1a3f56c33e2297ffc2379bd580c92789ec64294c65be75eb6,4b614c4d3e189f48357b6695790f5d784cda37a2c146a8afe457752a6f9e58b8,0,test,
1004,[1004],01e5b4327c27acbaf9e03064f7b99d54beb1e91cb9ffcf08ecb9c1319ed2c81f,9a72afbeb6e47770cdb993d05f10412556f42939ce1de3bd094fe5d58a4db77c,0,train,2
1005,[1005],140be3f853fb61c294e6148fd864a2e06818a0a632a3b2e46b95225393ede7d3,d400ad18c8e23a621f7045621e98f039bb73e60c0f711fcf371b0718c712a715,0,train,0
1006,[1006],8a71236429f239caaec98d5d9457bb2b7acad7c50cd27e3533bbb9bf7a723c56,46de4a45cf8ee952b2fb49a487ea45b18735ffa51f98c7611b745edb1800f014,0,train,2
1007,[1007],eb0cee32aaf430bf347b32452e02acb1e6e01d5ab83d94679810aa23ebb60473,f9ec4e700279bac8790b69a80fc0ddcba7f3a11fb5bead2f4c4042a40be27167,1,train,2
1008,[1008],0eb6069c8994262b230590bd0dc6cdd4965ffdee2cf02464ee13f71646fbdd52,ea2e080bfff9fed48287aed8a0bfc08c8456ae013533118e122afba922399a2c,0,train,3
1009,[1009],3dec04bbd2cb829d21a22c2ab18592ad543d7632b2c85689c8873056956322a1,a418082071afcde68b3f8581699f7ab9693e7ce958173541304d7820eaaf43b9,0,train,1
1010,[1010],475388be95ffa7ab465fae849a5f559d5135e2e82e261b0bb2740842dbd60bd1,f6200897553fb410418eea55f10cf060d61d1e685387e4b3baba75312e168279,0,train,0
1011,[1011],765897dcc998bfd7fbd0ac50d0ae1413562eb99197c19ca9f79503ffea8381d8,354def81538737e8baa607c6858ae5c6794b7caf3a4568cc0ece41b7f034bfa3,0,train,1
1012,[1012],19ba554b65afa33101f6bba58a488cbda347c496267bfb8544f3225d34852591,8e4f7de69e14c63dee6e3fb6c4c5a86133371ba100d76f630923405ae06b974c,0,train,0
1013,[1013],d9b63ae99529ae5cb8d4fe1d91d6f5f42d28c3a1bda218fd124c3a38472441a6,7dc1044066ec0d8de27e80eb347de8534941283b72fb1f27ac4be4afe894937f,0,train,3
1014,[1014],b4540e0cc4518ef50c2b05aa5d79ab4ca7c288c31a5416f35b711e1dfbe0c9c0,35bb3821908302eb36d0e0012f0bd333c4fad5773f84a2703641bca820aff71f,0,train,0
1015,[1015],5efeba4e8e1b213d3cd204a0ec644af6a68910f12d4c5256392e3977e55bb118,781321f31e5a0a0d4b430372a4c33b3cb08904ad98cdfb113ca12971010e9cd9,0,train,0
1016,[1016],87d1799c9a40a65e55a262c18e372a63ee1f7ebd9b74c0acbbb5cb38a299a694,ac57ad2bc735f6f83f9f1a9e4dc5af5a4700cd64fc638a236607693a5cdf7401,0,train,2
1017,"[1017, 3763, 4198]",7e82f319c034d5a1647c1aefa8af7150df2e73afc85d1c1525f455018cf2bef1,760c655122287c9a09d711f3fc13e122d7f8b73479dc84abdf9aa68336ea4376,1,train,1
1018,[1018],c3c2829037b9207cf7f23230575b3ea25eb7130de33b366de22c6ae24542b188,3d275ecc75aa6fd5d85ab253ee39b9e21b26ae8497b5493875e65116d8e4cedc,0,train,3
1019,[1019],0d2e5b022081da4a65f729400499770f8ca8ea696d06b065e75b815a753f609b,a22a31fd3e4dcbf1d7550b5ad5d89534efa18eb0c81097c14cc25d0c493bcee4,0,train,4
1020,[1020],83597338d6ae71af39b2178c0e74e5f77878bbc6fc44db4ccc7c8fef2ca9b3c0,ca967ea2b39cd1533d0c0156365083235557b34b92f203b90621a00fd2fe8489,0,train,0
1021,[1021],c4fbacf67098d0011ed0452896eaaf4c2336eea5b47bffb9cfa0bd36c9948163,94c3e68d5486424c2626944491da4ee1b1f4a5f22edf5dc87257c237caba02ac,0,train,0
1022,[1022],2c73c0090c52e44aa649a5f905b3a50dc58640d3970b91de2e2f005ba9afd80e,ad27be95278eb7a8fb99329ab0977ac420a00709b6c28d0757899866180bab42,1,validation,
1023,[1023],6633d7f6adb8f25746ea1978d99f3b960a7da64eb9345dc31312f3ab4d44b153,3c89f53f0f5664d39d2627229d418a4e0ff7995a0df65f777cfa56b3db450cc9,0,validation,
1024,"[1024, 1829]",7dc7ed2d1d5e96f910ff33f1ba805fe18d2d463ce54456c59e75c09eb9d91ea6,1ca11548bda7e4947fbcaf98341cdfb58e8925ab4c43e8defa28c1e72b15fede,0,train,4
1025,[1025],4bf376d2d827c9c18d0801f37bf764ad65a075a66aecca70bc6815632725284b,b0d3aae2ee9a555a1775d116e9a1e704777366ee687113e6f1f4f3c87cc959f1,0,train,0
1026,[1026],d2564deb62f6f41462fcc99e27cf522a3e3a788940e393817df5b0c4eec40b87,273d135d875115c336aac8d6fa07c8b52106bc41b72a79b32a5c9ee2aa80c2ab,0,test,
1027,[1027],12e367ebf03ac21f478a25aa70d1ab8acf2435c39cf3bbd6dd0bb0fff0065a94,56641ea5c002a361f2926555dac8aadc4df4e2e85e3c11db4db02a74efc4edc5,0,test,
1028,[1028],67d2c1c6b8b88c85ec735bf6ac99769617a36b98b56bfe72383a6166feed630b,1a32ffa48c809e2125ea11ad4225cb4852b4cc7c394b82367e4208de5709f034,0,test,
1029,[1029],5f66e6eead0560139bb2b1b2e184e10ff735c18cd4309023e7330c7857c13810,00176f719fde04250b37dcf625f02023e56e98d7fde124314f711c1a963470c1,0,test,
1030,[1030],c3d7800f10eaf04e58623d90f57601880dc89e00120cc6b806e783326316ed6b,b04ea93c0baa3a7de40b6a4a9197f714610f6ee54adc0384f3a068ffab83190a,0,test,
1031,[1031],56886d13fc35c5d4eabde0ad8d5222ad5b0e17971f504dcf18cc810240cad351,e794ae08892d44165c5086eb66e4584a273352d4b2640804dff16ca91f3d8956,0,train,4
1032,[1032],0a7d06a5a0db0ba5f82101620c3f3660b220ba830af6460ecdc492e8ea7c1b9a,fb65670814ccea3867d4d70a43ca3d66b93f73015387cfdec4972a068db19fb7,0,train,3
1033,[1033],2bea88395928ce67c2364a3c6ad7e3e22d5dec5063e5a5e25016be0d3cab7054,97baaeae639c1bf9c7afadff9cd02ff37d80aac491cce319bf89129ce25c5953,0,train,0
1034,[1034],d5de890e5a67fd044ad430ff3918fde7b64bf0460c667e2185b4a3e070bfa239,114c07427703dafacf7479d33fac991235639dd3a43d81046e5461d07ab8c0ec,0,train,1
1035,[1035],4afb9754b576df2c1266d8dda503e4f4a9ddfa1b42573791504d8c0c0fb6118a,35fc393162a40b8b5230a9dabbb45bde9faded82b6361ee12b8abece5f3d6767,0,train,4
1036,[1036],7e8474b072f65b0eb2e73c75ed544343242c003bf602caed72ec496a6fb010ac,65a5738dca2d2b502343808a5f25223ef313c3391a147f15bfc58f5d268f6723,0,test,
1037,[1037],da8459afcb65cb0a0e54ced640bdb7cd9aecc8912335a74277908740c59a7f45,dc62d93cb7cfd818da23330478d1fe79c8b31255b591ec6d9a433d299fa2c00b,0,train,4
1038,[1038],f4824b7a22f3cfa2837b448a7f07482bac82f327bd2c47add7b039cd0365db49,926c1aadd9b6ca2834a895605a0c031ad2cfb8ed6c476de2a274fb6c7db08c61,0,train,3
1039,"[1039, 5050]",a9cc637d28d9f38f8f132232eb0441c2bf7babc4bc9dfe83c39efde1004b0201,7dc248448e8c5a17f0868c8994288dd9213b22573b3da21655ec4b6e61f1549c,0,test,
1040,[1040],93c026e07812ad12758e7c63a7e16ec25ee87a1007ff878cc4bd5892cda7d473,0c1103f9be789859f19103dc5fa41fc4ad8c40fda30cf46d84139135c200832e,0,validation,
1041,[1041],ed6145aafd668a28dd4092bae3f9d5e40c8bf41b31eac62e85974cbd3498e4e8,4ae324e29a23a10247e035267bf00b0ec88ea9afd26341287328f4315fdaa77d,0,validation,
1042,[1042],aea7dd9c4f353490e584a1f40935076d9c36518de96b277a2a153c0d4a6cf239,70b651695d543839e5a0f49574c1800f009024337addca8d537a8e0a72d963d4,0,train,2
1044,[1044],84fc1c92518c14f9ff6017c84a392e9aecf8e13438f09b34d3545b936da9adc0,54fd8449430001174d14bcd46e05891c8b0721786192f9582c6d7da33371ae92,0,validation,
1045,[1045],4d32f2bd186e446a1e416b853d209a08ca327bb4a884892435ead0f218ed240e,664a1545fffa791bc2e088bd576be2c165980a5bf49394e046783038cc9d3f12,1,train,2
1046,[1046],d300f4bd181f19e1acf66966ca1c15395ddfad00de6596a50a2bee3f7a401783,7ce29155e4bec8fbfb86c213e89a499e8b2318c32363750e49ebc14b2975c33b,0,test,
1047,"[1047, 3922]",ae428bb1746a15d92e1e25834d4ff5289a61189a2ace3dec6d258a648e069e3c,1dcf5164a77ee9c9657b30afd605ad1ec9065670a9fb6fe36c923ddd602cb5a6,0,train,4
1048,[1048],9f63deae35b6bf66290fae98514f8928b98c7e24a6a0ee55ffe72ed289bddbd1,bd31bbcff56bf6342afa9093956935a4e6e3aa8da70ebeb0e8014033377c24b8,1,train,0
1049,[1049],415e446ca3ba16efcd255e96e16564a3f4658a10ecf00c85d2d92e6c528a3eba,30bd15eee42e65d0e2879480aa21b79bed152bc581f1cb32133b0ddf8da75f4a,0,test,
1050,"[1050, 2719]",e33c501ae72b4e0f66f1bb7f9a9eba9109b891f7ae6ca03a491fdc75ec2a19a6,97d01bb7bb837094be03efb66c4e70ba091482ebeda49da631af1dcd9a4af063,1,train,1
1051,[1051],4b20f016778dc57bfc788d4f927f51d3a5fe976993709d0bdc2102e2d115d9f9,62cdb5ca1a13ae6b10d5370884f90d3ff649eed4ccb0fa318a9d6e2ae58f41db,0,train,2
1052,[1052],8b15a1f6b89effffab999ab62fea84139d3178a279a5502b18327b3f5411f166,23523334becfd21add0b4e5e25d39ab29a4d77cc6332cd2a2160df94f0ba8370,0,train,3
1053,[1053],bf8bb5eefb4cd5c777578ed7b9d739115842a15bef01701b93a938efcac23a1d,4917198fd4db1315197138fdd6e42435e486360ebaed5323accabdaa4553eda0,0,train,1
1054,[1054],1fb3217ab0ad55b9294c4f30b831c053302a8e7af3b577aa87c660d0ccbd7dd9,5c982333760acd9132d94bc4a4048706aa07c2348b95655228d03af24839bd71,0,train,4
1055,[1055],c91d4509556d3183d1de18a79b1c01a89e38d3cf01c3c220527924e5e0665e87,5f81cba78ee7443c9374f99a2b35e58daf4c7effc323376ee967c26f4f2add43,0,train,0
1056,"[1056, 2176, 5388]",1516ae2d70b4e5d84cdab440832299aec524138360aade6eaae9dff3c3d307a5,6f4e8decfbd6f3827d9feb58c560d1b55c76979867f72590c91f6b7d705b4a96,0,test,
1057,[1057],ad2d3173bffcc541fc590022a39e37c08437fc7a0cf324e0cd2db8710ebe7a0f,a07b87b2e0d24222f07f0c9faf4b2c16f2a3b642a71cfbc1e2433bf5994c61f2,0,train,4
1058,[1058],e371374124c3e3e07121bef9e0440e460c456d376f07321b2d08fd0a4921b1ca,3d493778d3d32f5f2e4f05c09ffbef645e73716e1ca5a575d902bb471fdc55b4,0,test,
1059,[1059],9b34c525a9c948cf0252886ba06ebb32eae9aca1b9ee9d4f84c0f4200209229d,a6f8fd0bc56d873b3478362227c959b2ddd7fb81d9c7d83c7769276486e22c6d,0,train,2
1060,"[1060, 3056]",bccb2e656cd09e360c890d4e013a167790401ea1b991b05bf995de60ba420a42,566145e9cdce67b60f95b3252d2d6623c59c6a20e0fc46cf2254996a3c4c803d,1,train,1
1061,[1061],02614857a4a7c6b246317c70c44a8e3fabcf66505bf0ec1979d27abfaf6e8be3,587636fc617b86fe91249e7b7dcf7ee7cbb9851042bbef0044158e800c229620,0,test,
1062,[1062],5cc4d99b95d86958f5b6f50bb872a5f0476910752144c910db71bb5fca6ec70b,e13e0ab81d8b7161972a22b364f09539e1cfae22cc51cc5f32df8298642c3ea5,0,validation,
1063,[1063],8846f0eedc5a9d1318cefb5fb8fe00292d59bcc17a588b785a553921ca50eae4,30c4a87f801a071c8dd3e5d7a592259ac5f0fa9e5bbaa1b5293db3e6ba23cafe,0,test,
1064,[1064],d074678c363a2a5b91514fb3fc92de90b328f60bf51ab85c76cd905a59673825,5afcd73e152dd92ec44ec095651d9457e6bc3ccc436758bc1b07ac8c8a72095c,1,validation,
1065,[1065],bc14a506a2d14cb97909a19a121c17bbfa0d3652d4c9f8d5b855e30bd1f3a33b,0c8f3fd00dd684a9cbef83c6623954eb2c63ec3a789ef776b1064d46aaa51aea,0,train,4
1066,[1066],a7865d41621844dbe0c36cd51a8f0b871ff9a7bdb394eb3fee0a998c3cfdf751,e7d90135b894d5294b3bfd5c552823a5d322942db0c024029b521b0861c735b8,0,test,
1067,[1067],76209d0c96b2f76d2cd157c2d5dba3888783e8a1ae9598a13a47a42f26027560,5ec2c8edc9e80797d1fd901890f88b763f80f7e73fcaac466c2bcac43c98df07,0,train,4
1068,"[1068, 3629]",dd8105c1ceb20936c3245444fe44dfc7de082e9a9d0a4f10cf98443176f5a604,bd56fe781c505788cd5927701ba9f52d1f4d64d3d1c2a63b5dd3e32f9b75f316,0,train,3
1069,"[1069, 4311]",213fe7a105fbcd5bfa5620280afc1245b46fa23d6f250a2bb6d8e0f5249f0c54,0a59949cdc25f9a53b81dc97be7dac46a754626eee78de6c70ba01ab283f2f31,1,test,
1070,[1070],109b0eafd6fc4e17aafcc4f6866bed499eaf59a298a0a70187024e86bd18a4fa,35e7ee96e6a657755e625921d4a6dc1da4e20be3276e30c705dfcb365bbf3cce,0,train,1
1071,[1071],c6a12ac1442dfc4a8f322e681733e2c908a9cf9fc444f8334db700289009fa6d,3110e0194c892e590dc92d9004508517e13a4920b26bc0d50a0846535c6ec693,0,train,3
1072,[1072],942239853878fe7494449ce1363d477f881d8bb5f363c7d351c2cc88db3d5ae2,03aa5785e233e1a5d926675345211cd1fa83efafe4153974faf46889a18a265f,1,train,3
1073,[1073],3c48038e2901b49e8bea6f2aec2934bb30158e7add6e8a74dc8230934025b0da,6007782c1f9040c11e846430e9edf424c5b1a2a46b4fe2d15280e4153d6b3d85,1,train,3
1074,[1074],673cd4ddada5faeb2bce9421ea1f0ce97aa527264494017104330ccf5e323a63,d9ef0b40fa6c2140f3bae456887ac192e174a4f095f065100002eb1743dec977,0,train,2
1075,[1075],a645930d57a5fd51cbd53eac85529e9f53d6827b0abd6efe058cc2173e6236c2,e0908898fec59b90db054fd424d3bf0996ab902bca0b8018c4f2736ca376208e,0,train,2
1076,[1076],85c4822759dabf1b6fe40af53350faa93e37d5fc205257eb2c273a1ed028f4c0,bcf164f50d699ceb24df473cb4dcbb033fb379b54623f6000ede5ebadcdbc691,0,validation,
1077,[1077],6802aae8bd30d676b1dd75a2d9f8f000eb039b47979d4c9b9c6f3787b91864da,79693a1c1f7e20c5933307431bcf0a4f025b24db4d1007b83502e96e292cbcab,0,validation,
1078,[1078],ce9ad277385eb3d8c1f2bb59ea208e76c64b3a5c91bb3394441b844210630b6b,5c6a0a888e46018095e6e42b350bdc856dcdb1c24903b3f5d3287d02615cc2e8,0,train,3
1079,"[1079, 1356, 4895]",85d0f4478f074a2272c3f0e8a1bafb62aa359f9843062ecd64c484965ebfcf2e,12e4c4b45ed38a1bc8e9571c4a6c42371f00b877265b63883cc85f7e1f5fb156,0,test,
1080,[1080],04d0647d4dc4ddecbdfbb80dd8582b9edd3443b2a728e5116e9225b738201e57,55aebbcc5036f714e1bcc5d90f5079444aaa05699fc7a6dbb80b373b22d69191,0,test,
1081,[1081],152bc2d893ec2bb38fd1cbe95fb57bb3b0446342025ae86727884827356ca670,39bfff3b9593ab69e0cd137df5ad5f54e7c3c2598c3f89e326b704f3f0e735a1,0,train,4
1082,[1082],eecd286fc11665680d77dda03e581e7536141487d85ee2d99f46c1bff2625a43,3bd1edfc50a75bb044d41b4ef9ee49aae43797a93f14543f53c0d914e2c06041,0,validation,
1083,[1083],cea445be773206e053269f8b5b667cdf1e60b3f6959fe670b5909cec2e6bb448,a76bb15288bfcde1085dcf49a6e9c54bc666120544b12e167e89d834ac5641c7,0,train,0
1084,"[1084, 1826, 3136]",1bad8f23f370ddc2a34122a7b40a9090f737a08ae8405a54a6f01d2fed382363,ccc67b4548edcf82d26cb738aca6a01fb661dc142c41db9850b78428624771f8,0,test,
1085,[1085],f182a435dad71299572ce9b17601c52ccb6deab5255cd52ac0710c1bf689bc90,231bb7fd51ee0f6274018540d7223270f5c1f882ecaa99bbfd77edd2ece5ea61,0,train,3
1086,[1086],4f5147dc3a1f8ed01ec86ccc3b9805e67e48978f04bc4152ed49911aa317e0d3,dc053b93923ea8f1a72601ecd1726dec4435e8a31ac2be3afe11046a73f6bdd2,0,validation,
1087,[1087],ab4880d798d8988b37acfc9dc4fcb6b5779347c456f03ec3de3d48669e6dd1da,4aa72aa14a355a64b89e310666234da25a22142d39c0107d5c5502f870677432,0,train,3
1088,[1088],10db10bd2826654a2158cea557f3de10ac1761914ac80029e1a0f58d55db28cc,0f7a93395e5e8936f9184c0034faf6e2f892c0c36a0337d3505b21bdac8dee40,0,train,4
1089,"[1089, 5526]",fe273ffa95d6ca9ce43e6fa0527d7213ae21a40d11ce1b6cd6f9d90a820627cf,cae9257855035da68f5292bc84534a5068c1164e2d9e0f82782cba6db151a679,1,train,4
1090,[1090],8f12d370bf413c83f2b3bdc77f540326dc879da98799587a7272d72856792e30,bcd49521a15df1ce69d32bd4f2bd797b8c0be24cb8f1293e130d19b36398d993,0,train,3
1091,[1091],f6e809c10731693e465cd9744ff4d5ab2acc86894bd8f4302c8a3bb74a6ec662,2cd3ae0a48277b540279e37373ce97e9d14034aa3112066df28ac3e11389eb24,1,train,4
1092,[1092],05a77cd8073d9fbe9064a1b6c6730e10580b59fbaccf1f6a4df2f208a118bb4a,2e9687c6d6ed4979ed825637fa1841dad9dde17cafc12b2079fbe358a752fd8d,0,train,1
1093,[1093],f4ce9ba9305c7622b0b516ff1d6e563f16d740c3523bea2d8a69d682045d2410,62123382decbb75710da2ae571e07a8312cc8ecec3ddaca20fd7f9340f3d1d00,0,train,1
1094,[1094],f35fe03b30682dd65040a9da384deb244b6814ecf5bace1fb8385b04aed2f88d,ddb3d1c84fef1f4b6304b146f70529d1155be9eb77e1538df9584195d61025b0,0,train,4
1095,"[1095, 4235]",7cbdf4cb4fbe7d23fc55777b1c4bbe9399c384a27a0137b79f998e4eaacbce0e,160996cf9d34a93b88969c930b2c5ffc276c34a3c968a700d54879a9837f4458,0,train,3
1096,[1096],0da86acef7a3b90ff09897f97d2166d29385a75a0d226be53d4e61b5044a43bb,01e6fb6c87af2bf7eb563996a5d30bb6e84320b6c143cc909f6e5a3428e834b5,0,train,0
1097,[1097],925fdbf51c8f7856027de340cf2679b95950f3e6e5e407042c5394621a63e33a,8784d8db47c11e015ed0625ed07935533a97e5ebab63deacbb34172fb4974f1a,1,test,
1098,[1098],0a7c1019573d4233542c137375306dfce255732bc28478471ce0f876b64c0f7a,7a71521f8795138d9e6d9bea5759d2181ff203af26d4364ecb0576b85b8e9960,0,train,3
1099,[1099],9d533ed74612106a09766d9454b65b1d4f5ddf28893b9afb3507adee0bddb16f,fbee5d284d9bad3a2568cdcbf06ed779e7bdb76d4cd0bd2de65d7373f311b212,0,validation,
1100,[1100],1587e30b905b1c92f9afe5707c36b62a7987c1fc5df0040f42732726c28a67fc,4f0b7bfcb887eaaa86b3b3a75319833c439719ed4982ff5caa71d670f6414deb,0,train,2
1101,[1101],917835ff116c62beab4d48a1ab56d4febe43ff0f9bb99ecd4dcb165f6b3732bb,704a5dc5523d0ff91802bfe3ad9d549fc379be77717526ecc2c1bd0e17d538cf,0,train,3
1102,[1102],a8f703c072eb9ec19be0ce2d2767f8ebd002ceb171c01311377935de4d22ea8c,7b2ca7f7560161c574f6a643bd24348c5d80eea93b60f0710f10db72bc00809f,0,train,2
1103,[1103],9bd699bef17482d9cc198ad811f8b40a0d2eda081f4a5b8ea8a49e0a182e0c8f,7ad45cbec72a708ed9f7ffe921e5a44973439b5e0521e6119f25bfb456e9e627,0,validation,
1104,[1104],d0b58b9db8fd35ad34da04cba5cec8b8e749c2cbd5e6d267a2893b2855dba77b,794db31a80334c9a6008732e8b81ad8cc758a3fd4c9b0f8522eea92b106c634c,0,validation,
1105,[1105],efce21ef409646acd6b4a3303a57c3e8733c8932a7ab6ea1e6162edcfc94f6f7,c3af4494e2ed56d09d2a371d5ba0ff3e7f0a2e67f15d32fe6328f2182915abb2,1,train,1
1106,[1106],9dcbc155c8ab364d86de4456a0d7121c74b8f10f178971c9263f4201ff131bb5,1e199237a2699c04e38597c1ec25cf79d3d87010935c9e248d1aa8f06a5f0727,0,validation,
1107,[1107],7b5ae3b9d65035c2a82de72415feb023917689dd92ecfa87ac6bdac61e0f56f0,9618874d255d63513500bbaae8f43c4a60d6fdc028996c42995b2b836756c9e3,0,test,
1108,[1108],e9ebb20a13dca85e8df46ee9a2bb48af051c262b757f4264391581f0f9407217,ace7871b4690c2c25c93a83632464343c5a19979a4a59550cf9b37c503b97471,0,train,4
1109,[1109],f1a0752e73ec4f98498d0492d4bb0eae6baeaa4f93a8a3936b88a7a18001e7d8,374b982ea0d4f398d40203d737b1e973d08b2d8ff8e14ee8b34c98990fa2460d,0,validation,
1110,[1110],95c17098322299a6310b3328e970a0c3593c4f031146a5556dce2ea05b768e4a,04825c1c0e7f8c64b9e032de3d5a34e164d1e5e84e0b3fc6b35f0f42fdcc1c48,0,train,2
1111,[1111],8329df9b5fb704fb09d1ae125314867e8683c7f6738cccf83e9846fd6a7c62a1,a04f2051ecb977ecc96e60aeba6d4336bfc1328ecdd2d9198c50cd74fe2e26b4,0,train,4
1112,[1112],19739034e8d8ec897f920a4c02e1f782c853a022b991ba2464397e2699f15df3,a89966a7a901d41cd8aa2db9cc953f2f441d4b4ea61bbd25a6a6664a4f1f2b15,0,train,4
1113,[1113],fde0fdbf7ad5784c876e467cd8c3df0e0d9c3df186418b12625b1c777474c707,47316c8c04b5ee3bb6bba3c1f8e781d93916326594f1c2605311105a2f25a6cb,0,test,
1114,[1114],c82a5627664a49e6eff25071428ed75facda63850a12868d0e46d707336bbcc3,31dfa228a994eead3c411a57986f43917375e0db08d1498e6af54657d1ecc34c,0,validation,
1115,[1115],bf89a5e9cc87824a46433190ebf4d0f3e545d2abeb93f5c5511bc52ea27f824e,41e361ea1242c768b1116de9359ca79a54137263f29d82bbe6df4024ecfd2557,0,validation,
1116,[1116],942a390f26bf540f0c22001529c7691bed9cae9312c5f1df5930d8d67b1ee6ad,83347b6a236ca1f62a19abf0eb71006e38b78aeafcb400ac2c28fd1aa8d71f44,0,train,4
1117,[1117],79b4e3ff9512d490127faedd620c8e9e3a5bf26e6e57deb6693db405c5e57248,ad06ee4ddf6bb1fb59c082335e17033a97916b50f15749fab331d5d0e600a473,0,test,
1118,[1118],3cc87257cc89937ed12fd7e39feef42d0160bd9d02dc2a2ce1030d8091ec9848,120ee934ede1a687f441d8560397917b40229c8f96bbf9d5f6a9c698774aac5c,1,test,
1119,[1119],da97c3334ce1c0e1371ccae9dede0381891c4ace6c5a9862056b7a645885b10d,6756bfde7c37b345d96607196d6bb7387cc92936cbeac005154e2db3b8e24b84,0,train,0
1120,[1120],a2c21c28fa2f606f495f7ea4b6707873e0a7e139298f1b331c135c7ae8afdfbc,836580be61a213ede575a1551b77b8a2228dee756d08d207b8cdd3f19bdeb271,1,validation,
1121,[1121],44c08ff09d390f6e0863130161aba31ce7092379deec9017b3adf30ed80e7489,7edccda69199b4bb6ab6932b87df48a1e7b850a88850ae2f16f170cf694cc637,0,train,4
1122,[1122],d4736bd09c4fd17d7c5cb92042cdcef4beaf3c703ea13bc16ebdd6b1d466d3fe,4afc219bdec5224d4672370bad9a2e88861ca2aa6e98991270aabd31105e8607,1,train,2
1123,"[1123, 3710, 5391]",921f21fa18a26a1d421dd69033b321a50766e53b9a0ab412d17a0b307c5dcbbe,bedee174102c96dd9a7ea22a274e3d88aae5f99066b71eab7da34b3ac3720145,0,train,4
1124,"[1124, 1133]",e47ab2812e480067ecc5d0b0dea374b6e4d881417d767cb18bf34d9a4b4b9897,a8ae5aefedeef5e60d6fb083fca56ce7cd5c837c02e93147242bcafd23553a87,0,train,3
1125,[1125],2e90c30f8c3dd8e9025ff2214fe50224ed1ce6891e10cd955cf05439c5692bec,cac469104b4ce80b5e9e9e93cf51b979184070852fd891476830266ada700064,0,test,
1126,[1126],1a22819bd075379725e2ab237f32cbe8ae389fd6d97a10ace7fe7e249c2bd0c5,0a3fb6d10aac19d73a93fb227b5c5dc6e6ce129c8eb37eea7fccdd1604a451ed,1,validation,
1127,[1127],2ba438eef9b53481aae12447384e0e40f615ca7c9c9f6db3ada22638e2582593,87e82cb312890707ccb6151fdc1f94be5ebeaaa6a6e9829f56693fdcde9ce946,0,validation,
1128,[1128],40ac9d62e9833c01799ae0f08c1e17029f2fd3e23ecbdb3e06b18b270f2f4d32,8a74eef7fd2b83110e54d5e4050f7f1d8e44b233ba6cab1c3de1ee7231a5ac1c,0,train,1
1129,[1129],09c0a839bc90c9e9840b8122a8e24125ac753f9dc5a2f740c5f1761021f58834,3578ade266213d05c66b623ea344c7f09c387d629632f84963462d94e9983372,1,validation,
1130,[1130],e21566b2ca7f960bf198724b693079158ce04a0094bc270472c9b6f75107f498,bc60ba80dece33d0298d238f968bd7e1055aee52b576df2e7a57a526fff44ac6,0,train,2
1131,[1131],28b427dac857d836f549f019415d3a3b48d374693476bce5e2a82b5c75cd099b,da950422866867662c8179f6e94dbfbfc1a785cb26e4ecd57a32b2563269ba8f,0,train,1
1135,[1135],fc05472ef7039d878a5e7aeb44970115157a819052faa7178e26dd5708f6cbbe,b16b4dc60633b9360705c821d6c569b3adc2645425b5684a32b665d081492445,0,validation,
1136,[1136],823a8f913b4b8d2aca0015bff1430a27db472c879d524083cb1c32e8898e9dba,6a457192b1492785000a533d647091967d0d24b465a717e159a7c4ae08993549,0,validation,
1137,[1137],7ddba62cd6fca42e77de9a5a8f2663a8be606258a9212b2ac6fc37e82c07dc9a,a50eda5509f7129a4ad64b3360a2f6955f138ce532bcbb0a0debf3901eef08f3,1,validation,
1138,[1138],85d5e184e28b12585864fdf62222880b0003b8a5d1775135c099e7420f3039be,8973f139234eb7b73be29580f16088c0c811602c0c00eae912396f227d5b8e7a,0,train,4
1139,[1139],20261b82fc721cd91607d6409d18dfa2bf9a6495fb117dd8cd32794baedd540d,1efe1d1fd21c5868725f9334c746fd8da68c3db23082e76f8a6c20ba340ddec5,0,train,0
1141,[1141],a4776e2e7ac29d8b9695bce4d03571854925e6823ddcb760cc99d1e3614f18c0,07b30331d8046700ce1dd6932c3a1a7e9b2fa382253c1970813ed2b22a1c84e9,0,train,1
1142,"[1142, 2413, 2742]",fd90cc87f2d0ceb1e8b5ca2bef8298c2ad977c49ab62d014460b57683eced785,b9113294279396b24c6c2347e042eff09cc65a7b70f7eedd4db8f0a7af57af81,1,train,4
1143,[1143],e47296a2c17921187a5f4a8deb2330ee6501702c171f442ed1729dcdd338e861,c257b38b22b9064248fef95d5eb85211f5d91af9793786c56eb1b02fa448700d,0,train,4
1144,[1144],1b0270e3ab19c7d84f5d3fd8c965953c4d3a13492152e9ee65bbbc7b1a4334fe,19f822007242f3332328cf44a929a89aaa45ab9ab24b877036485f86dd597806,0,train,3
1145,[1145],e97b7ca5eef1748f6be0712990e9a40d679e1bf2fabac95431063ed7746ceb20,6befd8c969d16b9d7b0a0b8f1b259cf15b48587386f027ac7eda9ffa73ff113e,0,train,4
1146,[1146],f933a6a3c39a3dc707df424ffc6e9a5d79a0339e360406845ccccea6a1cdc522,3b86febe759ffa62d193d90624710466019e04b7f87df746eedfffc69e620e69,1,validation,
1147,[1147],6cd3c93ab69b65bbbbcd0e11df24ce420b9586cca83b370646b3845647828c00,c126dc73216b298d185c03de0136207e910d766b2f84f3867cac43ae765b5b77,0,train,0
1148,[1148],2097d758f4637f5a72a9f851771f00d40b4afe0e81887b3a9ffb6bbdc072836f,2fdf314be64ece3bc273d8ba5da8c4fda26c02ae9f66810c9967a209c9a8e2dd,0,train,3
1149,[1149],463a4697e9427ac64460c54399c280c2d3c262df62fee578db18212fc1302ae8,ba3cd7ae2e44fa27cd11d24a8ac98830ce4a248760afd0c5a0f9b4a165541f69,0,train,0
1150,[1150],323f6b4d581f2037a24b5910b01acd7f954c48ef6b68252033882214b32ff2f7,13c4e8d83d9136a390a478c0a930c0f4418c56c931adb2ce885fa5f41dfdfd1b,0,train,0
1151,[1151],64b2d2a95e6b2ca263b96610f3443446e3e30098694d52a6d12aa08366fcbfe6,c7eb5a29cf2b80630c21c67a4c664719fa678d3db31615c0ff40e1444da519b9,0,train,0
1153,[1153],9012e3a8a0d920131d8fdd761b2aa7b86c591b6a86aaabde80411333afe71c56,40b1688a4b20bb9ca73974a61af83d6998a096e3a7c69dbb4a8bdd7fa543b899,0,validation,
1154,[1154],fb5b35ce34f0e7b69ef5975b7431bfffa750d48658a907887803ec5381e7a303,a620f47c35dc3af23a3479c9ba768aa1e634a46199d0eabecc298635ab5389ff,1,train,3
1155,[1155],d025d4b3de560098e208901953f0c01159633ee637153fca8c01df390cea79e8,8eeeacf385856226c105321591d2b8f46d3fa2f9139453a2bcdc17415c90b41a,0,train,0
1156,[1156],83772600bed6659c8eeff55bf94339b5ed12167a21eb10196d39b741bb4a025b,eab7e221a93a6faa8fb1a594da6620f6cbdd778330bbd9fda3461ff6b7d7d28f,0,test,
1157,[1157],dfe40b333b31c3889eb74ae98784b8add6e5b63f5ac38c9b7da5d0bf06fd0be1,573de30cee8f5c2449370e784fb898587f1ae6660c0cfa0e3d8faab8215db80e,0,test,
1158,[1158],19a2f7bc3f6e184eb2ea22e3b3130bcecbd4ff00d46c71b683ee22d5b883888e,625ccc3dccbe5eeb9b9441555d2bcf847f037352d604cb3c42d605905478dfde,0,train,1
1159,[1159],7dd0341a1d29d60ec9ad08effc26c21a68341073af5af5d4709a116f3b574f42,9c9a715845fc7a3606e74aabcc1f7fe9d7867e803f6f10197ed7c4a0584cb3f3,0,test,
1160,[1160],4b55130574a19964ce98f3a41687e69ce7c1abd8b284efd6748a346f51a6a9e7,e3f14865709cb74c67895e0be3a69db0ceb2b273a737a0ed23443cf510be72f0,0,train,3
1161,[1161],bcd4984dd69d9459114d3f27227f58bc50ed3b7bdbece684f712ee30d03916da,522b9eba93aec24e206496b3f8cbd881182133c0a4085b9ea2adb228c59df1c2,0,train,1
1162,"[1162, 5490, 5492]",a406388d7e1186d6f206434ce7fea1f087de4c0d8d072b674b14dec04f6cdf49,ac3310f8e26fca34eb9327a211e672c6b215afc30366ba43de6baf04023d546f,0,test,
1165,[1165],c89caa02f4cab055d3c8a179067388be58d2e66e1ecd843f49ad7d8e3a389f33,b4d13d15c6e898c03612762549485bb4dfc4648f6bbaee4b22f5ddaed526ce86,0,validation,
1166,[1166],811cc9521847817beae05e49c7110acfcf95d895e4bd0f262a76c4321b7c78ff,e8ef81b9d456efc2b9c9b3837e3d0a35d48901de6eb8d08ffd7693583ce9384b,0,validation,
1167,"[1167, 4325]",fcdf811f1d6ebcceefaebb97e58cfabb6a7c35d597f63582351ee558a053dfb3,7228449e4e66f66a0f2a9465c573ba97b3181038269c5d762b64d7cc4b42da00,0,train,1
1168,[1168],34192658d333a2fe6877d4a599417aa4747ed12ca1568edba3408f0ed35e0cac,c5ebb8dc69c46fe50c5594b786ac2d65103ab8b1d11226610400a54534533af1,0,train,1
1169,"[1169, 2265]",fbbbe252cbabbd8db811c9ac859d346523d88f8be05a9d30f60a2d5919182e5f,4e97aebc38a16c01801da34ee61d1f9ef2ea11d471eb025561edf387ba313e52,0,train,3
1170,[1170],71532797ac38d423633b1db11dd29d07f57abe025ec8c62b653e2bf41d0f92df,3f453c5f322a9586b67d6fb0e092a5793c7bad6cc7211910065f7260ff0473b0,0,train,4
1171,[1171],067dfcac55da97c1c3bc6224aefcd873e8039cb7a664ae10683fe2012279e57b,5718c4c37cd4caa63630b3ee2bc5f706e243d7154d8d0511185cbe7723b13951,0,train,2
1172,"[1172, 4930]",e70d27b8a52e78bc7d53f390ab6b4f299f649f3026893fe1d5f9c787bf7e5fc1,8efa43b5d33f6098a22cb5e5b12d6a31b29cf3303a97eb9b0c898923b7fe1013,1,train,1
1173,[1173],605f8a173ff3f7bafee927bd258a50bd277ed1a73e3bf122bfb858b6ef3a735f,424fe5b5026e0f5bd2cef874ef867883b0d7c7fab81d0241b07b4bded772d1f4,0,test,
1174,[1174],9bf716146c4c37d24405ab1799f3f3b964a56a20def5dbea238f3649c3e12927,b7b876e19108cf25a75be463bc79729f58f917b5468be6622e7f88c19dc1e110,0,train,1
1175,[1175],2631e89b5f18230270b683f8de296018e0e1f4a75c288c46c7738db94c9ad00e,e4e2fa2558d57dc3ae44fae0d6b8fb7d6066aeb17b87b798874785f74424984f,0,train,2
1176,[1176],d0267015d7aa754418a8f28912263954a40dab832af27a3283f4a6ea9abe485b,ea2c7932bfb927e7ef517c76385604b9b18e0055b70348d0840bf56a38e493eb,0,validation,
1177,[1177],fa3a89cc2cd5b6d5eb5ef26e54f216b9e9c212cd7fe1d66808d1babc806ffcba,c8fa4f5bdbde6e302a0ca8b0cf53bce2625950ca730c187f2594778f1ddc36e9,0,test,
1178,[1178],e2abf07bfae47866c2dfff323fdb96bc579ba1235d20eccc1658932fc63d1176,c596f7b97f8e284591a1f76e300195b58e56f15ee579c9d0fb85056eb17547d1,0,train,1
1179,[1179],60e6a1b2460ea72888f12a323fdc4184e7292d53867b5634193021e29108150d,5eef12e6f4b7030a03ab2642b62cbc6b39d3212599a0d8693787d05e5a530137,0,train,3
1180,[1180],05499b43f4b13b3b33a8f2f2f1a5f45b4d9413fd86acca71cb0702a6d175ad19,325891f5d9fdca2c335f4630a97be7d911991ae71c10cff3edab7fc68a7d8f3c,0,train,1
1181,[1181],e9a9549b891f12755cc2276362cd3a054f7cb2e8465ac1e137aee0fe577aa894,9bdfe964b9e93cf3ca2ad7410ee4e457368300e858adc5efd95b2c2e06331e75,0,test,
1182,[1182],f2c110517057bf53660084c9ed44f26175a3e2fcf1b243aef214872d75fa8826,18bd234b0b0a24d279b4b192db9388c5e7fe36a278e55035f7d286ec112dd33d,0,train,2
1183,[1183],d08c285ef3e1167af37d83ae5fc268b8129d439ce73d09f571302add07f27987,4bfb0d45489a8287a6c63829edfbef208b7519778ba032f503784b73a3ab3a77,0,train,2
1184,[1184],22220822ec8dcb5d3869cf4144fe3c930640419ce6ef3f1173cb8828489a6748,9a74f75ec1ab214f999ccfcdbea7b6d2029af71b64b2c3ba87dcfeadeecf21d6,0,train,2
1185,[1185],f5df2adc7f6dee2bc9729c409522aad5a819594a5dd68ca60a847f211296c321,05e7666be18cb06debf2876f27ecb7a9abf0f7e210bdab360a1cd169d57cc672,0,train,4
1186,[1186],d7d2781b6d49fc8665a7f22f097a283d7684dc9bb260cf25869448a4d9788f26,7453c476d9d6277557aa20816e5bcb526f08e0788ca7ee6a48e310182a7d2434,0,test,
1187,[1187],ea01084fa95f580aa324b5f7fc7cddcf0fee3d1a48fd8a2abb6ca7f5d5276aab,0f98db9bb8321f45ead8bed002c3df440ea66034bd0df0f41047b9cf170f8870,0,train,2
1188,[1188],2a8214646b3e900e4eea73344137b3bedfb1b65acb32542ccc2941663cc1c5e5,aa6dc10049ce191b586f67703502a2d9cfaec97e710d355827a0ed7c459ee45e,0,train,1
1189,[1189],367cde39e4e78b1e4bd2988c206b4f5912b9f78b6b31ab643c932dbd23e9d754,a457e4c9df43cf1d6dbbff79fc69d94e4ca07c3a74e19f6f37ebdae5119d7a23,0,train,0
1190,[1190],beec03eb46c1b68c4ba2520ef8755fc39e7bac1d74d3f9a17b0122c05a31bca5,cb5543eac94cc7e441a32e4cc7b9b13e122ff3df15a22199634f924583a460c8,0,train,3
1191,[1191],5903df832ee8931044fbdf80b395023632b85e2c05d363c791713a725a8e7209,51096fa741bc14d7a9a639eda6768deaf5e08bf8e5c48786d083edb7a5f790a4,0,validation,
1192,[1192],9ea30b4b3a0c745afe95aec2c29e92dc86b07bf6a7c03c3f473aec5fbaa40344,e51bc8fcc46782699e93f903c35a4784349a5ca8adb0ce29bf259d6bc7002dce,0,validation,
1193,[1193],deb275868c1fad0e0130bbc8af47f965645cf954590c81429736a157019d34c2,9a095e59cf3a0b210119f81336822e307d915932939d9527bc5a5b90902932dd,0,validation,
1194,[1194],9eecc14533632ac57a47895af164c21ab59ea34f3ff1e4e856bc69c5d5ea6138,5ec06971401137c39c422e8d3c610d1f1a616c10b9e45dfe76323e7db694acbf,1,train,0
1195,[1195],f0522688eacb393b62749ce70635562efb92fe3d90f77ae0fa2b6bfb31cd43a6,da0e7ae0ccc12c770f00665008b58067909c3c27aa97f9a22c959b827e25d971,0,train,0
1196,[1196],70f5f3255c0179294ce6c8948ac1e9755e3170219dea05922cfb51ddd0bcd7f7,d675edd585105d77c1d08f6315917998622fa21e97e3f505e8f1174294094014,1,train,4
1197,[1197],c06b0fa70785e994f66a0e114a208fa3f13623b8a8a59b7984a43a3fe36e393a,409b684de9330dc6ffc2498a29bc411cecd7ceb6652d838f08c801d132f7cbcc,0,train,2
1199,[1199],bc8dd34c33a6a624121aadc7f519734fd3b657ea64c65c7342c433a4b1aabf37,8642f0cb26a3f35f9ea71b80400e25adb56ee465a55c182ee776f19e55f11c6b,0,train,1
1200,"[1200, 2968]",b37d866217c6e3e01d90e344a9e9d6323516e820601f065ed5893f76be03ef1a,5c5de294422bb37748efb9726f91a67e9cfbc7c7202493af0c9d5b7d900020f7,0,test,
1201,"[1201, 3899, 5427]",438cdd07ab0171a00068d4708056710085d4872fc9734cb0fc8ca04ea6016a70,98bdb185772b22e33a335ed5ff520118ad5ba0f5838a44c2747f3cd897cd7f62,0,validation,
1202,[1202],f3d26f46370ea98e0fe512506459e805e63ba0255f64539cd5bd18d0644a4a7b,917504f991d7381e89d15a0057bb0940181c0f6e5ac5f3288d99f320843cd819,0,validation,
1203,[1203],fb186b58223b143ad83fea1b66ad26f9bdb26baf3abfdf4580c92f77d4c1be31,325d7a07ea711ae3409ce54607d3439b593e65dcbceb3ab298074d9910d7eb65,0,train,4
1204,[1204],e6c12754d1e6897930fa2f58e295f8564a23c8a7eade74d2e0a982b1291eee2b,ad7107a9f6d7d796c8c4e49ab0ef1937faac0fd34f413ff14e0c72879381f732,0,test,
1205,"[1205, 2308]",b399101c2cc2d27aa7be51125da99cfb080e81f3e1505e5f689fb1d4582afa31,bd8e13159640fbb634e9737ae4287678407cc7863be57a62ce1fda038f0a6fa2,1,train,1
1206,[1206],9fe63a6937ba9ede0137335411614e683157966c41ef3299bbd6a8c91a8f5a3e,2d6e87014c8ea929319479767087a883aa90cc7e45fa4287410d3968cae2d481,0,train,1
1207,[1207],a66d5d53ca686a45beea6fe9dc85f428f89d1b5a9db8b2d7a78833a97d730ce2,46ebb253539570265e48ddabccd0215845eb4ba8738f46a33f66d7877adf33b9,1,validation,
1208,[1208],b60f6121c6d09d83fe81fa83fe52bae99dceb8d890e5f64c7bdf07b689d0279b,6e43ab78d21673ac05b41f5f9b5238032176262bce881b84845265f1e4c4acc5,0,train,0
1209,[1209],76bf68f7bcf81638b8c4e103e8c88066da5ab19e5c33fd0ff2b97974e1ac8525,e0cb512b5576a42a267c9f483837561892ee6601c6f4e7c2249b03779384ca13,0,train,4
1210,[1210],423d701db84655aa4e7e8f5203e363e27a3231f8fb2dc127a98352d69e81b789,80cc984290b19f7d59ce0887a5560d477cb14b729e9da623d2bf15e02ae10134,0,validation,
1211,[1211],60bdc687aa843cc160f5f6c83ac8bcb43e33da73f6cb90c4789bfd81d1570a42,e80b52268fbdd8a917ddfc875c3e9ec431754b8eb73db52ba30c1c5c1622550d,0,train,3
1212,"[1212, 4103]",022ce4b4151282dff8906d36a263b67cab51d46a9dd6a5844dd65ec946a8655b,3f9af23d00aef3023b34e7fdea59d9e55c6c124c7528ab7aca194df5bfbd60e8,0,train,1
1213,[1213],bea4a466d4089ccea210a97e0174106d4dac1bc623668b81269795d6d31b959c,8e3df7283b7a2c71b7e008cc3bde5344ba23bec97cb611b70028cc798a38eae9,0,train,0
1214,[1214],99ca67d08010b92517ab67a7e0fe2117bb8401f222ce47f67d9d9132a8427f57,f71112cc500a189b814f4ddfd24140746ab1018040bfcd73e682cee5b649de18,0,train,1
1215,[1215],aa4198facd1512300013efb34fd6423af8b40784c2111d1ec3de8ec9dc115da4,077a0b814007f1920f03fad5a84d03db981fa3e3599c28f129509e59f965ff34,0,train,3
1216,[1216],84371693f886117e971e861a3593e3bc0cbcd1231c6bd1d033de1ea003d5b7cd,53e548934ba524b16d5d53cbbdabc8b291602bddb84caad3b4ce3eaf441f6a34,0,validation,
1217,"[1217, 3272]",34d6dac0946b0dbb07d25c7acd54844b330cdca2613191b483f066c5ad30651f,58a74407c7549b8aab6cbc5737a56c253b8ee3e2aef8bec76d4e9f6651523bf5,1,train,0
1218,[1218],21118f9dc5c861f9d253f2778c619e1367ecf044c1cb327404a2c90e718a4242,0a1578076b1ccd0ef93408af74b243164f32539bdefbd6f5d00313734f45ca84,0,validation,
1219,"[1219, 2564]",6f85e6a0ae0108c8ff15901d303be62746be61c640ca7535196546026cc3bcb6,b38d448dd824c41535e5cd66ac4c1028c22d80882d625df7027e58d6d280ceb6,0,train,3
1220,[1220],378129fff780dffbefa46ac1392f69fd741bd5d6eee6cdb4275d5a9ae66ca5a0,1dc9e83fed1830803cdb275caa29159e5861da8bcd2d97b0f9a97f99b72877f7,0,train,3
1221,"[1221, 1380]",e8305fdcc490b6249a96e11af24ed199b89c6dfb6e53777240b482a4305c0828,c0952bf02264597b73fab30bbb0725c22b024c680ef56be5b35b48e0dad9feba,1,test,
1222,[1222],6c410b3864ed1a06891fe7b0feaa892a2a5e64d6d8129af9cce7870568620259,909fa93ebbee724bc5a8c168cabea1133fe042775dac65d29efba702b7ae98ec,0,train,2
1223,[1223],33d5105924174510af26f590f89968b07adf4b289dad75b5083fd3cd71e68bc2,13ccbe328635c6e2f46b67ce78ea50792daf2529c31287dab37fa42ea0b77bf1,0,train,3
1224,[1224],218e2d108a77aa5ff13e4272dacb55ec3b65cb183737c5f7ae073f7a304a4980,e37710314b3372589bc42efb0d6de0904515e8f81c9d807f53e8ca6d18068a4a,0,train,4
1226,[1226],5a3b1d282e9735fdffddd3c5e414f435b79f7aa6a4d433ff844e4098f47d0f37,fea195eb55a1e2b18e74e986cacc7e5b783170d9a193bf8afdac747d849b298e,0,test,
1227,[1227],d956541ad3316fcb7b193874bb29207da84367bd7375401a981bd6e01c799b6d,200b04080c0974a2f6bb6296457e00b538247d87aa981d2cac500ad350d5da63,1,train,0
1228,[1228],41a7b71c355818c4ab08ea8c3aaf84571c07d7f1da52f71403869a07517a6112,ecdb87adf21970b1e2014bd1609eee38e906f458adc5cf7ace9064962075e461,0,train,3
1229,[1229],9de0661620399373438be82b462493f79ca365ca16cc88d435403b8b9aefa84f,bab09b6c76d8b5b9645b672518160355b5cb0b36277354ac4a0c72048339dfa6,1,train,4
1230,[1230],18a17e11bfeab77b3483470dae6cdd2cc9561e740d10c50da853a64b6036867b,2a86dd1d6b918b3529f3094326c173fb7f14f25e64d48529a88449328c93b52f,0,validation,
1231,[1231],3a32ad0d49aae920bbd3ad0c6e5142c44eca9fb441b1c7a9f204bfa0f9983f3b,a0d91873577bd443a44f9558be1d51734d017e4173c215739187cb673c5ff679,0,test,
1232,[1232],e3875134f51aa055b982c95b3f937e5f64dba3d5511b92d036e829433f2f5a87,86a5a18f37eaedfe2ff668855276af5fe468f752b94497ca1b5f18efbffbd151,0,test,
1233,[1233],d122fca521969ede9a686d5fb2e51a2817b1279b7d8e61f1f8c8613dd4e50d52,2a3a1eb60a66c0f847bcc21777f73b69e700482679c8a5e06061fb7c9b5a00d3,0,train,2
1234,[1234],dfa3c8505b7dfe67d11b97ac2332a41ae8c2f48261cad4bbbbe8e86b4a13cf23,05ee843984399ccf447d63a88cb072cbea22fb9bfe7a580b178bcc97bc3c7817,0,validation,
1235,[1235],89f4e60cc31ceed44708ab72d74f675e278de736c460c9b47f54dffa577b7647,316890013824e9ed7679bdf80a3a2ab9381f90e27d40ae9a8ab87e5d5371a3ab,0,test,
1237,[1237],d2290ffa1371fb117a019de7061be41eb957a84b1ddf1dd3ee6117a29ff014dd,2591c9ca0dfe3580692aa20dd9d2f4646c11371837d653d470ef64197702b4ab,0,train,1
1238,[1238],bbe1955c572524b7899b470af23383bc397ca1d70deeb1ed624a812529f5cc39,7cb1cbb904b0ce176b786482141afeb90942e228b96bf3ab84c5a491fc2bd5fc,0,test,
1239,[1239],f8450eb6dbb1214201b4486dc53aeef63589d25015e21d35dc713e0c5603b4f0,e24d79e54ecc716af2fdab730af814a549f2b0702a18c6e293008c5d4be1f73c,0,validation,
1240,[1240],5ef0c63e16d4ee2299e5b4124019a4b5e422cbec886f355594affc1b7bdfae18,2c6cb8cee926c61ae3111e314d6f294055f8043bbad6e5cffd68b78ce9f33756,0,validation,
1241,[1241],5ea96f5e9fb52f88160efd037c7fe994f5d8bbc174cc883abcda35c6e04f503b,90e4dd59d1510f5df69e6a970995e272104c999daf818dbd5a74088f5c8a3994,0,train,0
1242,[1242],6175f428495b839dd90d150771fe35c1e84e719e2e4b40ad8bbfd259010dfa3b,80a62108f3cf5c933dfa0ebcd0eb2dccc3fac67300323ba7e2d8b6515620ea4a,0,train,0
1243,[1243],ae661bc471c014678128401facf27e7628462da5b28be2405a3e3bae0c815483,7ad4d13ce88680b37b807f8bc1ed6dbb3718ff3e14846e81943948ac89544b28,0,test,
1244,[1244],758f4ee0dd2aa9ef4c150142f0ef887610842baae2682c436898152ebfb1fd30,7d405400677fd6a143679b8151ac46068103bf805ae66165293a627f9648794f,0,train,0
1245,[1245],d89c784644070c60aa179cd9070c376f21ce69435f6aec9137f21db25f450e1e,29978df44c2d4478892a06ac7a811a539ddcba2a690b709740e36e359d998ad0,0,test,
1246,[1246],d1156401ff6d2fef9f21c0affa330f0326aca91e08f02a1b744f09511e4acb7c,f8b0192d5e85a03e10f09dc4f8b0eadddb2c160463500a18a5cf761c6f667bbb,0,train,0
1247,[1247],0f816ee3d3b6d2fa175e9a1c96a76f2f98558351ab85f0766e7ff5e8f90fb1db,bf95677354e14ecbbf63d54a0c191a8b2e7d6a9d4508da104d0f3f3cb4b79091,0,test,
1248,[1248],ab1c402006ff30a5214fee04d48d5c3092a4536408b04f71c66286addc6723ad,ef0529fa38374d307d5cc4cbeed0f80dd9ae757e1651c70243c9f7d922048fdc,0,test,
1249,[1249],d6b9d17a2b6231e27ee41e944fe629417b79cb2e3b05ba178f9de9b82c5e9738,d805da279a1aa646d3de315f2d4e07bc81bed4a5312415c1d0244d505a163970,0,train,4
1252,[1252],e4af2d26158b15192c66f510769edc7ebfe0f76911d1ff18dad116b8e2d8e11e,b2b82c3e3c6bb7f380d931730392f42138bd4d249658cc13630549daeff8f808,1,train,0
1253,[1253],49741e531832ac58aaf98fdf86ce58cfbd5c46e89b7a0956df7e4aa223496e2d,10d5a7de15c17bb79c9b54c20f46b33bc52fb78c227b1486212cd34376c43734,0,validation,
1254,[1254],357135b705f3fe7cc126dbc11eb44a6c3677ddc407c4852229eee8ffe6c3e0f6,459a6285f3c3de959a198ec69ee28e9645c8dda7fa8efc1883cf27f3e4f3c7c4,0,train,0
1255,[1255],062573d23cbb1627e9c220fd346d61831fe939626bca8f218bcde8753d0005f9,c66ce217437a4434d53d63ada6125f6986b45baffe633db6474120a0789cea84,0,test,
1256,[1256],50753d05fb56032cfc8c082574af89fe50b31c3fcbaa315c458a839e39795893,ba585498d03413022023f2c622ea66d201fbdcd1bd167a564963168c5f10b646,0,validation,
1257,[1257],0c49dcf8f4f86b2b3897ad314c6eaf90fd54a205b28fd2ba5d47ff30f6d583aa,56a883fc6f77b17838b36e28d8b40a4ba35611da4a08dcecba10ab38e5882f78,0,train,4
1258,[1258],bc6432e5ddbf1d3878f0233eed21ee90e71467203becd98d9e487309fb27c169,f81e0e66cf5e5caf8c5278778f0d101e857c9bf44444d5d71f006510f3298117,0,validation,
1259,[1259],ef6f942ec99fb0c4fbbacfbfea651e4679ba8cae49ff133edb0d0c4874a9c23f,76a7984e6d034fac7e64328a117b85098d8f69653ffde9af5a9e63bfcb732233,0,train,2
1260,"[1260, 5046]",4c80f1dbb97f9f9aa489e6fec36c952447fcd600a3f441749f155636bace5598,ac8493fdd6351fccb21e1ea7cd4d0506b2e4f7732397d4c1cf5389b555615959,0,train,1
1261,[1261],a415e5312c604e32522cf909a98b079c84407501272440e495fd5049630cefd3,a3fecc0ddcf5f62d658510dd19079fba55fd07a7b1639a2b6aeb7a5e66ec8593,0,validation,
1262,[1262],594fae0c87be367b100fe0e59e6812e279aeb599777bde10b84c4d27f6a34469,c3ac6d1cbce85ff9f75a53fde9a7ee5c7e4d4bc7e998365577377de063ed8924,0,train,4
1263,[1263],46ba070371eaa3cf055bf9bb8829daf4cef58d842542c9756a1798d56bbfba83,1d7d4c1fb2144673e07bc2951ed7543c0bbcba64863cb18624087f0f8dd30f89,1,test,
1264,[1264],5167055aeb66371cc65205b9f77d555417b0179e57ffc5c667f3cf580b79fa19,4b5ad45aec296a34c03c9c295a17760b79d08714eb251196cca14506dc451065,0,train,2
1265,"[1265, 3004]",6263455a86f4389fcd655045dc5570e0c0ffd4baf9452158d893ba3bdb4a6673,bf3b0e4acd46eaf0a24a0c6d0648297fb3b7f582483c08d2964522f6f46fc45c,0,train,0
1266,[1266],73d56e7a71ff67bb8da9f44cb6ed6c51b687274649f0e67004ffc3dbe6e1cbf9,e42b61d3521eb48302b23d8d31089ddd64926e4016e612b4e728569b516a79e2,0,test,
1267,[1267],e41748b9fff3c8fb69dcac11bf55685e1c51d13ddda4d0bdd4b9a9aad51cabee,4dab7cfeb20f200d8be3075337e5804c479d38342b1c41998214f63736478bd4,0,train,0
1268,[1268],9009f3f1ea42fe97ac42d5c9a63341625eedbfc19b21d914c542e812b38d5b04,09c92fe0ebd4f532298241e462af33d7caeee9f227df0ba4a4cd3caf819e3a54,0,train,3
1269,[1269],f32341a7401099e47deff2e4da7010951e6168077c95d1699cab3a540e1d2167,6773c50e3d2bc5dc1126c388f0fb98ebc236bff38869726340da8335d908cffb,1,validation,
1270,[1270],e3db9c29c7b8e8f1515f63b5b7321616355934e031d0760fc8aa68136b3c8b7c,8302ee83c598b0f2e99a71fe53c350b0289b220528eaa5746a2b459539162c4c,0,validation,
1271,[1271],5eed77ec2f9eceb2b909c6633b6e69d6927842c1468967ff9894e1c657ebe771,5d4df27cd1d649db15468ddfeac7a7edb6d17b05ebfdef88a43905f6b7d62ac9,0,test,
1272,[1272],c3fc7184679b52a0dbbede3e5f19f0853c50654b129fb695a3c4c46c9581e502,a63f3ec431f2629766176f6d47c5e61e0163fc10c276f64497daa86db9085f19,0,train,1
1273,"[1273, 1319, 1427, 1483, 1700, 2322, 2509, 2660, 3156, 4859]",e3e9e8199c8dcefe718fe6a4853a56a86cc9dcf79a685c499ab8194fad24f1fe,22bd868b11b1ed0f22d649bd044d5e86ca85ea5c3d242fe095e9e303310f7042,0,train,0
1274,[1274],cbf01ddd0cae99666227af20f2a3527db4c1fff262260a642df496323e99136b,f0beaa69637820ce6193300c6d332e8dec5fe05ce7f6388e769d55aab4f7043d,1,train,3
1275,[1275],e6b76b83d482fbf5badd60579eea75235f9c6db1fa73c47b56165e75567aad1f,5e94229efa9b7ce7b5dbf201f073244f601e5863fdcbb5bbf8e1949a14ed5c11,0,train,3
1276,[1276],c88fb146a8a6f476e1b6f4d433895b977aa461596aa01137ee40ca070c818f05,869bae5afdda404da0cf2968ea65451f73a865c13190b272d093840e055f4295,0,validation,
1277,[1277],208b2e01838966f8b8d86e52e8f2695a5cc95a52ccc115e5ebcc1205876fd511,ed0f47478b5067987efe1e4d0acaf180f3537f4607497b187058db22da7c05f9,0,validation,
1278,[1278],a0a7213285a890502241215e2295c9748e627cefd30e26f3f83619580aac6b9b,5ea684ab791c6b45f0b058c9b5125e00f67653da458a8ce0083360c17573472f,0,train,4
1279,[1279],7979a786ae6831ea5df6738dfe25d6c97ccd6a74400de130d6737ec2e876f63e,d8ee9da098fb209b73dbc9d87d2604ba5e109e8a86b18ab099ad34c8bd08ac4b,0,validation,
1280,[1280],1e25ae872e4eb21698e6d3e8d0e73ada6a3a4a67afcd10c94f56811388764dbd,7abc7844dfd1d34829de8602b2a7484a1852d421f44585b0c3b1b08ec99ebe75,0,train,1
1281,"[1281, 3311, 4638]",dcdcd28a917edf460e2f57eecae1466e5316a17ec85a2442dba18a3f89b42a80,7defc9e30cf5020423510a406353fd4593b2388ef91af4e4625005b721fbdfe6,0,train,0
1282,[1282],a9f27342be9338851c1161619990c09870f2998130205c0aa8bc421521fa7520,06690998bc20bcea3bc5a096230d27ff918cbd3766c1846f075f259534ddb928,0,test,
1283,"[1283, 4140]",6a250b702e0d08ff493487275add36394e62330985d0a9cdee31ec6adb880a5a,a55f30dfe0a20b58e527712137f7fb0c935eecf5c4c248d6c6884951e4263ae5,0,test,
1284,[1284],d8cbc53cd579a0c7690a0716f3364be5934681a53821920db367f3ee3f39240b,0b4b8bb479f8fa9f94f2da1792f4b1bc1378cda2942d5aa6d191d3c79e23b4c7,0,train,2
1285,[1285],168c4081090612d2f6cc36a8f029374c91f85e4ee89bd48807e2f43d6ef75895,820f4051114de2376108bb59ca0f67f4395731cc92cd635a13ebc73524682645,0,test,
1286,[1286],26a17c8d1e26f63a34e90b0819c5903c6522312367e2620281a3f2519fa2fe36,ceb947e0d524e51fbfbb2f95f972b009fee7faee5ee626cb959a20b63ba53af3,0,train,0
1287,"[1287, 3476, 4352]",2bd09db8a56bbfa2ea3a9ff7bcabd3dd54ac806cae9c2fc0fa69152f53bfa7ef,9a346baafee476a45212edd1e409c0ecb745ebd4b4695c18d8002c42b7ed4f21,0,train,0
1288,[1288],f9051b816012862154c331d0af2738322a88ea5d470af2d51d76e3926c2f46c4,e42c579bb35d1d851a19a934ffdb04e1120c965c341dec14585fc87b8f01ad54,0,test,
1289,[1289],1f84eaa20fff665bf69ef6f365464e27132d134f48a1282eac8c8ca07c544a5e,ed404d8414aa5be9b5eb2ff453d9e6d03227a68cceaf8d02d7d9d2a679b30a16,0,test,
1290,[1290],ad9e72dc5adc96db03c57750eb69b0cd9a9fb2e4ca5fda54eefe2510eb0d69ad,44c2033e2efb6b7c818bd71382aa2c98eeb5ee75bf22e0124a2f417c93d20311,0,validation,
1291,[1291],8cddbfd0da7fbfed33ecfc40e2b892d5ca1bd9e154996dc342243d6a7b674462,1a5cf13a0b1ad593d5690c62ad88fcaef7b6b39d36dc1cf57fd7e738a1fbfa78,0,train,0
1292,[1292],dfb02f21f16ed0a6a30b047be54954722f68bfc7cbf2843c32978909dafa5ed5,f181c14b407f1051e4242f7e981f14231436cf2a66e85ea68c2d46700d226cf1,0,test,
1293,[1293],302dc9bd33e9cce2e444d661c573695a3dcc0dd2574e480a5be093d8fa0417dc,375b24e643657cff8a185f68a5233db9de21fb961c53b11115e6eb59874e5c98,0,train,3
1294,[1294],f9f3043c499d684945f71e566f9c2b7d03b27b3448cd9af3cf9ff19a2182ebc6,655509db78c73402ca4cc2b0953acce80f02d24bc9e0ff4b6add4ad470fe5d03,0,train,1
1295,[1295],e61f106f5ab71ceab1f271f85957502209a664204795b54fd57e502e46e3f7be,8057b6c492c1c5ad3a5c52774e4677a08dc0f16437da523bc440c038e1bbceff,0,validation,
1296,[1296],87497321cd59a511b99fe5b755762e3312c2a4549013b0be297615a286375c78,8e6f9acc4af4c48d74b35786289565ca260756882df6cafedb2138dc590c49c3,0,train,0
1297,[1297],fa714585665937786ec5616ff5f96a338eac282a62f3e2c333ca7464a72610af,de6e57ca39265c2071037bd493ab0eacd851f896dbe2749890dcb040d6f7139b,0,validation,
1298,[1298],043c55c27abbecf71702fe7b77e22f7f1f41144e1f25ee97fe39c2cb34851f68,18f28aaffa535733dc70b27840501df6bddc0c7e043a5801ab5517e3aebfb9e5,0,validation,
1299,[1299],0dc937e4ec8d99e96fdfe3cb346512c655451e36065a0f97600f1c454af77776,d1b01fc049e49622f5385c28957ea7a13438287b3080ac6431fd6cd648adc673,0,test,
1300,[1300],d3cc567a2dbf7f8cdd64d40b457e0f18d132467cf9360cfc78413a7f0013b96b,f63fd131a0955f8e20dfc74ad5ae5928f3f2df13a12c1a035268ba90cd760ab6,0,test,
1301,[1301],8bfc6b6e94ca99abdff2b45c4e2b0ba9dfdd5a10c37185b9cec67d1d6ee21952,8fcf28dc89c380f670d7345e50a97eafbe200310cea7a7ae85a060a9adafddbc,0,train,3
1302,[1302],d4d555d87ff54102b6d032c6bc887342c74d75083292c4351ddfb47f489b859d,21b5091014cf74ee24e5f925fcf5927648e520a9fd4d01e58b45256bc1798a97,0,test,
1303,[1303],37e0350ce36e52708b683a3595509779266f2d05dfae1d6df154a4a4a8ffd7b5,98af38897ac0343fd3592aab1df9dfd1ba8257bbcf5b9b0089425598753c43fd,0,train,2
1305,[1305],c0fc882e0d1e152a51d1deae28c19dc84f3cb9e159d2fb4530c9fddb84df9890,d1fc50429b609739db98dddbb666a52d51e6a0f35d691a997d78a354b53001e2,0,test,
1306,[1306],feb5246dc40dc024594f85439bc22a24738f4b55e4fd50f1a05153e3cfe6d87e,2aad5dc2b382187aec8ad537d2c571289e42f55821572511f6306660c0f0f4bf,0,test,
1307,[1307],b9fae4334907533120d71a1bfae942b891978bd041c0dfe455ef665a7336435b,54f1e750bcfe2c1a628be495576cccf7e892c2e478a02471c4d470941dac057d,1,validation,
1308,[1308],8887860b47af04bbd755b52d2204c81a797e51a49e37249082b15fa734349043,d56a5096d5f750163d05f20017ac9e96d38aede66c6c1fb69f59113068897c96,1,train,4
1309,[1309],1855b31d75c2296f4373c94b54dca6b61f863c7f3afafb05a752c318266e4698,f3d86c384813bfada22a439c27564eb05bf380d46103e7db73aabcfb771c3e6a,0,train,3
1310,[1310],75df011aafb2f378ecf5f3755d4fef0d0c13b40d22247b55c48f4d284b78f412,4a3039d508d7dc046b1709612cf4d76f60286c9c6b70771b8d2c89586853d114,0,train,3
1311,[1311],d88e6a3e992f1d9bd3bdfc05dd0bc62674b445caa3f896ea5be7cc0dc241d724,711961cfab4146cf45a9d6c040eb6531b39ea096478342e800d63782b44d0f6e,0,validation,
1312,[1312],6727ba8acdf95d3124aa61073c02c061fdaf41fa5fc37061f866aad9221f3857,b8a91f57b3914943c1e3e1793f2781b36bf6f83022b10af1a85b6497af06f483,0,train,2
1313,[1313],0364b9fd878995f20bf376d819bcbf9dffe00ab8cd0a851279d1aaabd0e5f18e,64afe55a98a4d41255f234423c77db3bc0a7bc83b05febc7c265102b760a74e7,0,train,0
1314,[1314],097a3b3caa7c1505eb38da7e1eaa7d42645e54f6732ba9a9f735527a97c1d2a9,aef8aee73d47700fa742ec0ce682edfe81d6701e09718d83c25fc0f80cf67ee0,0,validation,
1315,[1315],bbd772fecc9017d23ef6bf04280d7db71ffb44f067af9922193fa17bc5a04c40,695d2428313ee545900ccefff6bce4f7f68558d0d28f58f7f1ba949ae130bd56,0,train,2
1316,[1316],146de18c777486359ab09c27d8a9e4d8844ca1b0bb93e45b01dc7cfc8e822c5b,f18e93557a76f6b70369cc7e77c5ce658904aa08324e452524fed4bcdd372e97,0,train,0
1317,[1317],2aa95fab0c2dba6042392eeb30038402e9c20ac7845580111cdcd1ba9c3dbdc3,0e147e5c2ac32000aa894055f073ce9527c8c28119e65871737318b6daaa8801,0,validation,
1318,[1318],d57433152360d2fbb5df364e516dc874afd6fcc18cf7589eee8ec6320a979af2,30060d8474a0f22ef54aa4e9210a0c8e5fdce4a327323ce14c9ae44f896f4541,1,test,
1320,[1320],89ae937c0ac56eebd0c547be2eaabd944d0ad9ad8b5981399e69b7fba5ac5077,f1d146b8b8575aec333826a4c9ea549b5479fc7313d754f51caeabcb25fc0d0e,0,train,2
1321,[1321],e7915c03e974bf5e663d7430a858ef259d757440cac45ad87bc9aa9734dbc469,a4d2d7c66c93704308793707ed762a8334bd7c617364c9f57c9a80c7121fed4f,0,train,2
1322,[1322],796740705b68aef7744ba9ec5f39b92652a489a8992e344bd88f7fd759d4c8f1,97f38c3de0092bb34c89da20e4507dbc875ea7020e0a59a23f95c9c021e6238c,0,train,4
1323,[1323],7aed86f208d15bfbfc802eb747f1fd8ea51bff2159cfcfde4fda08520b4e705e,ea28757ddb5f0db776cddf208562452cdb6452979661895c42cdbe0be52f66ee,0,train,0
1324,[1324],91ecb2d0625e6187c0a0de0783f160314c14354a185361b1c5b54078dcd61009,a534ba3e74f7a9a6db008cc534db03c8c603489588d868958bde7580a148f7fe,0,train,2
1325,[1325],1e972bf7b663842debe5706c6fc75c90c200edf4a2512fc93acc427679953263,c6769f01f7ccbeaa9b5c40616d1106b4bda59b2eb79eb87506c70b1f4f77cd0d,0,train,4
1326,[1326],ea270e1912db12194235fc82388d1a3469b1ef4c4916b74cca63986f02a1f7d6,30be2d4a65d65a6de43fe9a32e5bfcdf83ea001614cea0aaf9a86a4942407411,0,train,0
1327,[1327],3acd72c8a446aaa13e85672dea793c8a478eaaa10abec3e1401229c70f697d05,12d5fa28b1ff58afa3d768fd61b76aa9da88167ee10674ad0f7985f8c122eb70,0,validation,
1328,[1328],0bfa36e1595e863c35dd601a032595df7bcfb6f9bac96b2e3ee63ec9bfb54e4f,bebd01d12832385858ae1564b2ade9b169dedcedf73551c07c16b8090bbc6b0c,1,train,3
1329,[1329],58308225dfca87c26656c494d9447821caae12a1090ac9359dcc4fb95c5b1a3b,e6927c148dc373738bb3a07342e7c5b737d33c680b496791d7a3d78295b2f0dc,0,train,1
1330,[1330],3d4c933c61632dbf4d9ec2caa170814ddabceffef5442a2f5d2979bc3cbde601,97e51060608710c462d2e864c541a9859033df23b54d87ee13aa3de7661cb2e3,0,test,
1331,[1331],5718adf1656d3824a1360310a2586590c32325b1e0cd47253b9e295a4f6c5ce0,41ae8101cd69dc9cc68b238ad7a8c2abb76afae2924c57347d0e13de38e9b997,0,train,0
1332,"[1332, 1894, 2234]",d7f00f0a345942ed2d7a10fea422e6e7f0ac65302dfc723b05071ba7be122dd4,a65469f3f6f4a92bb658b2f4ebe951a1e4a00640f2423efa7e111cd285525ab9,0,train,0
1333,[1333],c310ee2e75ce7691ed6b0e4e35fd034a8a9fd0d64d075f7da1fb871e7d63ff50,c6cdff26090013830066a34b2a51fc4a04cc4ed3e90ab961abdc8740e04cd265,0,validation,
1334,[1334],1277c9145a7b33f8dd631a32db5570b7ca476f9ed7c56dbdb17ae27255f6f572,bd9972799d7db75835f85d0b8a2964360a60433a0f899ebf9e17f5f4933055e3,0,validation,
1335,[1335],f8f6e4aa835b981cbe74a785326ef3f479a50aedace978e50db966940dd77c6d,c438655bab799e594302dbebdece1bb5d014e63687044b93949789c2e1af9c58,0,train,4
1336,[1336],9b8c0777e29454931ff786bec9f08d00c455f8c362e74f7e51b01830fd5bf840,f385e5d6383c1d66c8bb4d35a8609f74f70c27d65d29784ffc65eef74c713aeb,0,train,4
1337,[1337],d743aa1abeed4d465a07dee38bcb1a9ed33462a33073182eca9bc7bf9408e0d9,63c8630aae2b70de01180db20280502bf547850f9b06dcb10adfd808852f226a,0,validation,
1338,[1338],b3394352bd5b3ac14b8d71ea7fd518602905b9c3c43299e91fa3cea9ef1a127b,8f65bb1f916380500ff4fa2465bf2c2db4cdd9840f170b10cd57804186eec41f,0,train,4
1339,[1339],d11a03d2eaba90f7d4364498e97b81ee1437ae470933ba3e4042c944ab182fa3,19a002df6e5352fc9e67fd622215072f39d7f6997a3a5f981776abd9c557f21f,0,train,3
1340,[1340],f484a4086a42a3d7420dcf729574de366619a89197e1a26057c4b18a224e89f3,d3f9918251993c480807daeb1cf881a9e6f87dcf89fe12bd4c5ed9f3b7004f89,0,validation,
1341,[1341],52b16e67d2bfa87eec4c2cd7b7e607b290dadb954aa61b62174084871583bca9,09ab552e5c1a05b273b8e8b74faeae2a84818833341bb088fd92cee6e67f8698,0,train,4
1342,[1342],31a11929bd1d603094739ce1ef914f056cf455eb6bd6899c53dab045941e0744,50f83afcb425af407083e40e343c6be6d257cc7f447d6e191bc55fbb4453c611,0,validation,
1343,[1343],975c51ec077e5a96da687a3aab8e53e066b3d8879602c882ba4bad8d44883fcf,82f7013028bb0d79ff3bd784d9787f42cc62bd17b99c5ec6cf22397f8bc97a7a,0,train,0
1344,[1344],6c7d65e44ec8ab09b5facc9930dbc260febe48aed2d09a97039d278e869e0c93,59f66a0e4589afe8f5093158f8c2665dee5497b031009d91964d6811c2968aca,0,train,2
1345,[1345],fa69c41d7333a1672942f44daee3f2e8329c1ebe1b44dc1ff8ea4a2b5acbbf8c,fff8f17aae39df42999d3c39197996279040d8e84fb95fd6abbe0465c3b8cb00,0,train,2
1346,[1346],4f6eaebe80f920ea2a3bad8597a60caaed994cdd6098f117ee66c23ceddc5922,735efb8ab1516df296bdecf0bfcbd44afc6ee14ff972fac8a5175ef5c21da911,0,train,4
1347,[1347],567bb57344a27244fb62239c0659e0ea2a0d2cdf1470de83f0637cde53e4650e,142807962c1d43f8943c01b05d286a344fb928185bb8406b86e462ff7ce78a66,0,train,4
1348,[1348],f14c218057c463a089a533089b459089fdb74ec4a18e1f7e89e7e63197e5bc90,bcf8fe9f7ebf3264aad09334d00913213202211ae47fdb312167bb8089bb5d53,0,train,0
1349,[1349],aca2749b775ef902748785c191a60a991cf593977c9639fa8f92e9bbc4749f80,d19c0a212b2989f1bbbb5d7e662784f372952c8ed5f83e4c2db3951c86b39c41,0,validation,
1350,"[1350, 2109]",653ce57f8d82e161c644ac60cb065eda96e13bd48343dccf82069c98417a605c,ac3f18f7c714e2c860add985ed374ace8de0fcc97f4dcabb5c1169a2c6b00932,1,train,3
1351,[1351],5fab2af96b2eedc96e177e872a3b1936a6e5e1ca1a612981b5f183d6afc8fd27,f11b03385b3ee523c2346f92a650920a299038db8ce629aa7975f21ff1f416ae,0,train,1
1352,[1352],e0604aa326ce646fc705b06789d88bdbdb7384ac80f65f98c1bdb8675c0a0eae,abd1d7e217d0a885ad764199254433c0dbaea939f126a46d027368aad3267e1b,0,test,
1353,[1353],8ed1a0869dd9341288e63dc6b105f58a9a94f02df1f9499e8c7accab2c3e727b,6e9b5e9a5de48c200751f4c3114385ae902e731dea7e1686962fd93baf0623c0,0,train,2
1354,[1354],33aabec63f46d6623821cfa930d0cb9307b8c8aa37a60dc3c24f22dbbcda0cd3,f4943a54abdde8698e7d07797707aec7e6157e78c968c5fb3b361a031b3f8e38,0,train,4
1355,[1355],1156f366432a6345b41dae4f593d921baf80a9408154e2036af3a30ca285f04d,926e4c0af83e3899f7bafd51bba4e0446933c3927edac7beb3b65b8917a0a6db,0,train,4
1357,[1357],99b6798aec0ad88e5276cced554a25c6f7c6f59e39dc8860fa9a51ca5687a3fe,52374352e34592d1524233d328747b92ac350d5ce6de386866918ff73bd1a6db,0,train,2
1358,[1358],ece1d4c9720e351f6b1cd6a661050616f6b4a19175d9dd16d7d83d96da9c9ffc,963c812774d40e78725ff38f533171ee78119d9d58fdeefec37c45761213c020,0,validation,
1359,[1359],07cc29b10a35a7e480fcf0d76f4290b5a4329fdc0e166c0febb9cb42ead3e5cf,238cfae331db3cb0229bcd8fee4586db700a45914e38f465ba3a7324e85645de,0,validation,
1360,[1360],59e2669233fed8fb3a82edc47aa957c63ac034246f07d780c068c2f1037f2b36,130bb5d5b6004747a3fcbe6ba44ef9e734f583b158c2353bf82ba5fd1d510ac5,0,validation,
1361,[1361],10aab18bbaf5c5951b9c0ccebcdd72078939ae818c38490951ef15a4d1657be8,721e9dffd7782daec0c961ec549c94f7b8e577093bdaab01b46c70b1c5358312,0,validation,
1362,[1362],31e9a98a7ee8d149067d9fdde62f229b61dd4fdce5d4147a7085a17221d25a47,665147220039163eee397468c04fbce64e10875533edd4b80803091ea1f36161,0,train,1
1363,[1363],479197a140f3584d1c86f7d0474ee189d4a97c484fe81a3ee8c25c47b7270e9f,051945a0ccdde49f20de1cc953384ef1b9bef82df4618e853849d6b06b2772c4,0,validation,
1364,[1364],cdc9ffb4414d204c6807b29ea26fbf8ff31c169ea10e4345808f62a0943e3799,d802f8f98e7c63cb10d1bced763a23072ae4141835367b641ab972815c40da15,0,validation,
1365,[1365],5471e34927e7d1afa6a052539a2cc2662daac319a1e2dbeb221cb1357cadf137,aa572ec47e7ac4a02bc011af878d2b00d4f008c751c7a14b854c4cfc1b05b16c,0,train,1
1366,"[1366, 3167]",9c07d2b91c8f1cc8c3ba7e0bb983d07f47284e3cf8243f2a9471c895040f1ef7,665b74bfcb5961b2c6afdf4fbbfeefff47c5acd68b0111021a8ed3e9d0a46f7f,1,train,1
1367,[1367],011c03a57f2cb47c40eacf4319574f00dc2d0d0b90951592f948106d198a7787,a9495e2625de62da8f58e4fcd24eede0815dece490a43a67fae20f8c99af7541,0,train,4
1368,[1368],e01c52f8d0c37ed94a3094bb77d17b3f8594a61e4fd0c89aefe265e672d38272,503e30e0d4b91263726550a5e6ed676afcb66c3479752a41d1e37088cca41bbc,0,train,2
1369,[1369],904758920927300f74e438b283fd67e69876ea9268ca4ae77d7143a83cf49959,1a3b7bb4f0f4f3a2a959e9fb3d99fb9d92481f64c8c2e066ddaadcd7067c233e,0,validation,
1370,[1370],089e679c233ccd2aede9047f0485c921b70226b19d282fa296fa6fcc1475bab7,a046f7b0c5d2d92892fb28fd1c6a939883f9c973ed5ec64e4891c256056638a1,0,train,3
1371,[1371],95235162b63c179c6492562be76f4eddadded7d1d72af1ecebf559dfb5dc982b,f6712d23c342d70c4ebc8f9c3b8d20437ae0bdd1791b2242863fcc0b1d2055ca,0,test,
1372,[1372],bebc2829330eb307b90e201f6e67c30651135cf084a89fc0b079a4ba6bb1a254,fe09e2632b7d8c702b7593edca8b0b623458869f408a5d68cc51fc9d39178f04,0,test,
1373,"[1373, 2163, 2344]",5f45c8bcda4ecb6f715dea4b3f0210543a428ebe34ed6036be78c293d6a4af72,d2d37ca6120f520795770054445dc36ba22e984166f6b0d554c96a3897116341,0,train,3
1374,[1374],9abaa02dd853b1b5335b33b24eb55d9f7cace5128147a90969e5a12e6200d61a,80ea6a236d9a47260c5d710c87e42ee891ed81dcf19119e077653f96c5b19764,1,validation,
1375,[1375],8e30371048d6c4ab4270697227598118864fbbdc65b9816a5a9b187066539231,395bca60d5fc01a34f5a410bfee69fa9bbc7a32b2f7f2204e1d0223c38e2fc49,1,train,4
1376,[1376],e867098e13485e4d6bdc1163c9b5ad4f6da3b9cba38d87ce2cb3c00c5d0a3161,02e4a22ec3cf4aba654f51c586eac948b216ea2108bd34922912e37dc4498016,0,train,2
1377,[1377],6e07543a82ed25d649e59d8fc6a6fab31d5132c21bdbfc99a55cc6c998dcda0a,ba08ac5928759a75268f987b3d2b6cd26108467cfa5e2be78ccba71a8718a5db,0,validation,
1378,"[1378, 5055]",41a3932f1df5d1b4a841b7c7f59ed5a225092c394531effe591a7a2676f5a1e4,26f57a014fabd7e0b54bf69c9b0914b3a5968118f97da252b8c5c8f35001120d,1,train,1
1379,[1379],e89a96b8ab6aebf09390c544a2d22b024d6ab92c5b928b408776e255809c5591,e71adf4bb53091b2eef1681ff62a84d9bf0ad0afcf99090f24e1b4d804d615c4,0,test,
1381,"[1381, 2477]",a200c0d65de0f3ad07aa7d9090f0591cacde3acf7b2911605301806dde8425d4,14d79a7918e35dc13930f2a2e152c735eeabb3636d03dade2e2384a9a7a8fdde,0,test,
1382,[1382],29738632ae5dd1f56c45b29f7af64be6a24e804fcc309ff023250ab8379ed0ef,b2589a77be814927729039a18950e28a25501ff6e164e7aedb7891340e76426c,0,train,1
1383,[1383],885469c7e6629c95c0bf1b1d98ce1639d63949221bdcefe3a815b1506979ebe6,6615fbd414795a954997d1265d2b017f789f70f435aaf67bfe6bbe5846836109,0,test,
1384,[1384],2510c7ca60ec7f0f293562336d6b5d424581228a90c9a2788c486381310c34f3,70d60eac3ab97897965212559690a5acd0bdd19316345a3fe315b6fb7ed7697c,0,test,
1385,"[1385, 4456, 5266]",776b732812f03ebce2082cfb2a3c14bb58ff2fa3aa0c694762aa9b83d5c5187f,fa6fbba3f33813dba0cd550e6ce7942753b5459cdefb1ada9ea4e53dbd39357d,0,train,3
1386,[1386],b8cb2133cbb7ab72fc29ff7ef64d08a081a46191090bafdf8f7d07db03b0df96,9f813b65889a8facd13409b161737d0b7af26aa14304cb6e52cf2b5ce216e62b,0,test,
1387,[1387],d2f760fe876604f1a39cf880229c8bd0db61a19cd6322eeed07e4ee936653b57,1fe7ae45cedad49483a6fd76a669b7c6fba4b965250d6b47ff05ddaedd8c3f2d,0,train,4
1388,[1388],38f19aad044a9a746c0916654b1f9b8be59b902fe51126227e48c64cdafb9ddb,85b43fab1d4da44d7bf865097548575ff18dd809165614e6bf7223731d1a72e8,0,train,4
1389,[1389],4f9f5db9e1ec9ec69ccd8bb736e305c5aeb08db71be94145add97e3f853ed43d,3f4df0bcc0c27311b25e2100cd51bde6be04b7437c9469d3ece276633162658b,0,validation,
1390,[1390],8a3e5e904f384edbeefa3303cc4bf7a8612b8d1dd92504110cecb1c5893b10f8,f2b4d26b44a0d7e22d44d1b22a742355d65fd39e0f1d50aafb77dcd00ce3d8e5,0,test,
1391,[1391],3def319fe05f63100cd305f47ad6a5ff040dc4b5ea91021f212ef785905944cf,094baa6fe7fe085e72161055403302304677c7167ad0398ed3c78b8c3e245b2b,0,test,
1392,[1392],170430af7304437e8dc20b14a46b32e7002063f99c535453a51c3ee6d5f8b95a,4cf0d6f1c152fe8e96991c7c3e34b2c815a7928cc8fdb4496487c3da6b3efaa0,0,test,
1393,[1393],88e246db74fc1a1fdba0d69d87eb75ecc898730202365f01ff2967fda26eeb82,75488c9a651cbdff2431953a450b63bd12ba26dfec3a2b0f1688701ecc3cb249,0,validation,
1394,[1394],818c6150d23dab4aeedbccedcc519c7469c8bdbfc04c4e91a29625c674f9b413,2278eba67dc56efb3ef9c26f66d5cbd0b92b22eb4734907bc378d226bd87a814,0,validation,
1395,[1395],150f7d19922218efc4098650528cb5ce406fd07581959cee545c55f00e01b78a,c7ebdbc429ba9a660d60979805d5e65efaaea8a8bc9bb89bac9b93602e82e163,0,validation,
1396,[1396],2a3722f2b64992e55c0c58955402d969729c9449046831a0b5ea5d070f064e73,6decbd40cf9b04289be052043d5d54f857dbc6002c6e2c472d9bd4872f6f317b,0,train,3
1397,[1397],873d9b95ddd7dd92d8e81b9722e09fcaeca3095443291452b8bf6472e4b7366c,d63cf0ad363169f1b01ad3396c90e59efc2b3f7da526f142da07d3ed425d0665,0,train,4
1398,[1398],aed9751981328a20b554e445ef116979a2a3bb1330a7a435c61c600615c8510d,87007586d84fceaab445210e0d776938d7175cf30d7fbcebd9b26602f3bc83bc,0,train,4
1399,[1399],50b7c2ad307a7a996379e25e41633338f3a60e4e0e544c41cd09e27718362c66,639fa4f5e3ce6a6239d49dfd4f790eb8fcbe31bf0fe24222da426007a7c10f63,0,validation,
1400,"[1400, 1403]",b21aac23df7a78fed365e50e1352de7d1ff40817840974b38e461e79ad183a3b,51c40dd547b8684cbb91d37da707ff6eb2e24ca4161a1710fa47aca17c93ab58,0,train,0
1401,[1401],69e232bd5081647662d54d0e9fa5c9895671ee3d52b770eca9d3d3ffbf92992b,60e25cc2e8b1749f1773aab00ef3dad606542158d88e59e7378767c1f9620e4d,0,validation,
1402,[1402],c07aca776361a16a0f9206b177d366237f5585925f54a6fe9db4c6f6df3ac03d,fbab94b43ed086bc9f2b3ae43da4502f019153eee6d3174c6f7abfa66b01cf90,0,test,
1404,[1404],61c08c3b2705365ddbf53ade41b5258a2ba41afc701ef32a72c35a86a08507ce,a815adce861d28b4bc3cd2f7e9722e8f1d128bbd57f98ee52db01c5afde91893,0,test,
1405,[1405],ab5f4cbf2d1bcaf30c0a42c9b784ccb9041108286d87ef3d7b744d6065b9f6fb,b5b6763fd986a86724851aaed42199714b9b4a65540e07eba089c4f3e0ce5c8f,0,test,
1406,[1406],5269d01616b9db85a0ddeefa63ebc934f9b3a411c795c2e8703e41148f86957d,5d92241ed5d537b9fdc8943f4546a72f8f27734da0487de987c76abb0dc7a873,0,test,
1407,[1407],fdfd93a8c37832c6e570b0d890b12f2a236105604178469e1ba5867f57835d6e,65aaab59f773f36b9a30a6ed76607d068cfbb6220c13a829e6e07e7432f8deda,1,train,0
1408,[1408],aa44f9fbfa4bf2c80a3c4b5e1a1cb79cf29ef300675fbddfb845d77935d3a5a5,2f4e889622cd46693497f8917dbbec3248a3ab5323a5bbad9c0f18bd8172e56a,0,train,2
1409,[1409],fdd4e1bed303e8aeb630bc2b606a13ee990bbfc4c359e9cc28ab063fb735bdcd,c4fb9e341cda94654256f498a16e84fd2320d7cdf0773352650df12178a10661,0,train,3
1410,[1410],484207e6dfedaf271b4a1f6dd5c063f56666644f68922c1a5462f43bb8b20b3f,ca0bfade369fa693e2f7dd06b0f219c986ce98c5d1d15b449110baf5e02c3dab,0,test,
1411,[1411],1b5d43871f99ca18088f878b54ac5846164a5403cec7cd4c63cec4daf72c8b51,aeadfff2b37ac70ebfa60b47dfcea4b740b9aa2abfe699d4cb4251e0c2a5bc1f,0,validation,
1412,"[1412, 4004]",802ac0c4c9497073e7aa494abe0f12392c039262c8ef376cb74d3fe56c238a83,b566fbb7e1efffa252240ea2cfafc18e3db3f41fe0487977023786fda3c5295f,0,train,2
1414,[1414],11a7e317c088658fc2acfc25cda704112ab5bd35121d3ee789072cfdff4a5f66,f1f06099ccb554b5a5b83f6f833248f0ace5bbdfe828b91049fd97448d2c9f87,1,test,
1415,[1415],0d93ce2cfeaf4f35cf5d2e29784ef11c070ab1515ebc5c3c09f8f78abaa5077c,f1fe79373d814bce3ae93b699abf44161e56d28bd1c3efdd7df0743caf348d07,0,train,0
1416,[1416],19b6b755b82cf4ace7da2843ee451b69946aed30aa7b3f4ba1782cd348693c82,cb1d151f8a8c8b7e1c4f700114980e4e42f4b1b7138520c5e5814e0f14fbf7dd,0,validation,
1417,[1417],a6d11635817d076cf34834a07cd54e1447ee03e507d0713227cfbe52d94cfd5f,1764d87bf9370b78c5b7867124e2fe55c29e2580fff349c63a6626f9d659a3c4,0,train,4
1418,[1418],8048cdc03b7f7a02f3af401b87ac84d4f433e7906c8eca98d83303f9a64862ea,94bad0176976ff101ebc7aa692e0fbc2f1efcd830a5dbc278e5bac310f0ea201,0,validation,
1419,[1419],92e749bf0ce068dbfae7c3507aa72b54462b2c02afb69054ca2af19b726bddf2,aa7cda01fc6f846d3b7cf547a103bb7f4a97cb0e8feda52862493c54fc1c81e6,0,train,4
1420,[1420],30eadb5b1ce33fa916961030841a2b0df7b4367e27230e734a7386c421e0b3f0,4a21a993a0a9b97e1461a103ac7cbae6f02c5734952c1bb648d1e5557cb2fc82,0,train,1
1421,[1421],8081a3202f56047cde0609851190cc1fe0f4ad3d46a45a6b8ef89dd5e4ac2331,a4411499bb4a242300fe3df1cd615a6dca9bcb65ee74a7a21ffc6b904c9a1bdf,0,train,1
1422,[1422],013088119f69cca7f68bdef9919254ee608df988705ae376b98c91487cb5a17d,5d10cfc6246266c0f0e034e4b74fd51d9ce1553ffaeae5127c3b229e3339194d,0,train,3
1423,[1423],3804c1b481201dc94a6e025de54017f428372991e2602d8df50a888a2a690816,552305f38c81d8b2631a9d3ce3f4ca8e97d56e51a71ec9e19bb47c43890add1a,1,train,3
1424,[1424],573babf80e6f79d05d2d1f0ded78a5d145cf3616b07e46043fb8b997546ff8b1,0ac5b5cf0c1e49a242c0ac3ce975b203415317b579e79e5804565ed93b87d4cd,0,validation,
1425,[1425],c9561baaec4278a78ecc2aff5fff33a5788cfeac3a1baab7005fff1f3e38ff6e,614db6c285b162c16159d83d80ecc55fc7f30eb3765f9aa27c79a486d3c79dc1,0,test,
1426,[1426],22912abc4366015e7afd8658009c5811fe6bb608f275facbc066f880211d4e2e,2cd1f050147a2a98140ca3702a2a092f5ba233cc270fc6dde501f354832e39be,0,validation,
1428,[1428],1a361531f7b06eebb42f550a1c00e7f2126732ff3da4f79aeb6c7abbd8433503,a9873a462e7139a40187094048279b7a7c095d4a242123ab5dc73b5857dbee8d,0,train,4
1429,[1429],b5f92db5be79eeaa6d5bdccf7f77702eb606f953c13fd4a7864e9fc1cb85d91b,8ee961d5dd58645b0ca1673ad90905bda69e2b5d29f5bba1830efdf8bb1941c1,0,validation,
1430,[1430],4d0b27b9222097fcb29cdce7cc9557920dc1c7c9a8a7e52211181da154639ec6,9ed1b2584530cc7c860dbbc529782586af49d4c7137fd6a6044cb6d4d12ad3d9,1,train,4
1431,[1431],3059feae86a19f58306db3c290e8f2e23fc8bb726486c0bce5b3f6e49ab4273c,c2708ebd0b16dd5cf53f583ca218c52941f4b6e2aaf75720bac1b61a57144b25,0,train,0
1432,[1432],10256bbf633fc630dcf57ccd17b428f3a5b8adfb1f9339f5d8d252b57db551ea,ccb3ddab16ba44935c37573b067f92ddfcb52714994f8ea93108034bdc3851ff,0,train,0
1433,[1433],6364a68b68a110f26c0fd9998c41a63d26f23c0762914af3db57fe61975ece13,1ab94db6459530464ae04b283fede84743abbc887ed1ad22e926b53f10662fd0,0,train,1
1434,[1434],d6bdf947fdd9ca2456a67f77c054f8485d75fdbe0cf216d3ad13f1ff4e514ac9,dbda9cc4bf678f7d497d031fda0d627c0aba2aba1766918cfbdee971f5cbbd1f,0,test,
1435,[1435],f0c69a06a47202ad468a8f3aaf51a8063a52167df0f00b33775f1a5a1ba9a97f,76ab2afc99dea00c70605ff77145fe94fe9e97d8713e5bb08a4895ab6e37ea2e,0,train,3
1436,[1436],60f671b438433bb1296ee7a401eb48159e255d310f7cab126da336d8b4886971,160fdd70e54d8fddd751e44fa2609abd90efdb2e0b28271e7131e3ed35f008c6,0,train,4
1437,[1437],5a698d72cb730e97ca8eb88e3f5002b990f737ef64d0d87810d688203ae25049,c97cdc1df04a888035af9f7b9baf1f2c1109739dcfb3785f123067de27a72776,0,validation,
1438,[1438],5f0e5242e270eb63c4aa913fdc9db8ec39f2ce487531b919009a1abdcbb818bc,2ede552a4d1ebc6f9f2ac3d2c43d8a5d650277cc69468ef9a5eb7ffd2d4c5b6b,0,train,2
1439,[1439],057c792964194785851fd4d3ce0e11abca75d695d492225bbceb0ccaafeb4bbf,3e6c2fabc182f4c6a7d3552e5865ba8f312d7885935eaf5268e784f3918e7880,0,validation,
1440,[1440],23422162814a9fcc31e5473daef141002bd010c9564d0dd021cb746a169e3e5c,3c84d28432352fe5691009aa784c13f453ebec0e955bbced0d64852cc6acd6b0,0,test,
1441,[1441],9c8143c222f3cbf68d80e6f35081b0c2c89862332b4d4b6ef7df3fd7b6522c6e,9bc0d488481cf97647c6bebc7dff9f33cd0214cee8ddc0c9bbc4f88981435491,0,train,2
1442,[1442],314576172960ef39dc62e9bb8070c4feee9538dd7448d6a942b19782e1dde18e,548c7709e048c9b3ab45e46f30c5929dbd293884699ac619e276dab0101cec97,0,validation,
1443,[1443],f6e21891bca1ca237a5290a6953e7c2891267cd88dbb4b09db991961079919c0,0176a056cfc33f765dc0b7053183c36a7f0ab04568e17a7a80ba74d47ce641c8,0,train,0
1444,[1444],88daa3daef8e559c1dff45e18263a13f417c9cb8e1d9ee25e83eaca0aa031c5f,72247bfdbf4bf26b0b1f5b2f53bee8162afae636eb434f31997ac3de84578c91,1,train,3
1445,[1445],50249df402acdc48f39487d69083e58f7197ce289b1bf40fdfb425577e62c190,d95d15e81f06e2ebe8a14e39a563745a747472594515fc425bf27de279f97147,0,train,2
1446,[1446],b87489f36444a45018c82233543684a705fd91e49096b271518d3bf57d9395eb,22253ce0ae44cb5412816b74600915498a5cc17e9ad98039d9d17eeffd131a5f,0,train,4
1447,[1447],41173bb140a811487c638ac42619acdc74699b983776413e9618fcddfd1a9f55,ba8500ae42a17567bef8d85901d33c20abb69b82fa5348324dfe6f50cd1f5878,0,validation,
1448,[1448],971af3beb1e75c37aa6b63c554a5d03a0a0af041716ad6470683377783ce75a9,e5f0c6455d5ade3937bba10c5b9ba14b2944f9076e929ddedc220e5a735fee9d,0,train,1
1449,[1449],2c2dba8804513848df9b6042c21ba9bc7b303f0bea0aa22505a58d2728725d7e,6611ba3eaa90b13e50995c997cb1b4ac955e2e73b1f7ba5355378d3798642695,1,train,1
1450,[1450],a3b16534f23e5e793fb5071fdbc4d9660c1d031c46920655d85b48063d3f3f7a,fa66d677a22fae2cdffae3c7ff1fe721fb008169e86ed361baac1b83b3d298f5,0,test,
1451,[1451],ea832b6b8adddcf0a1059e24c1cc8f51c8982fe9431588b4ca3a2d33bd0f81bb,8b04e0ace9e8e8f405ad95996c2cdce579715d711f11904f5199130fd321d7b5,0,train,0
1452,[1452],3d8847553cb51f8f9b672e2c81013348a3e3d444870ab4886f42c7ca64f37fc6,a054abcb5fa02abdb9e03433188844dc029714e1df9dfc2a37187e4ecaed8ce0,0,train,1
1453,[1453],e8f876e2d28f9bc7d9fa1bb515e0f51e0936eaf083f30b74369421bd906ff9ed,360853ea9df72e0ef5226920f5bb45c24f1b1fcea64b3d6f9fa5f1dbd7b61349,0,train,2
1454,"[1454, 3680, 4504]",a0f5fa2b84b3d76d25ec17543acd8ee106101450aecb52a559972147954ed201,d9d791dadaa013365a9b6b1855b3f6b2e78f9e501f903d34cc48501e41ac0b43,0,test,
1455,[1455],b35d5cf88f86decda8e2bd88509e82fc34a4a3e32b5b35c14352e27611225eee,5b5524554ddf3b8e1ae85fe03026a432f5a469ad59a1bff42b99e7630de1b4c9,0,validation,
1456,[1456],a34b1d1caa167e67de17bee25e585ef26acd151ea3e9028ffd299234ef268f51,995c77c1a49d7c115717945987d54c8420f23bcded0f30850ede11ce9b9a66df,1,validation,
1457,[1457],15292661cecc068d013886d3af8308134cec2eb5ab7f49c4e3907e1d52edcd9a,f0144b0dca4c6b9f98bc1722a819591cb244ac183f06ce2fc6b61321c38855ef,0,train,1
1458,[1458],fbf56d2dbaea03359502b85e704803c2e4abf44d8ec86a5dde5157bd3f088b63,b247bca976a1fe5e03480fc12d0dd9708af9dc7544f70e9cc0e990c7b5f30ba6,1,test,
1460,[1460],86bcc9f1840069f9abbfcb47be3c7f7bf729acb077c6e8d13b508c03e7bd2459,b83bafb6147ac3fa5513d1c1ee4be3f7aac851fc4854825b7539702608793ea2,1,train,2
1461,[1461],ec2818fd156c224eb0ca720f09e3c451bd524a5a2afd1401258cf05535659c10,2e5983ffd7cf3963b2678933a1bb379fe28dce91be7a3e3fdae2a18ae96766e4,0,validation,
1462,[1462],8435dab48b1f9c5a7cb92c7e108564cbfb8986d2d1a900c0aac0b8413e0d608d,c4f5f44bdaa6b7ad0e6d1d97a3718c6ed3ebb8dda0079d47746b897d73ec60c1,0,validation,
1463,[1463],3e51ea3aa9d46bcaf488edba733f786ecf7fee505db80a647a07e669dd709c63,8f63a3a1328047591d6a1c978ba60a8333fd257c9f005f958a51feedc0e39a6d,1,train,3
1464,[1464],8f4dbd9604907603d126833db2fdd3ac41fc969d6fef3ca3e22369a1a19fbe01,f6f0671c72d737ec5278724a144512b9832b1a4178b6fe8452061e0cf352644e,0,test,
1465,[1465],dcb52fca4feab1af15a1afcd523f4481d58e6943b37955dcad82af7ce9cdabd9,a9cadedf01937b74626718d01b95edea2f4b1c758e3b77a2ce9a3d7f8e66a775,0,test,
1466,[1466],e88ecb4d5cdcb86eaa9b67d0e7ccae05405d7753323055658a5c5a8cc2e1b52f,3c8e54fd0efb79ae8b8dac54ff23b0359c9c003ef40950f6a1b0006417313910,1,test,
1468,[1468],e5d4cc8360645f1e1f8edbefccfdaa9a38caf55c7b0ca76761d85e8917d34333,9da9c2e5a2d3031145ef0c0aa3dbff0ceb208d6fd80d9d9f42b7bc0d4178fdb7,0,validation,
1469,[1469],032cb1c4dfbc95887f0a41dc4e0d47e3cf5a40584a46596529d8c9da6f65135e,773a547055ff3b8f89c371291790fe1f5e02e65ef2f7d64533f11f2686c11459,1,train,0
1470,"[1470, 1779, 2982, 4556]",33e539e6007161ed5717c78348e640e17557e53ef2757c9e133508158e0f22f8,5a928d747c93da991424595a2c9eaae1449b93b6479c0aaf36f7cf947b3ff063,0,test,
1471,[1471],a05d5705c1b299d0257a7216ca734df1bdf0bf9815acbf8b916b4da3e6d7dc05,f872888a884e4668b16c29a6feee7d3d175ae145f915c2874d82415c45b49dc5,0,test,
1472,[1472],79670c555fe58946d8ffd42d915903567210f622c740abfd240e4642456db46e,f99309675b630223fb67cf4f45159440fa070fda406768f5a012bd8ddea838ec,0,train,1
1473,[1473],2fa5d807c3446a15ae14e6d2fb35d625b7061515cf1df144cf61ca3027ff0469,aac2d7b441dc0596db066e94fe997e81a2541cd708e6780077eff325c9f3a361,0,validation,
1474,[1474],7cf8a2a0e97dcc4203b36389fb4f5ab7411de71ca49dde7725cb11ea0bc542be,424c1f1f5ba5b802384314354f14bd39ae56c682c780936b0ab93dfcf805faa6,0,train,2
1475,"[1475, 3987]",e0665abe1791be9ff5326b208d26b432bff9befeab3091da651c5c99638cf711,2fef0e20b80f0ed7513de6100323dd9dc3e71d431a14bb6cadd7e0e1f974acf8,0,train,1
1476,[1476],133fb7a7baf93be96d3612a334b07a58fb728f61ccc40b963cbee894851ad751,98ed2324c93617046ff355aa674e8e3c4dd7a6c28c2dc5b3232b0da645db1c41,0,train,0
1477,[1477],8b1817a1c9b062c0b3ac7b84e53fdace2340ccf03df326ff668f0f997869b4bd,40bd3093521f5ac61433fa5f74bbc9474770303fc0f2cce8a88c735004e06faa,0,test,
1478,[1478],e43361631a58057f85776266f741e621c032b308b06566dc6cbaa6e323d9bbe3,02ba7ac7872b32734b45e0fcd91a68ec8ed329b72c6a34765c21535b1c2bccef,0,train,2
1479,[1479],f4c72c803e715811657eeea0d0e3d40512fab33ac58ea3c9953ffa2f818e6730,eeaaeeda41754a9942039a3179b9cf9bb0a4bd16c91daaf495371eb461ec3c1c,0,train,2
1480,[1480],9b4af5de346f3029e46eb15880c020fc648cbd38c81df6f87afe600832713426,308f16ff82a084088b4c1d78d223c0b5f6b00158c11536afff25382eb2dbbcb1,0,validation,
1481,[1481],e62297b06304c9ee5f0dd741ce8e332f87045399da929b6039f3addc119843de,2d4c82cda224991e1fe4fba745ecec6aea3a2220cb0761b4e25eeec3581707ad,0,train,3
1482,[1482],e64b577dfa10574f497f753eea938c9d1a5e9a7df81fa589e6bd30791e233cbc,a2749951cdaca0e2e21b500d131a30aa9884492b1c933a04e299ce4a9782a6ac,0,train,2
1484,"[1484, 2799]",d3463f041cd9d868322bfc023b1e9e365b262ef66d9b1ae22509f3893e09e569,5c9b2a2437de5fb0237fe9a12a02ddd8e26eda05866ac535d708e2ca60405db6,0,train,2
1486,[1486],a78cb87c4712218cda7f8be979bb2c71ed28a19cd8d90786dc2b8edcdf850abf,974fa4f05eb5f3b19de6622a4613865abe675818dfb47ed10acb21fb49c211ea,0,train,2
1487,[1487],a1186ed5cba66f6a493351f20fb19001f3ba3ec0523673817be38a3345ba77ba,ee17fa820bd7eb8aa5b737c44c9cb42a338c3933a2391ff7b9cbf9278cfc2180,0,train,2
1488,[1488],e4a9911dc97110acb26bd8b47e070bd2b82a82543160a60145f7cbc87f30b6eb,eaac31ec707de89a81a7334194321683b6c0f09e3db800c5467595f5b1d95954,0,validation,
1489,[1489],a8cdc2aa8a702dbe07031c444366398ebb215e9dfbf129e3751664532c6d3b66,cc3c88d1ed67cd61523750713bea3cf43331baa609239dc5231a75068c1ba4bc,0,validation,
1490,[1490],ee398b2d46b8d37cf4c82299714d08b8cde9c7f4432920a55603d68173f36eae,74e6ec8167ad0f4ba13cbe7d47af55d289b6eef6d359fdec88c678ee730ef3aa,0,train,3
1491,[1491],212b0a04717ba5edb5c80d890fc843f703d8ecfbcad23de26419f2bf9717dcfa,412d7eae41a4caa4a200a8ada51adcbd87c3db10172e5bbb3fd497408efd0d2c,0,train,1
1492,[1492],03fe75b6468f7b7c93b64bfac90724578663d88d0d2b5600c3b7313d5a200cf0,c065aa7743f725e4bc4a1f6c692e08d778c87b025192c70a1eb9bec3653b53d1,1,test,
1493,[1493],f4d3bb229744db24bed1c6da014d314bf51ee4b171872a0356fc52005710b853,b5737a71bffce2764aa9f9cb8f49de9695b85e48a79cd612b296c3fb5199f4b2,0,validation,
1494,[1494],b8b2a7a93f0038c0b50e64f1b1c6bd3fba91655b273b23e8eb2881818ed18d7f,e5cc4a382e6ef2df41529830e78dc7a41fb5608057d2c4d0d7e1dbd1f8659d50,0,test,
1495,[1495],8a1ed7b2479b89870200be6b50c71510017ead1c969ed896ff67e4ea2ff9e257,f32592793f65a40fd860f8039d13581ff8d61dd1c39a4a699f1d7ddefcc963ff,0,train,3
1496,[1496],d7993fef71d08565e8f88e817ae990a8b0c81294adbc69b1829f3a1655c81530,eec8083b5b508cb74a2725f1122658800cb7fe34cf1cdab641d5472b1d8830b5,0,test,
1497,[1497],6ae5f00930d8b6592379a777b091041e6c06b9ecd80be8306e912e5914e64fff,854e75586a868201831fbb716472d4ad8d2417940d552882d072ab17efec1b7e,0,train,2
1498,[1498],485c4368454f493b36d4eea2f25a0f1abe5ad3129db1168e046f543234c053d4,85156b9e13c29098526ac0a37a55405108403e821a0de42ff08a96f2315b4771,0,train,1
1499,[1499],0d7bca80ce46816e596935cf59de4b91d9b14db475a55864e9e4586ce0b6f795,e06a488aaefee8a62ca4831e5ca51a9121e7a8d647b3d5a38aa577f7ab3724cc,0,test,
1500,[1500],0a0e809a60f7e97eda04ea03cf7971c752c74f57d0b89a19383a43df9fb0b997,ebb03ebad042768b00e213185c479dcdb949dc3255a32e5cb93256ab8a6a65c5,1,test,
1501,[1501],c697b7b45a1e9fd61aa3f4a95458b53e3a16fbdcc9880942a84ceab8dc4142dc,9e1bf09d1aa508c52464e3f7cb762e4f34944db473a2b69bd0f09a4f57ee52d5,0,validation,
1502,"[1502, 2992]",928a9b4c9d385b2fd4a9310a81ab5ea5cf61b51e05bf28f9683387fa85b05b60,7fcdded0db38797b14fde4dd5ee3b4f0eb9dc205123153ea8aea16dc1d43db11,1,train,4
1503,"[1503, 4699]",c939b6e3d94c2a9e941f96915a0c09c09f275513e5868b996aa9c45455feaf31,75b939bdf7983bd0b2fdfd1444202291e34add910f0f21e08613b4fb1368fac8,0,train,1
1504,[1504],cc2492454545012c0ddccc3efdfc54bd5711033da81f16564be4155cef494d90,df2892287e527b4909a93b671e8f618c6f7b2a3df0f6c6a9ba9b5228589cb530,0,validation,
1505,[1505],f970c844bddd6b1168d83f249d0fb9e5446c06a3eec672d5b8375e57b0ad4056,d1943cfbd3737e0f285a073cb07b89a7ff96fd1267c839c5a5963b3aba4b5a04,0,train,3
1506,[1506],715369432479da5cf20c6bed38d25d3898573f883bc5653b6f57c0fcc5e30958,d01d805dbd64ce8507fe93f1fac619c035e3448faf3bd4339ab687ae3da47474,0,train,3
1507,[1507],d64c6933e60236961ed9c1ef6861901241bf5fdf70d7666dc12a2bd8928f3cb0,675ee5beceb305dcbfdbe3c52408bfcc9b66697dd5dd323e170fab6134d206ae,1,train,0
1509,[1509],a0db9b7ee4289f1cd63426127e460f7b779af040266854c760cadb39ff58a7fc,23f0ee3f0fadbe4560b4007971cac46648114e3d6e634107c70ebc2cfef73ccb,0,validation,
1510,[1510],d9020b37b45782762615de94745a4b165343d780ac275dd4a98d663de87bce43,f3e733f4288115517eaa3869495820ea7e5b8f6204b4c8584464ea5df314d4fe,0,test,
1511,[1511],c5bfd702d2f42f6896faa793941b02e61fe825174c279822c236eaa2ef0de1e0,51499c03ed20891942f7398fcc10e5e7e80501ca6e8b7d4c6aab31dd6938e98f,0,train,1
1512,[1512],781afe20018639aaecb70115cd7e2af21f7ceff3dbccefc36d360d095804161d,7b4bc7931dd8ab458d25a896e47df349239b3ee07c7fb32ce2b6bc15c08653e5,0,test,
1513,[1513],bed135fe688de11ca6fdabd805e02c0c6cae251f73dfcb9fff0179174a1f70e7,0e8d809b87cc1d35268fda193ff538bcc06709f2e1067cfc0f9e6913b19a363d,0,validation,
1514,[1514],c9317ee8e20f63145ae4ec6f36aaa6276c0142f4b27ee24ac84b6bdf2e6da483,be289ae6629a6528484546954dd6aea15eb10f0d5c95bafb3612edd05be370f6,0,test,
1515,[1515],c13cc2e1b15b744f4e0c44878259c5931a0e46bf59f621f3268b2bca3a2de6b7,f7d526f8abcd0230551957bbc7b25e953fb61e6f3e3174f073f4683128dc9a2a,0,validation,
1516,[1516],a192f8441b32b3bea9ce44de58b865fcfed4c4aa3074048df962ca818b30b6d0,a68e62c429afb6b0a3d6670c226c70668619cc2b13bab9ccfe8bbd4768a1d7d5,0,test,
1517,[1517],6a87aded1bd4db90a8df59ed2bddd7a26c5a4c3ea7bbc121f6aa01bf71cd575c,5fd8b74caacc077d53a5fa62618674e16042848ca885c36a5fd59896df075649,0,train,2
1518,[1518],0a52957856b4107e70526b2ad93effc653286770080d060d3eaa388803314ec6,be4b78c21e276041b1ead29631c5cbcc9f855c36623ffa8a849aca7b19d56b48,1,train,1
1519,[1519],894640317742b86f813470f5a3317aa6debd8d97268e91dc99bfbd88b62b980c,077292629574bc387c2d937a9247e12ae20f7d7608b7f032b30442c2bedf9004,0,train,4
1520,[1520],f39080f7faa9471045fcfe73bdc4f4892ac016b996cddd82bd1ec877ad6696e6,d4db9506d5f1a56d67bdf71573d36c8ed3dd44ea3545f3107a2c31e340fde1f6,0,train,3
1521,[1521],510de3a971d9f04d3e611dff0142403f3e58dcdf73827ec58e79d8d23559478e,680f2916cc5571b959f99e0ddd16f3532fd4623ce6b4269d6b9932e8e021f867,1,test,
1522,[1522],b7342b755eb0c897de896d9e5647b81d7292c33f608de591a978212f30af2a5e,2c193eb6324a585283a279958a74ae3d51bce25a8296bd7f03e8903541a0c178,0,train,3
1523,[1523],ae29a58412d976142fc44deabcc7abca4280709f42a55d8583393f577dfef070,9fbb67f909814c0d84b533461ea0b939c138b8f680622f40040e2bab5c45979b,0,validation,
1524,[1524],284e62422807b1caac0ea12124133406f91f7ae2a788e48ce7c253cac975c438,2ca93321860a697c0c3b25453de9aa7b93f02ae9f5d2c182d1b4b617bcdcbffd,0,test,
1525,[1525],e19df19a94d48c6dfa6735b820b58e44cc58e5074d1707185af81200714ee12b,f2038a591d87f020cbd52c9f3033e1c1309c48726c807582a4292c4337ea50e7,0,train,1
1526,[1526],f0147fa426431c3a2ec5bda78b483c7825b78004f7ae71bfbd97755082cd7956,7ac6dfa928b491143b0f3fb9bc0918d6d0bd478ddb036391e2a2d2b89a096715,0,train,3
1527,[1527],b83f61339ef4b88fb8bf360670d6ade2c0e065026aa9cdae755238ebc1c594d7,dc4731df99274fb5eb70615b888b15eb4b4388bbd0d6c79ed1b655a5d61d0a2b,0,validation,
1528,[1528],67905461aee10865ed1be3823b3da5e272e10d925f9b0a8c0188601f2b0c9dae,e656e945b8c96f1bc849890d0a6a44a6953087076dae8cc6f8963fff28e25661,0,validation,
1529,[1529],b567695cc67b63b40fa95782fbd33718267c3c7b5b81647df75f1c40c6df3143,6f1b41ac87c5c983f3c1fe3256032223391f016c9f563a278478979d89660e26,0,test,
1530,[1530],5dc9896027d78c08dcd0bb0c5db2728f33a568ca1475ba29d06262f46fc44d70,4d3ebef6f5ead3d9e89408055279447fa9c5ea9793f570a140f98c72a6601f69,0,validation,
1531,[1531],5491a2a26c82f34ecdbf2bd3f8efb02885102405b2a2bb5cadbe9f65009e6c79,b544bc17744cda3fa7d21b8b887aaaa8b11d834522e21858acae29b296d5e2aa,0,validation,
1532,[1532],a194ead631512d569512adcadcdb6df4c8dcf3c88ef5c20f22d1ef1d9e019e91,671494e858ae40f20eb6a6eeeb10c0b151effd0a8d454d1be1053c92cd3f4ed6,0,train,2
1533,[1533],7eeada96b75f727c56cc848178dbdd00d8f9c94929036cf048e21761ef31b5d1,18245c075b31a9867f8f12606fa414ffdea35e271764f1a36271e732ec8502f9,0,validation,
1534,[1534],2e0d033707895096f23b9e7a5b805dff3d2190da5df461d89aa288cb0958cbc4,4fb18c55202a596c72facfaf076d2b4105729088f551ab499967d7d2fa67a387,0,train,0
1535,[1535],89c2611b9d4c712e69cc5ccec9af26bf56caf7a81aa83fda38cfc53a9fbcbe99,e4b18b5533a39595d6db70333cbde131e09aa79f29486bfba372fc386c4c955c,0,train,4
1536,"[1536, 3675]",1d985fbc4a79f6c5ac51844b116ec15733b287f34b47f8e006a9e5caabfd68b4,b93d76be4c1369a9a9cc0daf2f1853f2a871000b39b8b8bdf0943ab309d2df7b,1,train,2
1537,[1537],c754aa04050590b9451e216126c4743567322a835356c4efa443d36b229636c5,012f0bdaa08591b4fbb38cdd64b16b2701e7ea7930f575af86d9c2c25b92cb7f,0,train,2
1538,[1538],4f5a7898de98c75572f091352f9da3ad1c41e819aa1c5dd7249de0cbd7fbc39e,2268b615399e6cde8da323d5bd26263f3e8c1d6c2888b06073bba4b00ac9abb4,0,test,
1539,[1539],168ef41fc08c78321132bda08507a0b282621ab5450d46c5c9a7a7920f57226a,76253bfa7b9913dedb3d9c43b7f669e08a795ebcedd82194951654b0abc66f80,0,test,
1540,[1540],d6a7dd20e12f0e24fe3a2a6024ab487b75fa15acb5787bcdda31c582cffbb0d8,76b6c7e01046bba35223f908bb53c4e8de6ca31e58587bf6a636823520ed2ad6,0,train,0
1541,[1541],a3d7544a0f4aa4bcc885443ea88ab999f626996ee0b9510a7144149d95c13d9a,30e3c7112d62878da7535694446a21cec26db79d3f39342a18ba30bc756c2100,0,train,3
1542,"[1542, 5376]",145c3e3c84be323bdf7f31d32f49ccd25d795a596896b0995d866c9932181e26,64a1639e97d885855b00307e21c34374447d758f1899b9808ea2e8ca63283346,0,validation,
1543,[1543],94bf1efe551549dea7d3687ba6a4f08d5539abcf3394c2af870d3ad2ff8701ad,15dc85867fc125d539714bcbcf42ed61116e2337eedacfb84fb3e256b7581027,0,test,
1544,[1544],f1606090dd4e7d47639493a1ad9f7bc732a55bd798f4ed9a3cbe1fec4d7b46f2,b5c84b9672267c4aa3ef4e66cdcb0f469f41cbaea0b427574e0a7a92f062ca8d,1,train,3
1545,[1545],0c54fd075c74fa5df835f57ed06e4aded493190e6dedbba9b7c1ce56ede6e606,f2b606d49f3a5825702bf668db5965e2adc8a50e2daac8d7f122f7767099a9ea,0,train,3
1546,[1546],679b6e6acbf8b71d4bc68b52daa341cf93794c121161496fdfe6d721129e8c50,d3a43870c81c0149dd8e6bed714f4043b275f7ce746753d4b8f75845bf604b85,0,test,
1547,[1547],a58a8bf6c4bba3a59bec3975dd32195e5878c2c7a9005417f325f75e5940e1ee,c5240a181a1fd837927db075bd6049566965ee967ac934ca1125f8c31958367d,0,train,1
1548,[1548],235d36b24f6560b39828d5eba656e7e00507b9fa2f0426ba3bab8c2bf75e2c64,d16a66bd738eec652f03ec446333e9cd48e2461e2e570e52f752555e537d9a3f,0,validation,
1549,[1549],1d1259116b1d9599a54384f2fa8b76045d0abe656d014965a410bb01f14fae9c,1dd7828fdc525304ad3aa6d40034f7e514078886a09423e6016ba6978b2f6045,0,train,3
1550,[1550],3b9c75aa3326f9d9fe5a8271e31cdd66489f3a68b6fa164146e74ed2e4201c1d,bd750d734d813a3a02ee8f6b91687989072b6c0283d698349645ea2589c9d4b0,0,train,1
1551,"[1551, 2866]",4c12a71ec7cd9c97735203c8df53b07fb237830a65d1635f85c68d1aeaab3c6c,07f3fe9785aeafe05deb0472db8df7810c18a08e1b6f033574675352b04cd6ec,0,train,3
1552,[1552],0d68ce537164ca901675cf7195ded9cbcd5be7a707dae61d4fca23d89c376321,7771c2ca79fffb10a6361a61b78a0ec1602ec4c815b99c59d537e01b549990e1,0,validation,
1553,[1553],2487c3fcda7a7ac436df7ba554ed1f792f9d36703bfbdd24a1bcde0d67efd5c2,c8d5fc63841809f439e06a6b59f4fa2149f055690a2f639c1615cd3004086851,0,train,3
1554,[1554],77b697a171d5968386b07b461d16f2657306f63b0c95c5df08cd1ce9ad28a699,4834ef58efb9e3646f25a3d2ae2ab64fe71ba4198984684e0e4cf47ee41ebbed,0,train,3
1555,[1555],c277178c1b0421d543082f9ac271633ecd2b37cb86108dda681a6dfa726f9a35,2be5d6e3fbe79ad5147eff404bb2517a2c6cd585b2559a4f767b35ba920ced42,0,test,
1556,[1556],22c041a5e44e2d11adf82ebfa41d88fd363179b4c04ec33bcfbe1dfdf1b69953,319039beb1caeca12dc26ccaf62b93c9f21b39f5a6a3f65ff93323222a417aa1,0,validation,
1557,[1557],b8f349ffda05aa349ce084b3518c28239c319524c403d8342951dd6837244486,335be3987074ec9b7aa5649366696cd4bf3e91041b5709f5ddff4c8c16fc5539,0,train,0
1558,"[1558, 3787]",64858d0bb3c316b277015290253d3e081d1d1e06736977e31f2cbddb20afe3b6,90c7c15d3cc1e8ad42771f3957eeac4a75d93296a68e6282d96563baea7fa743,0,train,1
1559,[1559],f1fe5af5f7a1f2ecd10484d8adeda4d9f9c5f85c5c3f3218236940d4abbce00c,522b6d1e1c50d4d261f9a77aa21b13ad3be23c9522d397168f4ec2116e7a0c34,0,train,0
1560,"[1560, 3549]",35473009f187eb5502c28b502c7822ff36f0c7348f48b2b8f7d32238dc24eb7b,cc4d82e38c84fbb3d8b78592133a51f302a9a9a0b22cf5d1c5b783526b99fe59,0,test,
1561,[1561],ec247cc11c7a3c544e15ff46fc148cfe60447942ad1759c3dd869d5a2e0bb7ca,0365b580246556b0d9f27231bc89136f3c8752d1f4907ac951874cb8223e2af1,0,train,0
1562,[1562],4d6210d9908bdbeeb187d4dd25a5ff54d3b973a22d48c060a81bec0817d6b424,391c7fb3105116ea9ea1317c0e759e3804713a726ead7d97401fcd09879d8d9c,0,validation,
1563,[1563],215659e643411088af0382b9c18414445b0ed2e7e9fee33d689b0a4c2eebfb2a,da6046580e5b52e9839bb79a252e9d41de2ab13c632e8819bc3dfc324f1c524a,0,validation,
1564,[1564],eaa671bf412a74327c9f249d31f14511ac01e82a84890b662a79453fad4763d0,dcf6b44edbd005b981db52f03bf22cb7925d596a656a239f14ce013f31451816,0,test,
1565,[1565],f0af0bc77fd9b28ccf6daea6a372b3ef29eb1f9300f1d1268a15e7921ec3866b,d1b9a9234f32af36a6cda869542f9cc8436e821a22c9c60afc7e1a4090b12907,0,validation,
1566,[1566],f8dbb4ba4c6b16392b6865ce3d8fb750023f437bb65d38ff826ba3f6795b8d91,a9735518709c2066ae9b115af3e3124eac98304aaa9be170fc1e200bf1ccaaa4,0,train,1
1567,"[1567, 4259, 5218]",7f019249400864e067feee4cd86ba01dc875489cfb3bfd40408236edd797de7d,2a6f867860df969a0d0967dfb12ec71f9ca5f11a70038cc136fa15376db41280,0,train,1
1568,[1568],991e3bfbde6c7bfa9ed41d2c369460d99e00578ef4a3d41f74f7290aee1b145a,ad219efd91ef4c5bab2ef26cc4b3fff99348d28824ec167dc1ca0270d7ed82a4,0,validation,
1570,[1570],5afa23d501ed875a52b3a143d01fe5f924987950e8279fd75cb583a08b7e93a7,79b6a88b286c04c108abe2c3cfcc4fdcf27d487ad7046a9c4d47349907cc5dbd,0,test,
1571,"[1571, 3486]",f5f99405da18e5714015fa4986cd923a9843cbc4f38a07ff0b0fc096733b1c71,763f709d5a7819b9f2d9ab3ee33b69e26052c306b92d5b1cb7a807e6835afd69,0,test,
1572,[1572],4bebf8526f75fa71ee8b0a1c477c2a7595da7557f266318afc839504fff5aa42,7b86a5a95ce9357c57bbaed6a247bd78114db4b6d2e441ce4cd75317f630b16c,0,train,4
1573,[1573],8902d37110a0abf4d56c2bc75d2a4a7f772e7eab3eebb137ff22dbc0b8a0c0a0,e6513100b8687c9873a96a8e0e8e0d0ce436baca56c73e1a575e021a97c2a787,1,train,0
1574,[1574],18cb2b51e77805ebe57a4c1c5d6668df5e01a9a9be172e3c6c90b35f42ffe741,1d354e483afa074ee0e3d6a09c75648af7e353a34c3036c321bb0d5591ab23d4,1,train,4
1575,[1575],b5ba7da725bba0fb26dd086fd5a4bad3df418052ba77da3258e26b5cfad31bcd,bcf3cd358e24d0d28e841f3f0b811437eabab6937a690241e885374210976fc9,0,train,4
1576,[1576],af785a3d9edb696781940db94257a425d759d5c6e0d3590ff4f0285110112283,482b5268648e744cd581e075a7bba79e2c074115afa7a4d2aeb98591709ff2bd,0,train,0
1577,[1577],d37848570df00b1e19b7826729726588aad045ceb26840ffc1de71d7ad602404,55bebee6a8e1e2229caad78095099238f96dc1ec2e83c2b6b0e6e212a7be2d47,0,train,3
1578,[1578],8c652051749b75e797ebc647e73b60b72a035fc3f6c29b6ff614d94df65e6b26,fb113d75c6500f852b197dd3a8b312073274f814334a5568cc0e0e0618bb4205,0,train,3
1579,[1579],9a47120b620a39bec396dae3f690411937e0902af772666c90a0ffd1ff1059a4,acd2ce506bed15eac78f6894429889808cfb35d03d78f85e09104eb676da8151,0,test,
1580,[1580],ac90d024af7f35b018be472af2d7a203ffa3922a577f6e3f9bc56b1d138b315e,b89de3fe27f064946cbb1639f9b0b3813378cf3f3372f638b087c35498c70d61,0,train,4
1581,[1581],fcce3911db13c90e69ef8bc7fd873ab5a62125e26e80cc5534fc4116adc36fad,bec35f1369dd835a345ab6e090165a87adade099e2495d61fb74e9bb6275a438,0,validation,
1582,[1582],66b6d1705b40ba7e4dac186fc168646bfa9bdd0d7c0577e7c114c4c3ec7934ec,88eefad591b1e95f7ca754ac7a5b1e2f7afe9cfcff0d7b04b6dc93a4a634a904,0,train,2
1583,[1583],d0f71df1331b9d9cecfab0669639ffa5f85edd97e6ef805df82d72fda318cdfe,aa66ad17c5cce6276816cf4cf9e3b54c195d80a43f6b86db301b2aa3f6cb6b6e,0,validation,
1584,[1584],83c84e23ef12fa97d2a1a360125018d707946d4d6f8632d20d0db5ec943c3c6f,f3bb501b6ebfa488969e170ec2022fa47d35830d9e90c8cc0b1bf6ed521d6296,0,validation,
1586,[1586],2515cecf81b3fbb49893a1bb84ce5f619f2a054008167a4ef9d3089191d32e9a,1e5d699042cf9b05c8ba2eb9dc8e579d9843c43ba0004261d82947dd8ff381b2,0,validation,
1587,[1587],2a8eadde9db6d0f7efbcff86fe0f93e0f0786c38f097f94893b36814e27f106f,2186631a02ab3a00629c309f2ca8dbe726eeac86d34348a640a85ec8cbe7e1c0,0,train,0
1588,"[1588, 1785]",38de2b7428b518bd828e25aab743c83531adf1a15dd164d42731f4c13e982968,99409fbc41902f8fa79892b1d661fb30224162a5d5f46c4420be1e9b17019ef2,0,train,0
1589,[1589],299037af4f59431b55c1d894ff0c5006de4ede9556fe18d40856bb1b9a091861,5482830b28743d4098d128d2f7a5730afb8938ffb83246cd60c4cc71a1516bd6,0,train,2
1590,[1590],cb954a7d7f665b5ec37105800c4a72b4ee7c43aee2b5e41e52898ece3f32b4ae,06233fcb1be55ca25659e25795a368eefe8b3a9e14bc4a5ebb1825f2b5cba39b,0,validation,
1591,[1591],e9eacb56aba4cf85b481d0757963299a9637bf459ab78f0d8d52adbf8d23af73,a231d820848defd4a65dcae6ac69f6999895b0f30aff0445a9b6c27fbd663313,0,train,3
1592,[1592],cf1ad37175afc389d85e64975a57c9045c56d025a6f8c802f5a71951cfc7b3e5,49fb7687032bd66a24b920c544fcc856c177dcfa982756f09c71d50c405ca30f,0,test,
1593,[1593],67a2ad2787ffd34aed6a86daaa77090992b984ef318d9af6ad03c4dd8550ba8d,4628c90b36e9f08625fb3886f5610ec0a2a02494ef436102eca9c8335ca7cf6b,0,train,4
1594,[1594],09ac4840fc100e588739924b70ff790ced42d1a7f301ddeaa8b4553a5415a615,210ac2b4bbaffca24b246cda52e59bde2aa903fe32e884f6bee8670555220c4f,1,test,
1595,"[1595, 4537]",cd72c83237f05371c2af2b83bc1ee51cdb93618e56885ce7243ed64607616220,7d97ddc020ea9f5178ed33fe08884bc2480314f9f4e6f0fc92f697800e3f6044,0,train,0
1596,[1596],48bfdb0569ca094293ede9d4f8d6fd6513b73c8b5a6839d8e0c8361300b2a14b,24053a3c2d9033795f52d1e4a266d0fa401bed55c844e757903f499bf605122d,0,train,0
1597,[1597],367014d35b41d4e60a57febd18b1eecdc069c661dea076a2144bc82550441b7b,304886fd87466115f40646040a8a5303a21b5b1db4a01539062f267b07d3b380,1,train,2
1598,"[1598, 4759]",7611c0ee91d082cca38e51fd048bb3dbb4d87ff141c96248b5c1d43c195a8947,0a67a37678c3e85332e7fb6de2c61863c160309bca8c7ea4500e11c3d51facab,1,test,
1599,[1599],f75cce5697569d5583f4b1360b7972024c09418102b29786d08b0c22ea736008,d956e5eb8f369d633b1998c44293bcc3d1e00a563657b09e98f301ba9e282e56,0,train,4
1600,[1600],cdff426eadaa78ec0769889b2bacaee701c8d55922b6c3bf2957a85e61053b63,6f81bc30827cef9a10af59ee875c97fbbc3a2b44f15f0e7b3d067fa2d2af7ad4,0,test,
1601,[1601],0993815e83826b501975cc781c6e49df21b87d513519288d2cd56043bfdc4e86,2aa6b266ec701c21e0cb23b06e6d7e7ebe5e0ce37b8d174b72f24128493f5a99,0,validation,
1602,[1602],1e434a00f66e3a9ffdc5d629be53201b26aed4bcf16d6742dce1609fbe2cc8b3,214bfa66808055cb9aa563f53e6d52a8f1565d386de41fa35cef7e73ee799e5d,0,test,
1603,[1603],6c36815eb3b769836066520d6b2cfd8c754313e1c447beca713bf701f955d662,a719b68d2373ede8bd2863d53d74b299a2429bc50433a099a68976593b9f4b3a,0,train,3
1604,[1604],41a68862871bb47c4e14ff23f369e2a8c7aaed00d7f919da09db5b97b5fcfab3,a48848406436984883e3e40cec233aad7207e5ac90a7fc897b170e8d9a8cb7a4,0,train,0
1605,"[1605, 4076]",6b669c0141b2de957b1fa686495437928ff5ad464cbd452778a716571fe82c7d,b21fc95b8b4e2195690f676cff535e9160e293a4541519416e3988283f556c1a,0,train,4
1606,[1606],9dd8863e25a8143d8e363839b19b930690f585998f5db423595d57bea70da6ed,d4f24c097f7f6ba239916c682e688c8812fd54491f5fdac59c5ad12ce79a46f1,0,test,
1607,[1607],63651f398778ce3e36ada06110582e4048ed68798f667c628ee800a016029cd0,b2999d0064ee9ccbb04f7047623158bd8c0d097dd049fdd688d473da95be603b,0,train,3
1608,[1608],8f466478b2b11cf442480337f584d5ed9839946043fe863a302a03d8dc526123,5cbeadff09f079014989373980494e1f9ed5d2db0d6251c2a3524c29142be417,0,train,2
1609,[1609],5adc2a814631346d7903168948743ba5e6fb58470710ca6032f52680125a7b8a,94966476f7ccfa2776e9bead26c38e1f99d2f8c277a5b958d9ed1ca68b1cb916,0,train,1
1610,[1610],74bdc06f42e3c714070d149f96d5fea78c50cba6353990c35339b7331afc8322,7a2d82f0cc7336f8c952cf6ae967509dd81b464c2e6df8073d79934cbb44f9fe,0,validation,
1611,[1611],53f3b55d3a4b59740e9181beddf75b6d8806901af2a2cc61c5af3e00eedbe5d8,c3b2a085febc60a5cd36c9e488bceef8df329ad205c1ea5dcb131c8823c12394,0,train,4
1612,[1612],d0a7492161635391d7f60ecec1a487a335251e5e814d9c5206e9d55dd8bfcbf5,3c2308b1bc64683e5aed4111841da5bc3b3295b01a852f1dc4e68510f79dd37f,0,train,0
1613,[1613],d4b60d7c47da703b17d2edbe733dd7e3a6096ba662848946f1b1c4ee159e0a66,ec2ccc6cc1b32b4fc408a8fd8891d42904f6fefa0171140a372ac4e45c828972,1,train,2
1614,[1614],6996b41fa1e8a93657692b9961577d9fcc981cbb7d168ce13f64a76caf168902,639cca9d9cdc35c9b8886c63723c4e69fcfc82e462133d1af990d393c3fa6ff2,0,train,3
1615,[1615],0ad60ad6138d15b2407d7aec940e57618ed5a4f5641857857f962a2d99e9e2c3,f016732e432fd4a4ab76bd16ddd8cbff49b157903e792dc2eb681c5ecf6208af,0,validation,
1616,[1616],70ad6ef3b251666a7d64e7597f96b62b244960b7c77579c83a0e0dc00fc0a18e,177e1a317ecad853a9ecdf23e95ecf04a1641a9284ec4d43978c42d466a20903,0,train,4
1617,[1617],9d2ecc1355e33ce60395038f249788c07fe61fef86b4f80778842d0ce3d2bad8,9dfdf72962e02364b4434e74a4a0721fa9716d50c6f79a438e357a08447f768c,0,train,3
1618,[1618],16594e033e92144c6454bf4ab12ac46d7b8719ce64484383101ca26c900564a2,ec3598ba40dacd2a04d4d7382b47578bb245fd19cfc29f17d3fcceb6bd8d5bb6,0,train,3
1619,[1619],b5f7c926dd15f41809168c63d6318eec8ad02691a69d1c93fbbf2594cbddaafe,1ab22f7673bd2e5dafd836cdb05320cc132f6516e8f4bd421eb4cfe72ef6acdd,0,train,4
1620,[1620],37a20b9113def2f4cadb53c70b1097e7204c7763c622f9e7b6899723b25c51a6,304c716ae75df73135764ede9311cbe25778cbf619cb1c28bfafc1c242d429da,0,test,
1621,[1621],1d7894c50d2b9454863f49eb6835b3df3019f167268ebed01a3884652ef45cca,ba73355d6d5e4180892560b8950485aaae6e53b065dc384f8113eac07b4e53fb,0,train,1
1622,[1622],44d7c3568be384fc71f9b2f4a0df50ecc3c333129e1a7078df51cd766c39862a,fad39c549bd661d1fa1a4f86e15a4876005b32ca324930addfcf54254422354d,0,train,4
1623,"[1623, 4104]",94621a317b711c5b05b989122f1ba95b911488e166c17b2bc1c080bb21f27345,2e605b801801c280e381da1987682556498b29b3615db65e39352b44d68789a0,1,train,1
1624,[1624],b3c56f0fe377227d9062570aeffdcca5cebd0122d2e43d4cd83aa1b4b2214d18,cb0932e968d4d11c0f71ac1055d93d11153ccd59bb4a44ef8da8e08b2ae4d86f,0,validation,
1625,[1625],8d0b201fe9d17c16afa7b49edc62086cec581576a4590bad16954da280e407d1,76c39465a9a2e392c383279df19b4374021876be8441d1e599f6b594a3dfcbf1,1,train,1
1626,"[1626, 4923]",09cbd759ff314cb7255a006ca20d790e164996351d2d21b03ae1d41cdc2db0ec,1e1f053dd9ff27d59cf577c344af0e8fa3b345358e9e495fa96bf3b71b41114a,0,train,1
1627,[1627],577eac65a5fea25a9a696a053fbbb586bc68cb7bf8f1bed2796b9b1500d4d30f,a5219b8be6516045999d90bd5ee83108cade6453e5bf287009747eedb8232ca2,0,test,
1628,[1628],50252e551e541973bd8ced7ae8e81463ee5ebc41badb884cb52ccabb72f57c72,143d1db198e600cbbc64dfe94ec92ec09441846f50e2a5e978b7a76825b4b302,1,test,
1629,[1629],7c80596d809e2bb2800d8b0a54cdb39b417c352d152d325e836d64ac3fe0ed58,2f54e7892bfd5640933b4b45fcf7e8b87b0ccd3c3439d904024c422dd00d5554,0,validation,
1630,[1630],e9ba61d8048a22dc43971c8097b99ba99445fb164a31de7e81c568c9663d408a,2febecccef442dae89b7cc84dc34d0d4069a7ba13935cdd950062b41936aaff6,0,train,2
1631,[1631],2367aa4f2892380b007e82a79e465059cf73709c6a1679a8eff4ae4e16972890,90d017b7a20753c70a4661def9e35379fc16e65cb87ec303edfeadb85484541b,0,train,1
1632,[1632],d4c726101bd48c1fc6a16d1d7b6148df3c4b9510bcd8384c1adff52e704cb205,fbd8c5def70ff8c5f1768e68f0357b105c2607aead5717b1f20e47e78bd7b849,0,train,3
1633,[1633],0782a0279cd1a6322155e8dd995d70732dc7ce26a7f782be6f62dd20b731f400,5d0b0c34db2a72760909b4b6b6820daf154cc7f221a0869e8e2c1c8e7ed0a566,0,test,
1634,[1634],87f7ab875c50b1e348d76fb2ba56405feed70d4baa8895313f6e1007a9a8acbc,b79a126a077299e2cea78cc1546e6549fa50ee5563bc51979d05431d484dc03b,0,train,4
1635,[1635],2dc9afc8a42baa759124d801ca565620afd0421d178e4d77c099e2fd18f503bf,8ca01d2b416146ce3399b34df45d2dd34cda76ec082fd9377da8eb6dfb5cc131,1,validation,
1636,[1636],7225a815b0bf3ca1a4b4c08cdddaa4ab28b22b8a6909ed6742140c969bd77443,00af234257a8c01389f276ce4b7d64dfa0a176bab3c8811fce424ed64d832988,0,train,4
1637,[1637],3a9bb04bfb7dbe35fb33b7e84a821aa86bf2e1cf5dd78645122916408ff9e1a2,efb53365e2b9004681b46ea6674cbaa38132092a9e462d3665a90e333474313c,0,validation,
1638,[1638],add5ad2fdb05602a14f85fca3b16489be5e539a6d4af587d457018f65e4a275f,8242cccca1c0ed0a3eca784aa897d07c7b2d98dd65e488e5afa4f4e047fef8e7,1,test,
1639,[1639],85467d179f3551d30f1a207f8689eb1f2c39b48d612e5a025140a29003e7f2c7,5bc10762347d072dacc79e959904ad9a9f4712fd81fa79818b71c39ba4e6065c,0,train,1
1640,[1640],b7191d037e34b36b579225726f1e10073508b2f127d8eb56ee6c5f7774788c6d,8d43b60c045a87a4f01db510b97a13b4c90d5c858110c1356618223e7456d1f5,1,train,1
1641,[1641],6d16a1165c06b8174a0157c95b240925006ce02ff5e2fdb1f4f8b0f1294a19c4,8b80f662c0880823e9bb7d2fe2e0b12cf02faf7ef85ee4c0c50247661a14954e,0,test,
1642,[1642],80b59787d1053155deab0ad706588eeee389b68003c022cc3e021a96ed009ba0,2a19d37b89f69a992d9378c2022fe67000abffe4873cc216fab5439737836419,0,train,2
1643,[1643],f10949eff2c1ca37b80d350c4cf654ff33147d1eb7385c9335c38c3213aaf44c,909766fc646fffa7ff1eee5c570d1f7bee407bba134ebcc2ea9e463e06fa6677,0,test,
1644,[1644],9f4fb66f89cadba15b13db1d4d8da1a70b6b5ce3ae629270060b7559299cf9a3,12d18ec17d36322a5c31fe4bcd42406c093900003d4f20b2996f0e246189f627,0,validation,
1645,[1645],a81184fc87527e267e085b41f93b43b87f41f15307079568396e205d66248a06,42032721e96c263dce44fc4f994ca300929c2714700d6880a8454252dbee1854,0,train,0
1646,[1646],b25f69dd452010024f54cf40057f68ecdc7d4e47c6023b04aff12a69e42d847d,70902524d705653d8ca79849651cfde779c95e4fbb983030ab9e1befa12c3642,0,train,0
1647,[1647],0bc08ed7bbd9c5bb8a038c1adfaee2de9b87d260986d4ef5e20867a2ac14ea9b,0139dd9e3c1c74f29e5b760456e6da40dbff4bd0f9814fd63239b529c2920803,0,test,
1648,[1648],1a761eb93a3b0acd9e10bee6de1b87c3b41a37cc75f8532135f391fd2401a707,c7093f60c2832fa7766788e59312c6a0e7d4e987466eecc430a9aeedbf98b2e3,0,train,1
1649,[1649],22947637f49ed28ec2aa0d069ca77b0a4442164b6dd9c5f8b7b5ea5b0d3cccce,28debdca1ace5f953b023192ef33ba22c7cc5d195cdfb2224f81ee8b16860ff6,0,test,
1650,[1650],d5931f90f915d36f14a5ea3702f958876d8cc575e87f00b9b67d8e8e142b4932,9846c330a4b392f01a439c5d97802599e9eeb96fef12f899c3638edeaab72abb,0,train,3
1651,"[1651, 3455]",b4c0ebd39056b3ddc5de2d6e5f0e9560508fd842a3200bde4dac599bad595cd1,a784a1a0a3de568605996fc9505bc3a7d9e24d322f54c59b200c342f55ecb24b,0,validation,
1652,[1652],0a176ac622cf89f44c468ba64cdeaf9bca27a16c9a5ed4113f20d09c3ed6c632,4affdda96f9462b0631c35e11e3429f94fd3f61297bcc4f001657c27aee91e70,0,train,4
1653,[1653],8bd44b47a4f7a107239c0a4c0ea3a587370be4e11c9abea3cafd7fb5201396e1,15950f8e86c0c74f16d4570372d82dc2d302d8e5344c0f1f881ade127436730b,1,train,1
1654,[1654],09ca5fb8ac7517cc52d3ddcaaccdb96c50dcb7b4450689f01f87f02a0f3976de,ef1a50e7d2d233d362e6d5ab7890946ba3f734691b8d62385a380889b301f52a,0,train,1
1656,[1656],44039d7c0af64a173ec0f0880b4454e2a439a7f5737f1c30268d033dcb0eecdf,480de9533c298b0a0a9411dc82880776e8541edbb802c84965605390f0b7d816,0,train,4
1657,[1657],66d17da052568673450d47a543f017df8b2946458ec5a6c56e39672b54105773,f0324d6389ae0d67f56166181d1d4cec695a31fe89b6bb1b9d7f32546c532a64,0,train,3
1658,[1658],b89f86fa814f297d73b7bf72beb2d966adb30a652df9d21098aa34297c5bdf80,6f8f53dd72fcceba46d12cd49e61af7dc9485b123571d223e9af56a8a7844c43,0,validation,
1659,[1659],48e49af9d01d261842b082d0fed1271be8224b0e673143d0548b79119d1788bf,85bf918de9e8b61ad6147e7505dee23168cbbe11a44bbd3c9232413d500cdaff,1,train,3
1660,[1660],0d20133c27764650099e2b944d63bc44e1f1b722768d149cfc145c62695fc28f,75ab4747546cc15baee57a61843443d842c656395e7b40cb22cc913940375ce7,0,train,0
1661,[1661],71f0a8193d2e86f7210c5f405587038a58a8a8102f6051321c8d4cbe4f311d69,f534f97a8f1233607e83222ecc44b3a1f9494505bacd046562183dcc36397a3d,0,train,2
1662,[1662],29b4cdde734d9536576c1df4c7696c84afe8dd55ed6f01de75a3c85fe62aa214,6859b5ed568b3cc2fd682c7c176589af74caf06defe8d836828faa78525bf318,0,train,1
1663,[1663],39ae251e7b2bc908f5f8fbbacb6b7b998a71134f5e8461b4658389819ee35cb3,0f9ab3ca81300cc671b107b8c84621faa39d3c9bb2b7643123937440b657a3ab,1,train,0
1664,[1664],617184982b35ff9519d4b21f39a67991ba22f698b6a792b2e2125b4b72476b3b,d23192632fe92a6c0405bf698f91d314bb0c50e7cc9a84f3b1f3dd54f5a558f7,0,train,0
1665,[1665],7d017586dffb9ba2293c7dfb059fe2e96299b74e1fe9d8c44298c9e8735a6308,a099e6073ab45ecc85d1deaad8e0b9ce877fbfb255d75d6ff03947e033e4e113,0,train,2
1666,[1666],a73ea4e64749b4f406226cf575554214e43d9b5081d61acf01d5f3b23e9ffdec,9c4684bb819aa888bab02661688429019bd7494bcb2dff87019ee10262169973,0,test,
1667,[1667],2083af90c53ee70ba499d4822f2d269c59bbc27f5b8a4a7b48eef9623830121c,0f0f600ccd18fe90497379d2cf7834d32c187eda11118511b825a014b0ec70ca,0,train,3
1668,[1668],482aaf3bfabf92805f24db87c308cbbb0b03e9adefa5dc02eda8df1578de98a0,c6bdd30871bc401c9cb189b02ddfb69a94fa6ae02a051d299eab177cdad77c88,0,train,3
1669,[1669],4364eb08c20db9f42f4b3542304c4531f0447d2e29cb135bf78e6b92dc1423fd,3d56f423fae22147d41391e3634efea69566f309861a0400a825b6b1f7e7ade2,0,train,4
1670,[1670],7f77c4168a9c800ba6b5d0dfa721a025475d7763213d707c256de8b5e65a9c75,d1052e257305cdb0ac24a02c01fc314c9d8459c84abe1d4e076bb25abe984445,0,test,
1671,[1671],f4dc13d543619b8f6a3a8741d9274a17290eb1990a677685e0a8ee78664eaff4,c22291180dc38831a37db52f89ee84bde1f6e89a503ebf39676a58f5f7f396b5,0,train,3
1672,[1672],b3f9488ea245791bc1276c30824fc04fc5c39c48638c3bb0761f680e552854dc,f881a16735d5fbc84fe139af90add440d08d2c95f1e77c4397c82f42bdfa1cf6,0,test,
1673,[1673],463d41571b166df7b821715c3c99e5c0296c745a5c6097c4216355e400771134,64f51d31d3ff5a9953cc80c4fbd19d6d3b31d835ddcc152b22dffb0008158ac6,1,validation,
1674,[1674],c0f76bc4a631360905136f84350d66c7f864d0d3f342ce30e1cc6110e13413e0,3e75f24008de3313ef14e2cb9aaf9001daa1f9361a1a49f3569a62890234f24e,1,validation,
1675,[1675],69af14d09a608232a8ea55c501c5470f559b7bef2b140c0a5f945c5d7864a77a,23f9dfe72b5c6e58914cd7af46912178e8de2bf0e29f5f02be673808adfb37f5,0,train,1
1676,[1676],299d3c35e8121c65382ba95011a6ffa8d06301571d6ce2b7460bb8dee4a61552,02187f53feb72278f01e4e230fbf5a494f7ab9a72222c606d923898358790a7d,0,train,4
1677,[1677],778050d9cb9ed032d4e8aa9ade95709b54e9fe7a6a569dae685aa3e36cb87732,a9e84677cac89aa148826312ee65587eaf29b4a936532c87e1236dd9ef6517f8,0,train,1
1678,[1678],80ffdaad3324eb14c0aaab4b51355d4394e99adf60267b9aa04560ad99d88c74,d1ce45e6987760d30617f9e8a700421809636c28abc1ba85f7352564fbf484e3,0,train,4
1679,"[1679, 4776]",5bfbbda650ba25c0e248925da9b3bd104dec5f2c6a035e78ea3ad5df54801b1a,0eaf77a2190f4b8e90c75bd9b180916c99b0e66e913b30c87f6182fe3888a62d,0,validation,
1681,[1681],35380b3b6be20b58e02661d4ba75079cb2d6035ee9e2cb842d489cd4b3cfd471,7bdd3b9b672b6612f92f6c0b488d552837ec5835e4d162b785a3c397ff459643,0,test,
1682,[1682],a90999bf10b6d6f73e88d9c6e43137e5671d170bf5432d3a2d1db0222780548f,7ba3fcf09014c513886fb1004e9d4199dc9e0865c856727c0355b1ce4aa82588,0,validation,
1683,[1683],2109f03d703345f4d8e9a10c35c4cdc17f0cec8e73e74bf3cf1ba5dff246b069,ebdf6f591ee07178c2f6dd18fee94802ee839c78f4381e80d7f67f6f74d69a5c,0,train,0
1684,[1684],45f353d500c7e8e7e738693aeb5b5602421dc21d5a8ade777532c016370b43e4,05745ed019f3f25c9f1cb76f3ddba01932dd8df698058e7ea196fb528ec1215f,0,train,4
1685,[1685],7956b51d3fe0ef7b6c0a4f73706654173a8eeba19d0826f119effe132971625a,6b1d82ed640d849b5cf356e96a6331f503b1b2195d93beac2207ea66be61b74b,0,train,3
1686,[1686],22795c31e54db868e0c181a70b7a502ded6941220ca80d95321b58fe74b29b43,71970b1cfa3bf97a17f22fac41332ee04ab35909209590c6e1dfed89e025fb31,0,train,1
1687,[1687],98edc39539af38d0b6ea3159f78e728563ded6721dfac02f52b53a959365b412,31ac2801f338ada43747b4c522f709c89548cb515e8d28c5ea974b8d66850a93,1,train,3
1688,"[1688, 3709]",32b852fca79c1c9683e0fb145dd56e39c87830c7a0daf07639818982a6362e8d,657f3df893717db12bd5853001c1f1f9588668cf0ac93b2db1df0a3ca381fcac,1,test,
1689,[1689],15d06b6abfbf1b58f0a2b6b71d41067f3a61357f4438029454511604b531db3e,e50a2a92cd62e890f4eb68657e25dd872e7a1b070938db0badd6f6d0228bc583,0,validation,
1690,[1690],6e512a80ad6b6d4ee216d543c4a1ce6192080fe21ba37ca9927ad129e47ed8e0,90a5dccb58923a532e4de8441027f846cdd4dc3fd9e0383038afbf51ae12b3f3,0,train,0
1692,[1692],23533fc50deafe5699336945ec6e84f8d2afe178987325fe0777d696a050a682,c91579f08b41d38e36a798f1ab17d9d594f761684148a68bc351587f823573e4,0,train,3
1693,[1693],4f831093b2875a515a4f455f068454bf44c5448e78d916a56430802d94525c8e,8cfff84ed7a249819f42d5515967133cbda9bbc343c9527efd2ee846ed68ee76,0,train,3
1694,"[1694, 3770]",afc37439b31932d23aff4583dcc16da8d07b1c302bda28e8c91342701ad80561,b67bbb67ddfdedc27ad0315bf02d6bbf145f6d048f7274723f8f854469cf8d2b,0,train,4
1695,[1695],db7e1b70406d2abe9f7f77a8f79634127879a1e04576b4f798db3fb50043947f,b84371646f899a2de5334959561fd5ec52c580fcd7f037d7ef2b803a9be26063,0,train,0
1696,[1696],f7eca0c7241c7535e91eb0d9636dbf56cf0db023ae3be54b35704fec158050d0,25a57a07228420ba316ff9165c51312f5eeaca3d8ba93a514fa2d56f95038351,0,train,3
1697,[1697],f49cebfd8a2dc916f6395744872458e7b76c18ffb8ae95f6ae651765a910cdbc,722765fc7136897545b0f43f577a90a00bcc6ba292e008b61afdec3a2b40d6bd,0,test,
1698,[1698],7f58a6108394d08fb4d4ade7db2f0eba7f5d44b5ccbe8869845690de8a36aa18,3b83a3b56a533403c3d14219c72585b2b3880c0be07150511372248484865483,0,train,1
1699,[1699],50558ab67ba2bcb2fae1df69078cd1b50afa2448d31933e1ab12c8d396aeeff8,5c10f787919375827b821c9d2d40940deb091a0d7caad7e67f194c36dc06723d,1,train,4
1701,[1701],d9ab00c02b7d99e68f84305802c865fc0b23a6fd58317bc8a230531b933262b1,c9a4609c74369d2f42f9c539862f57fb276458a488b0e8560ec23114bcf150be,0,train,0
1702,[1702],95884b9ab7d790a343c37c9ac51050027f34411751329bb0043c3f9332549a0f,925d2b6e65268a7c28b31a7a2bc73cc9deef2563d36c16f2061baccf7ce75fe1,0,train,1
1703,[1703],009bac3f08806501968f4d6f7e46f5d90f0893c25a0663fda908b449cdc23354,c76bca471fbd79ff711e82675c440dd665fa08a5ddd4b8f62414f83e26284ad5,0,train,4
1704,[1704],3ea5653a137411d9c2f3db5b3d089f006f0fecbb297283aebfe5573384726ab2,02aa299564ca603393151ee9ed035f40eacb4e838f9e9284175e99ae56719ee3,0,validation,
1705,[1705],168da2dc9ea8b62869270b34186f1b6ecf334a08314aca931f28df03bf2d19b1,c7abb58411199b43854d233f79945d3adf6405d742d2edcb55121969c8a27975,0,train,2
1706,[1706],d4a2efc87e8e2c70d858ec47c50969dcb9c884c55e6fd47c0bbce681a7247228,504dbe4a8adca989ed2a5183df6c183f5a53ce4ac0f6f9ccc475353a0082289c,0,test,
1707,[1707],486cebcb7cf59573311fcb3ecd26dcbe9ad9562dc17f1a13c6b6d943766767a7,cfcc34d135dbd85a7e171f77fa628a2e3049e696224834926558be3e402511e3,0,train,1
1708,[1708],b9095e3b93e54a86f700bd0a2f92cbdafa3a50bd2110bf830ceb3de2c669215e,87ff1a8a81060cb439073b93b055c6561f7837058cc7483c461ff7b391c69c7d,0,train,2
1709,[1709],c8b9faa0301b2910b9e45e02a7049f472c28f157e2c7e469c2e92fb3c088f6c6,5493b040d5988b557464808ca179a34aac07e48d3b98fe64e85c64b744b68b08,0,validation,
1710,[1710],418beeafe4e66748c68659631381cbaefe70ebc6c5cad41c4fcab2f548051d32,2ce34bfc2d03402b0a4f7daab576dc1e7311a1ab45acac5e9ea02c0238834c36,0,train,3
1711,[1711],c007135258e5955bca33b5058ba759874c773d496cf5b64d30452ede42b3fd06,357b8bbb30f8ab1004458ff0081efb2ce57e83475d77026c225c65e9e09563b4,0,validation,
1712,[1712],0d1a6f560780df99011ec29bc872b8b0ea01dfa0269787214e404e4883521519,7d7942a7c6ef07ff790d545266ad53bb22990b26b99b56c1de4877a00ba488d4,0,train,2
1713,[1713],cfbc5dbefe8518b476d22dbd0e3b29b0aef6117e0620648080463fb164f292be,791f5128632f20918f9b7c18ad7d01e549d42bc680a8a12a5ccb13dd7ee905d7,0,validation,
1714,"[1714, 3153]",8a0f3291163647baa6cf4c7c8758b3ff91af3cc9ac9045326b022bf130a4a3d7,3a2fa3a5088542b9b16a5e26b7e63b9d1366ee81240966e1286b28a22f6f937e,1,train,1
1715,[1715],77dd39e300019fec894986b6f39f6b5462e1d7d6efa5e16b246467d23ecb6536,4fdd7e88e291bc9e6721fa430c9aa0f0b998824dbd26f4338ff83edb2d1daa86,0,train,0
1716,[1716],f38c69ba2983d6ce342508aed9afed6337d83f3948ae95d5583550b1a7a04c95,32a62e6e646ece79efdf5e943dcdffbbfa9a08e32804d3e65d81a644a7827587,0,train,0
1717,[1717],1a3683bf0e7f1a83b6af2bb4346438c32e3c3f346167bf1d4ccfb934c231b130,170d54fa6eab987efe07e4879a7b55dbf6ccebafe19ba04e5e081755a44dffc6,0,validation,
1718,[1718],c7358c8902ad134553c7741215d21b25ef8b4d184d2c441a11ade65cb036174f,65fc4579d2b5a7a004fcb7c03b94a9739e3a85c46cbd6d506cb1d328e99d186e,1,train,4
1719,[1719],ff2de78cb46e29ddab2631e57555923c5be633eba9c9e66631cd90d8c430144e,7fa27bdbe87487e3e78532f1988785590512390672fe016735f3d8bfe6cdb4ce,0,train,2
1720,[1720],00b029fd6f0fe157cb89a077446b35fd95632d25052b5df48db949091742c0c1,abcc1a440f7388bc3158de7c8f06e8ff09febb3fcd466ceda038a85e261b2e98,0,test,
1722,[1722],086269a5cbf30894f828fe1d45f9464a88359a64e98aa4135dd7dbe3146ec530,fb6e58fc33d05e98d0b51a82931e483b5d3952b90bce39a3621da768a50731f2,0,train,2
1723,[1723],5bfc2d9658e84a20465c9a1beca3877f3fa64cfe4233657f336f7ca359c91195,472a234378b5d03fbb539feee35c3f115019ddd583e589b04f72bfb96f4c8e85,0,train,3
1724,[1724],a97343d77b59aabd0b60edad599c4b86309976ce6811405620abdedbfebd0ee8,22a96995cdaef5603e0846c823327b0d1de08456a425a02f1d5e28736737be45,0,train,1
1725,[1725],7e12d5cf519a7a7d801427306601dc8a2581553229aee4057af0c07016b8d773,6b29517a3c52cb7af11e1b43fc9159ead138abaf07ba5c600c2d367232b984a0,0,validation,
1726,[1726],b939f9285496e4a98cc0c8d90e5ebec31fa0ed52c5c93ac2ba7322d0b80c57dd,fe229ebaa886ae64ed958615aa13a9017029e5965e22f17d2e82947f5f887f5d,0,train,0
1727,[1727],a547c7670b872e571a9a6d9001b2617d9d71b55c13896a7f6ee65bb72de773d4,57c24c5837fb3d1d3f496e4d0533d9de9f9743c822b29bad41b8e28de8a14bdb,0,train,2
1728,"[1728, 5512]",3e7b2519d3f30aacb17fa3c9afad36dcfec78365de90c1f58c775865d7177970,dc8d2008b5c081afe2a6cd4b927d944daa69026a095d1a912fb61e9e9fde099f,0,train,0
1729,"[1729, 3649]",19e49574386563fd50c4d15f96f66dc6c42ca279a4e2eb07485a5e7186a32beb,e5fe74da6ca19d32ea145a61a5dd1c25cf976c26343a45947c03b5f7e094e885,0,validation,
1730,[1730],16251516355ff6ff87131aa2b775020879b028db05d2a53a626c4c72f0e9e416,5e51b5221adcbb674c95cb7a1815e7a26b458990e3011d6887f328f7607bd7a3,0,train,0
1731,[1731],84b2ac1090b564cb8a72326936c91f149b37ea5864bee6bb012b339c0351c071,94b84d345bd1c49df63df848937aa1d6cda10ca9e66c6783698321eeb993ada6,0,train,2
1732,[1732],5155048cc6c46ffb66264f3add8a7e221ddde958e4986915ad6397112e3bec06,c4d007d5e8ada3c921641dc87fb342e747ddedda13796dad1db247bb04634979,0,train,0
1733,[1733],9caa94d31a111768d2549075f0632df1f8777fb3acad1864dad8be58e867beac,ab74450b3118158f447a0175baeaa38b4215c7bdaf1696778ed9960116906dd4,0,train,3
1734,[1734],16ca310f17672b08b7eeb8a4225076601045f2c47fbf209789473b1008015278,a3fa9ce4693f271a066dae59d431b3d33a1fd7a3952c7c90d19ca7758743b6af,1,train,2
1735,[1735],fa1d9c8d91bdef5ccaa5fdaa1ffe06d90f8cdeb0184b9c54dbb6528a61d85b78,c639ee63897bd9ebcee3b546ecc129391aaf8771a8e3ee345e72dc6f8a7b6ffe,0,train,0
1736,[1736],f3b5bb42efa92a038b22c1ec074e2b514a82d987956024e96c45bbeaa652a679,09a68dfbb7a741cb874f5a58cd39602ec8b6c7bf54cc0cf338401b7bce2b5237,0,validation,
1737,"[1737, 4201]",332b98d14c32f73fa63f3d48664d76acbac715365f72fc724dd31b6ef8373b8d,09b7367d989e2da26c07a67b711292e1568956eeb831d7ff33c6a3d70b1f6da3,0,train,4
1739,[1739],05b1b2e1b98c335b642d5036d63f3ece9cf80c18639373a015ee6c6b24633b60,3b6f74b5c6ac4c782d81cc6e929563323604c54ed882e465cef43518d35e6168,0,validation,
1740,[1740],e8fb64238790b8e974d5ae30b0ec02fec0bf515fb144af35e874624f4c28d075,83244716a0704177d44d1ef6133567394e37bd5180d0ce73ce1e6b032e6d239e,0,test,
1741,"[1741, 3176]",4e0ed50d5935022f63e72c3375a3756a5f1612a077f537f71c932b0ff562ed9d,7c247375c0001e188cfa56b0e36281655fe4ab87f77da4d65e6deb4b23af8e27,1,test,
1742,[1742],f948c791cbd320fa4181a6cfc4f97b32541258ceb234a4c8786c0280859ad466,0ac459c3b6e32569e4e7eab3c387e09c9e0e5d57c5c4e5891807eb21f9a297d5,0,train,2
1743,[1743],9d23f792e016122e3687afcfee3d356194ea969d1f68173ef399bfae9f3e8780,eb9931ec5f5b92577dc75f7e553ab13587e7c8bd397341dc518b21372ff1f9b7,0,train,1
1744,[1744],118dbc59e718054cd5178d441b12ecd37da42397484cc33ce61e9d86135e4545,3e3ae3af63a9518d6501c477dcf881e285b6c39fce82a5c2e03bd5080306f024,0,validation,
1745,[1745],f3e0ee475997bfa7f628a5dbff563bd85d76a0d231585dafd54f74bb7e1d61ee,125f2c01f320fadb8696b08da910005eb6f361d68af11b6529d39661465bf885,1,train,0
1746,[1746],1167a3b217b1682055fd4b4aaf1b68a3d86217da650911a7165f39524e5716b3,4eaa09018743f17fd52aaf35c997cee236aac71351b3c0c7c43e6167495b79d9,0,validation,
1747,[1747],2a53c9e7cf782e35edb5cd1c69aa89247658f402ef89e29083c6c49fc7e386bf,4e940575beef0caecb468abe28b999124b670eb76ff359c29c04d8cdaba4ec77,0,validation,
1748,[1748],998dfc05e9cadaa4688edfadb755674a4117114f0f6cc4c6cd57c4b0812bbb12,dd66022cd84fa542b6aa3e3192d5805aa021ffddcf7408cff5feee3439b2a014,0,validation,
1749,[1749],0cb1bffe6a9611da479f9a867e5a94b8b3a7ecbf6d4a27a8d593c4357995b394,84a564cfde0d43d5e66b683a18440ebcd4c65c06f26e3c0f4d99842fa10465d8,0,train,1
1750,[1750],603cee1b00e9f8de26ef0d9411f6c1ff7474a4bf587f4e8d107b4ef02ba459da,8a44127d5fd04c0900b8e9095ec36d5b54993aabd474a87be33ee7b3545efe96,0,train,2
1751,[1751],8c9b105f970f9686afbfdae9f43667c6c83e9768050f88fe6e9d714c9f92f550,2a86b73fbe3ee38fe5b974af5cc301106ab6390d37fe2ff6690ffacd71fa6ee0,0,train,3
1752,[1752],9257663aa507d99572e6b87295e1a5177562f14a04efc5c66d1b70cefdf10926,112ecb12a7e720440e007c9b7e6ae80cfa4aad97f31be17b8995f8a80c47d08e,0,train,0
1753,[1753],e0fdd765e93edc02c62bf0f2b63d05335563748c3f145b45cd28fc518bee7b7e,be1a9b3b1ac698b8f15d4036e3a3e21735b7ad73de45be0be1625bcfdf57bafb,0,train,4
1754,[1754],da37c569ee1ce104fb51003bfb994b97745c32dbafd288f157a293da0ab3a530,f8f0c69187f390ffc690153f46562458cdf1cae8ab0218a44e86cac6c86c5aaa,0,train,3
1755,[1755],324e4a2904f185af3c1c0cc464816f8347f4070ed199aa376e836974186f351e,41b5839c5774b14aaee8c8716946dd9fd9ea2cbf6ac290ff4e721ad9783d1d14,0,train,1
1756,[1756],d27dceabe2653ce16b3437cd399012e7bb0194de0332d247fd253651eceaf375,c42164f11961f69a89843f935e47b9030eec41d4e6e212505d0e1b70acfa6d8e,0,train,1
1757,[1757],f0c8d4ba4de7460a888410c42904f226642e493af3357cf08b695f8ecf692e97,8a84979708470b853c2e4d8fc1d4b5edba75768f711deaf0b34f181038debeea,0,test,
1758,[1758],faa44c67a3ccace838b16c78f9279bee2260aaae22d09da867130fb578074acc,8760162e2c648c2d64c9abd9e0a087342960af716241030fe5ff48ebf62ec0fa,0,train,0
1759,[1759],fa3b78cad275d1dd5be083683d3578a9704a5804bbd2e970fe4ef5ff21572523,ac3a1caba435ab703f30275786b7878e96c73ae7b190de324f2df7fb15d0f100,0,train,0
1760,[1760],15dc8139233ccedaab0d5ed13176abc3ddaa246c022457280cf4a75113d7e655,ae31e564874eeb63a7072135a0881f0626447343a88db10db3a273fae6e42331,0,train,4
1761,[1761],0ea723ebf8025f93f64e5998717c668f3c9293ce8f27668d4c52f2b42bb76ccb,b024bf9b249b635496fd839af7d05fdc2317d33a0dcdc8436944445579f31c92,0,validation,
1762,[1762],62b249340f6c0a4c5ead40cc2976fae2de79e2cd5a2ed68c3d9b5513bb372c3a,430682d4aa75a0476a01b26116749234584f57b2e87406b54584c11546288e8a,0,train,2
1763,[1763],c31d0ae065a69229905c3eb751c76911a8762e4f9f67c642498dc51c5f575ac8,1d00fb85b0815ae1b6cbae395e62910e0ae3d31cba3c1fa06116def6979a52fd,0,train,1
1764,"[1764, 2519]",a4abdb1d16f8cfe6bca5a4b24c1313056439e0ba8584f28310f2a0e4c4aeb16f,f9e826653c19b063966f59c6e9ae0abf01955e3db6306ef2eca3c97e5b97b04b,0,train,2
1765,"[1765, 3585]",b5ba1fcb8d0f9e942cabec630a535cc84d592591ba0220ba014000c8cee2ba00,2719e26d617733a18d6119b2b58ad1cbbb84a59312db418b2df7105d04eff3e8,1,test,
1766,[1766],1a803145c319be61dee1e500678f68f516b2d6d023046e6b88ea4fa91f8a364c,0790b26346a47519174fb49970d33235cafefda34bfb2b3f2b6257ec59eccb81,0,train,3
1767,[1767],ff613a7e138923d13c6bdab0fd48d9fe155276fb888c46891b789bc03d660e18,96e9e62a11473a3d0ebcde914df8019e79b19cd596388a450c3e5b32ae0e309a,1,train,2
1768,[1768],56075f678a61b5c8eb80c1b63b6bcd10fc247a31803d91b5ad93a9362e027d79,ca61ec978a5c51f9b52758bd6865c45d3a0d4e47242f055e3c9096c84b277180,0,test,
1769,[1769],909601b8a3aa910e9cbf9013b520730bb8d2280578138ca494cd95082d039f58,bb95673310fb307f9aa6eaba9a68fd2f324b489f585e6ae146cf0102ed99f999,0,test,
1770,[1770],245bb788f6d69a4621f09d03407315e419967026b72fa25927df4ddcc14635fc,2ce1a5b92c792f5698e8a52d2035ecbaaaa197f4e7f0969d5712c6efcae4bdf0,0,train,2
1771,[1771],57184853b771ae1e2f5ff06bbf24cc2178d74c3e82edd3e1d6ff00181e8459ae,9e44b06e2d61aa339997b0a159e2c1a2f29718c50afbef867737c2b81e4e763c,0,train,4
1772,"[1772, 1877]",c83daddee531ca2b48cd16948053933aed1ccdcd1030fd5cddc9181b0bc80f78,635522a3a115d7aff0b89b457b070e3dc4bb5fc9b91df77b3aa23a0c39d284cc,0,test,
1773,[1773],19847a03380c9fde05c71039c9120a8a333ce9e2657a6c73326731c894fd7bcc,ee169d64dd402f0d286de64bd786c4c6ca19bb0db7b2e45683b9ab78b9da3920,0,train,2
1774,[1774],0ca08f3eaa0a44c416be1c3145edeff118d644d1eaeff794b8d947579b2c5b16,9ec0399071169f77edc9dfcf8b166daaa40500804d757d93baef89781b1c73dd,0,train,4
1775,[1775],3f1b321789c46b8f8f4506ec564e48f449e406a810189108f1e58e061ab853ea,d47a87b9fc4162bd50b87e96bab4adaabe3e74cd35e815ed6b9ba107581bb623,0,train,4
1776,[1776],3a0aeeec9762f247798ef449b784b5d52c924229418b03aaed0559bfc73db778,15a092a0ab982b6e91d04d3d72090eeaa7e0b7ece0bba2611a0903eec598a394,0,train,3
1777,[1777],4f9cf633b7199221e17c7155768ed61d0e74a1ae2acbd8897fc78466c44092f7,04901bd73d2f1641616c6b58a9383ad02d69505e122245fa7f17c7ffbae6fbe3,1,test,
1778,"[1778, 4735]",072fa5a119ff2f6adc0f8445a5512a830d38f1ab8d975cfe9ed64c42d762cd1a,50766155c9512dfc2c7a214bbf57c62eb43cb3f007177a8c21819c44d438a301,1,train,4
1781,[1781],f9042f8e7287111a0b7e7f941debe892416273089ce40b98458f92e6a2a41cad,ba31f9a1c22dc0ccb56e4150448c318c800e1020d6aa54785204a95af067298e,1,train,1
1782,[1782],64cd1de3ccdbc9aa231678f1a53502dadd2d4bb7482ce988859b393a02027192,80d0ee72c79368da112f3e9e22561e419fab3195829935280ea1ff4c96e09855,0,test,
1783,"[1783, 3125, 4719]",202a162360993676bfa298107d25bd801756bb349f70a412c0c481ca61c7aea3,a7c56ce6d4c62ade93222b05c0762a0bb7bcfd9d6999c319a2a56c5aa0aee09e,0,train,0
1784,[1784],94b305ab87559bb4ba9e71cf5cab1edc0add8076049b2532ffc1ca962312c2fa,f2db860fe9c38aca9a094f01b0b8d886bede49288e412740d411c68e500342f5,0,train,2
1786,[1786],16fd3921c4e24294edc1b37899466377bd042f5473adfd021463045d3259520f,76784c26827cde94bebb4b40472599f89e66789fe0d75eabac23520aff6156d6,0,train,1
1787,"[1787, 2860, 4391]",ac74a8cd52a7f5fd896aa5efce7b100a2eb1ac911da1a08bdded740ab48c0da2,58ad5bacebe9cf20dd24499384e0c1d027a9d0959fb25ca4de98e9e840c3e0a7,0,train,1
1788,[1788],8fde792731963d3ee332d00fb63d4f3bd6b659affeaf7b596164e6df31922c7b,bc37dc8ed8fab4d37e042c4aa0456409ade2bbd3875aa0c0ca9df393cc516aeb,0,train,4
1789,"[1789, 5459]",1733973985bf425500f8b33d4008e82ea94752d299fd0292c50db9e06e17c9c1,e3d8fa62763309b3f44e6bbd25081d8e9348d4edba08e0e86a0bd4d42e3e690a,0,test,
1790,[1790],700c27c2d0ebb21709e6e4d8790ad8974de708bb466600fd597997a0c9b27eb0,eca943904b9e99f754f8459c00c4241c01567defdaa71c4778b10c7f214d51fc,0,train,2
1791,[1791],cb984db4c1dc06fce45dca98798087f6d74efb311df6d754d638b6f416f2dd6a,2bb0ea94314e848a7169d1445f772755178326c29ae7e0795d60405a1949b90d,0,train,4
1792,[1792],39894a36432860bbd37873f818cef0c88c3b803caf910010b6f40a29a1facd69,001a3ccb02167738ca7b42310f12ade0afcb6f861d44e0ace9200309c65cc180,0,train,4
1793,"[1793, 4701]",72f26378f63e25a180580d1e5195068e7500997b598a64da853ab7ae3ce28fc2,64bf66a2f8ce6fff6afe18b7ebd9993e86d071146f7731f08269de78dbfb9e66,1,train,0
1794,[1794],6d67535601365f5964ace11a84fe01c0e6fcc80d93d7c224b728479074f71ca0,8ce1988ba1e1a5f812683188c7c7cded7fa3a8fdd1b94de98dd11d4de8f1ec12,0,train,2
1795,[1795],73e265b2b36e855ca7f0854310ba7e85a7e1eaecfbb73d4f666385e0a9416a26,0cd837137e7274c3d00555ae8e742e8a0385ff7cd0a9832d292b18e7f6581d8a,0,test,
1796,[1796],43d16efe702b87373d6a1679f590b7954661e0649bb0a033ad9f9eb3c83c8834,0672dc9e5aafc4e9d30202723411e43f452147428a76c2fbb27b79aff1fe1cbb,0,train,1
1797,[1797],b1845067b473a77a58ce0d32c3722e005379495187281b57af85e1ade3ea8037,96df50be93f41b1277169bb9551cb29bf1276568f61aa2ae02a64ec534da157b,0,train,4
1798,[1798],0be027ca5627980a747845966c7a7a6985509fcefc710fa139221fb0d1e17a61,78284ee5176303e4b6f64c9d8d3d526d5958e29c54cebc5ec3261dcd0a3439d3,0,test,
1799,[1799],71620585ce00548ecd11adb1d76a3325d9cc13ea0c0a25ea90f6ad6275be8d97,e563202f4b5cbec9f6c7c881951e98002c87a383f4c7685d0426ab21f81b33a1,0,test,
1800,[1800],fdd02da23751074625f4ee1da179c7f53766a6d1eca1235877a61415379ad856,afd80e99a4a157329cc03a9ce3b722c376066e929ada1a464161c24f8fab7da4,0,train,4
1801,[1801],7ba1af029845676ff7ee7a6d046ea2e3ac6f0fcc801efd886c1922dcec30bd1a,1b25f002d8f6737119a7aa1bab56494a9454787df88437fe27a2a2b60c2150ea,0,test,
1802,[1802],86162f2b5bb3d60e53a3e84068cc1346d20dd2f51abf5f0c3f55df551b062f9b,11dca8378cb1114a41b020b1b350cad4b349dfb66bef167ece1c2c67b2ceb53e,0,train,1
1803,[1803],8c786a33c161970ece480b9a20fc28b9dbf3f1df0a0ef058232170b1d7e50162,99fef31de5af7b28fe3ef02bda1e5505d7984010fbb7d87ccd54ee1bd5e78064,0,train,2
1804,[1804],284e2bfc163d243f408efbc6ab7018272737e4db5d7fbf208ce0a1f2a535e964,3cdca3972884e896e76f572bd994efca84a65beec317853a74299690e75464dd,0,validation,
1805,[1805],91b6cc544d7a1b78d15a49001d3203f8e166d7ca63d3988c532e8f4183c94df1,a9dc6d4efc9e4509334aa6c212037a9efb4f2525ad4b97251bd466550b4b8985,0,validation,
1806,[1806],1bacd383383dd9540810df5ce3f96037ab2879a893e9d103f10f31170d6729ca,49ce16f509e6bef7f9f9a95b35e2c3f8724eb4f86b451bc819426913f40380b8,0,test,
1807,[1807],33c0d9d5d72d94e28c25621060eeba19e7dda6379b468b78428f8603f90c8fee,5d9c6dedea38eeba5a0b0c747ec1a56298ca6977e2ca42fa2b8d2a7ca4eb460c,1,train,2
1808,[1808],c8f61d73d4dbfb57c2b00b02b0408d270a65a5abce14ebd471af40b2e6aed137,ef5f3fbb279b79d661fcb72c7fc4f2bf4d91bf9ad30f7f7b657dc8cd6c0c1b50,0,train,3
1809,[1809],960e15c524bb1a0ddbe2395f790b76b5b6230a42e1869739309b800cf27765f3,41d974faba1465159e62a83a226898c4a0305542180acdfc554e2876eecf8fc2,0,validation,
1810,[1810],3b9f4bb94bd94617f5612d659c98c86d2369180865c1307e386d73cb3a11ccaa,9a0b01232f675c1912e4468cef1ac67ea3dff1a1b34ec3b965e6fd04787c5058,0,validation,
1811,[1811],d249d66e76541ccb7995498c449edf80e29b6af5fed70aff3f0a15ae0d23755d,4cd31fd7912bcb935221e029ed358394730156f5ed7002aaf25333d7866f1e99,0,validation,
1812,[1812],b9b4ebf2200753a536efbdac905df3b543bd0989880cf37aebff70c248bf6043,06f07f5c5409b19aa0d97988e73096d3724704aff897d7a3143cbeb381faf613,0,validation,
1813,[1813],9d20f2c3032e9ef0a36b6a1b2a6ae20524e83dc44370d5698ef14d7e97b8f4e1,f1f0b88456ade95ff0df8d0ea56babbc5eccf8161e44f1bbaa7b9629a862cd54,0,validation,
1814,[1814],d9cbfb4d02e7175c0e3c746641f8813b8fa05bbc463a44435c6b44e7a1fb8f87,d2217c541b91f2c89f40d090e3848bb8cf128e622508434a5cb4bb985b65b069,0,train,0
1815,[1815],6594d6b1fb847cddeaaf71e16fe5fd90ce2f28df7b39dce1eff2627f583b0ff5,2512de9e1fe0891a2fd69b93f5c0bf15d89f30d6003a7b58e43fed671b4e9716,0,train,1
1816,[1816],c7cc22b5d262d87c1f77c317f4c5c4814fa6bceba8b4db27979c37adbabb09d2,8fd87f36ed163eec55d540bdc09d3934fc3f97e605079920e64c9f337be1caeb,0,train,0
1817,[1817],20556b51e4965ee1d0fa8286f60ff39052c03f15055a3f68cc0395d189f37a8b,b4ab22a473ce1f195180193480fe9f8b39dd8a8694a69ca92a8c73960996d676,0,train,3
1818,[1818],d85b000ebcbc1a1ab8e1da253de7e5e3af629678b3d2584e7137472a1dc266d7,8bae9ac369d154b7e3f5196a5c5834687fa49de0f7f9ca63ee2ccc193bc055c8,0,train,3
1819,[1819],56ff21d086cec0192238279466ea8d7c38549783f80aa2e6fb95a54cc990584e,5cce886cb4acfa371c2b8ad78a5d115605f9645bad41a1d653859daadc6f2302,0,train,0
1820,[1820],818cc37323ea185a9317031bc2e5cfd5ad99a85d4118e0396356c2be26aed530,20ad8f69e828b07ce70d6b382bb1c9d80a2c00da5d81d92005395b683fb045fc,0,validation,
1821,[1821],ff27fb501667d28bb12384296766ff6aa58ecaecac6adbf22f80d847d11f2a12,f51ee73dfdf743a7b62030a7f56b684cd47f81f3903f209276d0b458c0899e81,0,train,1
1822,[1822],7da3182ab539c947ec13c4c0441e4ed263a770d835c251d6b0645b4a1c704154,ac254e6b9fea66d4fe900af33290594bf050b8b09fb8273d5014078c095fb031,0,validation,
1823,[1823],71ac23312d09c609a341e7b76b61b297dfe4ed831d70df751e51faba8789d8f2,0ccca73e062428f8e4fc21a518cc4eddcabe53493477271d6065fa7642a7b133,0,test,
1824,[1824],6d1c5b8b3d7d40adee31f1d596de1bbaf9701ce2f2e9930f5869ac95bd93f752,fe4eaf44ef991e93a0c0221542c3f4fa0f28364edf5062d522ebcbfb9156624c,0,train,0
1825,"[1825, 5286]",d2138966cce5c58577458b2536c30cb4df28e9fa2bcaab6155e4ef31ed920330,cb8386298ab421191799497645caa97fa5862dcc68b54b3540b5969f7a3a2a7a,0,validation,
1827,[1827],eb33a436976b22614a05af20ffc491055d6befcffc78573f3082d3faabd0de8e,939d6642462b9071a068fef42b38571322ff2548e66eb53c5929b8ec729a3322,0,test,
1828,[1828],823117053e9b3c47ab731bcbfde06cbd7262bd3be84e04622a803b4828a680c3,e9f47c1f70315c1bc160e6f8b17bfc9eb8d278d772e728e4d2f25ef786ebb875,0,train,2
1830,[1830],1b57ce8a3f385ddea879c5093bef70bf49b637278dd7c407b3f6fcd61ec56f0e,4ef684a6de42d78ad456105ddcfd718561b91e37b3366ca8141911d435b4b36f,1,validation,
1831,[1831],ba70579efe4fa4c83e9d8ff713287b419c43b8c58f657f74eab5e61d5a4b77d9,7d3c39c59ff3962f57923c3adb2a7c7ac063d28e415c0ccfd4d70b67cb104776,0,train,1
1832,[1832],ff7394a14958386084c51fd0c2b637f6f7696f85ad831940065a27d3f195c1d8,8dbd6efa0c8c4f450bb7528ca821e9f5c3b83bae25c5c0d7b70108f8b2c0e381,0,validation,
1833,[1833],10f7e7b3d91a1baf43585cea873b47217a81c8d305fa344b9e21de9c99b05b05,247c25e75b38de80be8233f45a5a2c09f3833fba25cb1706ace8dab0ad36b85e,0,train,4
1834,[1834],188e9dd461e3a3bafd676bad0ef9675ed74798f939d5d0be38e5c26fcfac2229,6cb7240afbfe894422eadb025292553d52ab6d53b2736d52b17ae5b168817af2,0,train,3
1835,[1835],975740ae501bab48b4aff2eb2ae5a3b314fa8c1faa7f24dab0c6b0d5ec1d7981,6bfb8be6df3f700a7343a53f6f8ff7af324eac8d9c8f6eac3b1cca3ce6eeaf69,0,train,0
1836,[1836],51283e505ac94ea3d211d3703ae9898982ca64f7ff831dd9657a4ebecdee040a,aa41370689f2a1e515382d9a60831eb5f034734c9514fd3d13836b421a1abc1c,0,train,0
1837,[1837],040b2ea65ac11deda089784e15f4437440a667985f542f5c540d67121c657784,a9cbdf61e12fb6cacd44bf1b669b48071d2a5816becbef6f92d4e69a9e63c317,0,test,
1838,[1838],3240ff23ea8d8ca48fd6bb6f0eccc957cda0a39ef6b1339f32caa78346fc4fa5,7b878843a6ec8b476cced711e731d9b79059036113fdb8da15cd77c914486550,0,test,
1839,[1839],950e3752d8c210b5c165f00782ee25d919a20d317e54774429957b38ac07beb2,64962689ba91e9428768d7ec0081dfccd5001fa1e3a08ec4c631090cbad4f605,1,train,3
1840,[1840],8de59ec718a256f408abb6bcbf6766a4d74b8abe4850bccf544969959a1174ae,99df8cc8a9a6997736d8c4adc2bcbd61b99ba7e814fdd89b2c90e09cb9b939fc,0,test,
1841,[1841],8cb2fc7d0eaddb9d7f9f14a264f0facce058c03e5ab025b8f5b56e06330fb708,4b30e1ad790bf58c6670c564068f63abba3a3a1f864ae651292221cb54c5fc69,0,train,3
1842,[1842],7a7aa609ef24fde4c95e4902ca077932f63ae976bc06eab7e510032ce7e177ba,3e6fe93698722d8f39343f32d9e8891b3882b001083db3574e7a56e1df0e4241,0,test,
1843,[1843],bed2daf4e1e70c975f1f29ef4e8ddb159155815433042dab95be3c331d3083fa,b37f77c6deb22257f2f6bd55c3410b4ad839175304e9615719475ab84cc60034,0,train,1
1844,[1844],e93f2da2dcfb94bb5e0eef9bdb5c80ce1dad8cd07c28b1ecf3d250a78df967d9,076a96a1a6aa7010fc900749a8fd0c5ac46f3494d1f758cfefc8d6cbc88876f8,0,train,2
1845,[1845],2a217b33d4b81b95e8d9c1411f3001d237f98f81a4d74f84a7cca3ca94c5d611,c0f7d1230fe5fb759b92597fc4f331da2db2bc7844d6b802e980db48f1f5294f,0,validation,
1846,[1846],303261055b2edcb423c6ee2d163d7ed08b47ae07148915ed74c9584416c1b123,edbfa26a3fe5c5d6d96a0da9ca9b2c668e8a591d4f399e9a8ec1378f9dee88e0,0,train,3
1847,[1847],91169ec2aa96ea6d668e2af1ccf2923e01a0f8f0e2cd37f18f1105e944bd61f7,edb9ea0a1dbc143e679fd7dbe3a023332be37a8a3f7485dd088e136576d8fbc9,0,validation,
1848,[1848],7715d76d381067af66707fa18a8b7d749a7502d5da3cb63a3589ef77ae3301c2,65897e796b549e3c1eed6e8f8fd00cbceabc4e75cd4891810bef2699bf2baaf7,1,validation,
1849,[1849],8f1a721a3e267f1e1504d0e232990ec4ec02d127ebccd2fe952ccd0c9eaddc4c,734f5f5ddbcb08e5200dc4b749445be014ff61ea84054574bd79fecf93996b27,0,train,1
1850,[1850],7207dd5875f1f91f9071865038ce76b246e8c6a0c148c85303def82df9500b07,7ad4cd9872ac1f547326a7ae07cfad2200ab9cb7ffb7b7f5c77d6fcf89d3f09e,0,train,1
1851,[1851],b75e13f72abd7087b3af9903d45c24ba24d29bd05c89fc22eb593b36e9348fae,4cc821af1f76abfca5148330472d1315ad1210d15e6660b6d910d60a61c60dbf,0,train,4
1852,[1852],a11cca94a1fdf745249640b6160a17b8c43dc8e5df79e5c54c57c85b6d7ea42f,3f8d7dd99fc37e07dc59c0ba0adb313e95cb7b3e638c457ca2ae22c99d413edd,0,test,
1853,[1853],86a5346152b8ed0c7b10e5f655d4aa7fbbc94322a744afd192c354c4dabef941,5261b5de17925ba255e55a80e1f0b79c10cd78e613315ae68faf092dabb14e51,1,train,2
1854,[1854],bfa59046957461681377dba307057406a2064f38390664a217eef842968c4936,3e5a3857c10b5be26f1204d10cb9185cf7241f0a31c4e69cc61076c9233c74e4,0,test,
1855,[1855],8ad6e5e5786d4d131ad6a3dad907377f2b80b4f54866016af92f6b580d8321db,2d1ff757a2fcf1d46e4e4072afdade5f6d25cd4fdea575970024f64e56d3e54f,0,test,
1856,[1856],a97eb914ba6e67ef925b3632ba15e90530938930ef06c14bfadd28866e4ccc3d,65f6ad3e21d4d7dd7a590b101694501774bd7445bef0763931ebc86cf9ba9b29,0,train,1
1857,"[1857, 2526, 2764, 2813]",9edf1e49baa3257a4554dd12f716a46fc9a8cc761801d43b1cbb269e53ca6245,ea6aa1740acd0211bed57026cd07224add92de3580e92d7b0ea55d69f5ad441a,0,train,2
1858,[1858],2786a15c5b8ed6a1fb54ece436b1a95932680345e0acada18a1656a1eb760569,35ed1cfd144218be6d18f156df1ddd5ab570016e3610bd57ac5629d09d899558,0,train,2
1859,[1859],6ca0f72c7b21345fb6138df6081796248455c759e66be3c2d509801b64fa9f59,199bbde098179a0c4cceb130757d4d9fdab53833555a0541b0c066f8adb5180a,0,validation,
1860,[1860],34c35bcc5bbb2125b54c1dd2bb606fbc85f64c2457339ec1db1b0be30eeb2d80,b38f3e2fa00a6016e4bc52aee1a1504116f269900bda92fa0170ed823c2f759f,0,train,0
1861,[1861],1f4b9769e304a37a3a666eee070e7776549326fedd436d9bb4c31de77224b7b5,96cb9b4fdd776b4f02a9b00976b29564bfa55efc762d1b507c7c5c8518449d1c,0,train,2
1862,[1862],47211089a01b1c81c291d04bef8e4948e98e4e21e1bd4869acdf53b795f5b45e,58e37c8ba6544bcff6e9c7319bb04333346a1061e74c44b45b68cdf2a2f68273,0,test,
1863,[1863],4742b99c3f63259537af1e8f339095fd4981cf3bf558ebeb4ff5f6d1525237d4,8329e48755f32809fd8e99973992c3be77346bf495c6f670a808b398301f1dea,0,train,2
1864,[1864],4b4b517a0034252fe4a23106af6b9b69e5dc89436f017acb7b7edea586160f09,83963480fa8f2cc63032b703b9ea171b585db44b912708ad91c9370a53732af8,0,train,2
1865,[1865],be39089950666be88f2dea95f9821cec79bcc4427691bc3ccb784667769b2a6e,58810c04cdec77b36d62b2e4baa53e8f15f11540ccc9cacd56a9cf90570c4658,0,validation,
1866,[1866],55eea2e21efc97b9587fc1892aaff006587592ab1a25dda3c1bf320f22ef1619,d80796284d501652110db3543ba200ae50f397c09e169158c4d7e71e4210d03d,0,train,2
1867,[1867],7f7717c4b12653a38d5da28ec0392dd46f5aef07acdd3e417c217becb43b3aef,8034eafe6c0af5e4effd9a7f448e2d80812a5abd935c1de1cf13f68234f37eb9,0,validation,
1868,[1868],ec827f94bc997a7c7c0c8995e96276cee4de72eec0b050f479df2acf0007e19c,3fcafc85888bd0e073bf8bf3ad10691515a79053d5ec86540bdf5ab619732648,0,test,
1869,[1869],8f0f6fd2efce683b7c0aee1d71c2a89164d601bfd51d9e8bf8bbf45e572cc1d2,b73eb6e2fe90bd9667c181180e0be0bbe0739d7962c5e7414c31e848cb44c2aa,0,validation,
1870,[1870],f84b212931a2e98669da70f50dca4f6cce246b47d351e674165ff68bd33efc92,520c7bff2235e3ff54f76cb6e2e7705804f46cd42d61a2237995532e249c5cdd,0,train,0
1871,[1871],17991065a680bd98c812ad9d4ec568f81cd81bf38149e65686d4a5b127bdfee4,bedc13e8806fc814182e5b373ef9ba64ef663cb91144c085d104f42b6585139a,0,train,4
1872,[1872],cf069a42f8ba5be23ccdbf113daa84160b67f831924a675ec7b5278b7bcc1fad,0c1d71e9e12c69420eb008f9ccdbee4ad9172b6882617e3ac19a86017603910a,0,train,2
1873,[1873],bd6c6443b71605611aa51574644ea460972fe27b7c7b3669e98b8b29d4b17d01,0840d808bc17c910b4f2e5bc7f6a49880a29387aea8373a662ec77431cd19809,0,train,0
1874,[1874],8bf46927366f70dbd8b5656e78cf52dc664d97b048c1561befaacf7983b8253c,f2272501990b05305c6d290cf4493503080040c39051a617ddf7f3c2c36d6766,1,validation,
1875,[1875],b88385e9005a5cf00c56a9623ed2c601f669937b811880138e2a36b4def7da21,7accfa46791b36ee6885d1ae4e845943a7b069b263719aa509d0e4e791e32711,1,train,1
1878,[1878],16215ab051c528fe73af156137f337c53989990f3a50a9e244e243d19c66a08b,f8f0ead7d17e70bbc2bff118019346a04179d67771a4423967af38beb4854f19,0,train,4
1879,[1879],c80974dd2673a0ecb31f9b1bf3bd93adfb729742c2d7b5d42422a276b368abaa,08ffcabdbd6c2d433ae81fe4b4b017212f6891ba701b55e12b6e1dac45282e12,0,train,0
1880,[1880],733a11c82c8249e93a5ff994ff3fae49e7186a7d393b2a49154bb0d170cf12de,2e605b801801c280e381da1987682556498b29b3615db65e39352b44d68789a0,1,train,1
1881,[1881],e6fae298deb42640c3dfaf4f6d0196f83922698085544f5dcb7330ecaba2df76,06dd5cd96eb2c65a9eeaf7a53fb00f33aa64b518f55e8144cbea0d1fbec8c864,0,train,4
1882,[1882],9ccb1e1224ff537f9a66ed9d52bad08b8f9e3cb2752dc96b1842e28cf74221b2,055fd5996ab73212d2dd99b8a1cc380ff1b8ffe3e321f616f20e01db3ff2a95b,0,validation,
1883,"[1883, 3250, 4356]",c02e413ccffd69bf24aeb352d5ad59a95a6f0478024bbf41107558abb4208a36,c46d8118e56a1f45183be2d8491d950d0dad6ba1c76bdb77b7d293881aa9c067,0,train,0
1884,[1884],2664c9a2d27d41c599a229e7e584ebc214de7e1e3ddf72b77a570c00275d615d,f85b0694fd1bbdbd40afd308ae91a6d861a31a97847708490a6e369c586f7cec,0,train,3
1885,[1885],f584e7bc593bd1e4a2e58f42e0b6793311c21b70bb673c91ef818943c4aa3c9e,d68f808ba0697be61f840764247a265a73a528a13713b7fab2ef25f58c503abe,0,train,4
1886,[1886],6539707fcdebcbaf163c28a3281075628a39528a21c8d08bee9acc342ca24f7f,f7ea54f4ef992dc29cc7fe7fb11003f0efb7af9a511a6e87c4453412114114b5,0,test,
1887,[1887],7aa6b23c8cd1d5654a525e7652912122eaf1bf2549a177f33f61df199b3f57c2,5ad4a38a344bff8c8e803fdf933f9de47ae3d0dbb958ddd07388005518ab7d44,1,test,
1888,[1888],c8b74897738b55e984f72022121bea13391fe0be7b3e5d812a2946a131f6d494,abd073fb0effa23bc58eab9612dc80d545cc3a975ce27202303796a057a18405,1,train,0
1889,[1889],12761909eae6d58f00a56e78dfde72b184092700dbf02cf64dfbfc044f982e87,c8e1e48c507ed48973309a2937b53c86ba5f89810043e4c0def99aa636a5524c,0,train,1
1890,[1890],4f1874224851a3de7a4e8e6226d5222f141a0ee31e8d511d813b1c0665338dbd,b5057209441fa9c3a63ac076a9df7e18e0d39eb34f7eea77fd8589725b8c6097,0,test,
1891,[1891],6dc56e2e4832bd8f590f753aa048b6934677d3b128af5a2658a4b5b8a130e46b,531ca9a8fdd9774234ebd7f26112f8f517b7571349c842a416a9fc164c0e0c5f,0,test,
1892,[1892],c8fc099b63d9898151e70b7cd484f02342184b50f70316763c49e940e363cf9e,36396e6bfc03a04c3df64f9164834bd967ab84f52a47df0a5e878eb160ea2ace,0,train,1
1893,[1893],f67f581b92ec82ae3b4d230b09254a16a39d2a05059f20b4600f1c149e3c0a5f,ca67545360aadd2c0f3b8cf8d2cf0b925d82143454078385a6db28225487e1e5,1,train,1
1895,[1895],962137bb83d5903777b6331d5a97595336b2fa53411b4edccd69811cc8fa09ca,90d1c61661694c71967acad58acd74fbe883bec8af911a70b121842b09fcd223,1,test,
1896,[1896],fbe1b0766c5b4fb174f17d64f1237557b8b2bf3d62e95a4d97db9c8931b693e5,7fbb3bd918d4d830e8dfb5a671bf66590f790bd30606913f8b5ee89fb53d5e43,0,train,4
1897,[1897],467402f15216d0c7f076fda3b6007b413abdb1678cf5d17a204719a8eb97d652,d47a2d0ff576db7d6cef94a4a71ce6426be950396a61e41f7468cabc9f767398,0,test,
1898,[1898],11caf0c62e2799583425d1d9111f308ee2cb76129ab00370af40e58caaa63d3e,ef417e6086e2ce34f8a5152f11c8de04798370ca9ce8a42707ec6a96d859e454,0,validation,
1899,[1899],c7ff9da9741324892392340c01bb2ab8de94d54f0628ca306520e075751b0c5c,6e3ca956a3ff6d3f01cef4eea99db9e19d2f2adad15da1e16e3cd7c6c0b34876,0,validation,
1900,[1900],416e2507e03d6f50cff9a8df3e2997bf2fd6db0f0daa46177e603aa15725d963,c076d3e40ef40ae67525f6fa3c08df0114b03cb561a7f2da15e6a6335c23ac5f,0,train,2
1901,[1901],3051b40b041e0d676f16f505e47072ccfe7e14f38c0f1da10236d255f0f7ac37,119c78ceb73b1c06bd9501da3c990d350ee420dfef09f41029a7a258b966983e,0,train,2
1903,[1903],735d71d27bd3f638520a137841d31ef66c8eb50da6fa104136a954db75d81640,dc2d07d6ff12dc42ca24ec3c491be30cfe458b937bc817c95b69f95d4d21bab6,0,train,4
1904,"[1904, 3123]",d5225a0802890a3ac42b6d3426346bb4069958d5ff91d0025988604fe2dde9ae,32521ad1a0ed89328d6e4f0231af20ee870bcf2db72b761b4cc31bd98a93edeb,1,train,2
1905,[1905],471af37d589a7ecfdc9d73c901457d207c86855bcbf6acf8165f6d459dd4f814,7a1415a638f121e929331351cc0cfbab34295ac8721b323f5ec75a34153aa3e6,0,train,4
1906,[1906],aebb05a031546d1064eab9fda4faab08374ba114f710eb044ea31c03f8e8b28f,6e68db4fe99a9e6c0e2e29eabab14acae87b5af8d0f18abbe655e421f07906f4,0,test,
1907,[1907],41882bb2c0fb50e14082a49eb4d970d8de71b213b5ed0aa3955aa5845bc12c2b,0467362d711b64f8f0215b56c0b27f06eb64b0a68b117c8cad003302476a303c,0,validation,
1908,[1908],2874e3f7bd606fc82be3ce861d04a09e88a408da497f13a1d4c217070b1d0460,1e29821cda7992a2ef9a19bf3d726caa56f592f7188960c12269f73d528912be,0,train,1
1909,[1909],745c17910113adf43e9fe4833ed31f5c5b7c663275cd439a3b98966cd4574a1e,605ca5fe84d5be24ec0dfe479c7eefe0ebc6b8e04222a69492059098a03173ec,0,train,1
1910,[1910],d57a348d34def08fd775ee7cd41e6117030b8817984eeb2d6736886ceea24d22,6b9a91004987ae97e3ab994c12e81ef57921d05572f7bbd713872c56b7861e84,0,test,
1911,[1911],8464eb2c61d122f3dafc60983532aea5dae745ce7f8e3eb8cc1256ba177997de,0c2df30dfa205eb6448e76dd35943f2ffce66e6ed84ead33aa91ee112e2637db,0,train,4
1912,[1912],a8b74daa8977bde5195f017bd4ecc8a5292cf4e9995f09b51a520f8e3d2374dd,1cfab9f3a5b9b69919d29c9bc4fbc36c4a82e630c63de89eb5f826bc0788b1e1,0,train,4
1913,[1913],8afa0e1b9600c41694ff1917470dfd6dfd952dba624330e96f5d4285041192ac,3aaf70bbef3a418c244f6e1f4fef1cffb94e2cee6f28ae6743ef2306ac820090,0,train,0
1914,[1914],876850117736c565e450fd21671872c448b08189b1617961cb2baf0c30926c6c,11fec78cbc63c6b8727f10af814f41496ef60d043cd504239f6be0a4fb260d41,0,train,0
1915,[1915],4f5064ebf342ab2b6949b9638810c0ca4e9d4ffe7e5b5e83baf385c270ed5c57,5c46fbc33244d820a179b8c5e822bf0f0fd7e50ba85fcdc9edebe53eb8b85884,1,train,1
1916,[1916],ddb1b0d2a4376e642dd1f0a364a33dcc94bffb2e1fc141a97352ada3a90d906f,10fd8531aab532333f7270613d5f76ee273daba3b935fb21f53c6ea08fe7ba32,0,train,4
1917,[1917],11e5b09a8d82c6e3ef1d43afc7105e5dd1b94dcc39a0b7af621c9cb102da2943,d6835f96ba494074046c0e50d351c4027ae5c2b91c762aabb2f0b9d8c0db2d8f,0,train,2
1918,[1918],e56e181b3062d583f792ccd961e1047ea34c14cc8343e8bd1dd9dde2152c7e9a,b2273f1e86f7a3e6eb39b532738fd4562d9c1a06809122f434666d772bbd9271,0,validation,
1919,[1919],f052c9d5f6e3b5496a8e7f6e653f511fae340e4b50d9430264fe272faa6ab9a4,48dcd6f8507b46dba6212cf8b8ca8227a8088eab1154dc60d84ec054e5f032f6,0,train,3
1920,[1920],51b95a71c65ada0e4b5a1578953e4d2cbc81ff04b212d2eaba95f7712ced94ed,1c74e6e64b98299d472a5dbd06fb6cf289a9e6327ec42c11a2737207dcd0430a,0,validation,
1921,[1921],b39a289c079f6d5d375d988a21034b5aad3bdec8e8699e0cfb61975e17d40c37,b3a807b4288095bfd2bbc753cf681396ac31e7cd31b8466a5aa08404fd479d0b,0,train,1
1922,[1922],022c5c0590546ad71344696bb64252f9dda518d17e4b0a46d1e3deb0b172dcb1,0f8ddbea89b77bced255d6a85668085524ca44621ce8ac93efb18b2b6a2f6478,0,validation,
1923,[1923],73d6207872871e1e1e2fdb27bf51d7643c8f76736c41be711418e3c1374975e9,a3638e6596d86425e9788098dafed659f50b2f2d053c3fdc5b97c1308287b667,0,test,
1924,[1924],271360bc3d35cadc89dc0146478492ed9295f59d58ddbf062bff9691a7d56668,fd95484ae0963b2563ee30ccc8039778c1d97478c425aa0baadaeca2879a139e,0,train,2
1925,"[1925, 3051, 4498, 5359]",484ea7a0acd14f45bbd6d86f24f67a8227786a6549c6a08204d9933cf62bbde0,2689367b205c16ce32ed4200942b8b8b1e262dfc70d9bc9fbc77c49699a4f1df,0,train,1
1926,[1926],3b85ed5b65d36a0bd161d2e14325afd281b59770d2e115ead6342684e3833925,c64be6a97597c7a8f22c66caa562be21f2b49404e72c8b5ab36ef8410f729a97,0,train,2
1927,[1927],386e216b19a35d2df1bff85dba2c8cdda250d817af06767bff8cee94e4410063,dd47e3036d9b699c7691e36423831e2b7d5451b90c3c25d1880f311023b2cbd4,0,train,0
1928,[1928],252f6c9d936fff7c2854e8cf188168236b156dca4bdec27739e222f079465402,7de442024e2ec43ea05347340ff94938697fbbf466fe309099dbd40e9839cb2d,0,train,4
1929,[1929],de2c337475e127270b222d51e50f70ba0bbc0252eac77bced0c4be7a2f74635d,e5e2bc95026ba2e35f81c91ee5ab231ec5457913d07bc8dfd9eb69b599216ad9,1,test,
1930,[1930],e846668ab0ae9fc070ae934176378c07b5eccc7b87979f729c481d70c83c950e,00e89a7a254eea054692586017a9cc22c070b0c25a0106256408c1dceb36bda3,1,train,3
1931,[1931],24b81e185c86ed3c0b92effe44d7d5a3aea140d4cac57bb0367404075e95fe31,9216bff45ea147c30bec9f6365c47f43f95f318806dc7b53777890188899f71f,0,test,
1932,[1932],80efd916fcd71780d49e263d20a365486ee4d11153109122204bfa994d985ae8,ca646efb2c3913979ee0d91bffa7c7fe310858b2828f477553233c8b993f143d,0,train,3
1933,[1933],4e422def39d2ceffa37572823b41c94a94b3e8812c55fe78b7d4e584d2aae926,833698b87937997ca2001607998d1e5cca407be22c2197f7251ab8a14a77aac9,0,validation,
1934,[1934],71f2fb1a1c108382c9a02d169c8e937b8377fa1d1586c4bde5bd6ec6d3c03f7b,76c920d0f979d52e23088b2a560cf8cb27ef1e1019ff7ecdb0472a731baffd45,0,train,3
1935,"[1935, 4655]",507ba13868b6170a90e94eb92b50a2961da522cb7122ec9db8a126e3f025a1c7,1a78f0cb63b34f0bad2de7495fee06cf37a28bd342a7ee01efe11754805e4429,0,validation,
1936,[1936],4fe4b96ba60ae0dc7e8fec33be47f85a696f5b7043499ced7657f63a1ce9249a,2cac114718a103c3eede6df4876512b1dcdcb59aaf18c8b5c8c19dc8a1e101c8,0,train,2
1937,[1937],0599de725f20a9ca4421e0b8bf67aa7988295e5c732400a7675c2db48142c371,3f71c3b2dfc0e116583d5548f78957cc9b7df4fc6e2d3eaddb2007e3a7ebedbc,0,train,1
1938,[1938],abb80941d14c47f9c935faba6868525c2b88083d7a0d85739383c6b04d2db075,10496347ea019b50d1c125adce616b711371f3b8fb19efa56d8831fa93c11830,0,validation,
1939,[1939],248a2d1c4cadc592e20bb95e27bc557c835c43bdb9e13690cd82079bcb54e74a,360f35814d7c76bd3c678ac052d44262d227fadbea13c529a435eacb1f047c0f,0,validation,
1940,[1940],8a26fd3ee2b964680bc60655820c114cbde3a5feb1b8c392ca84907eb631959c,2aae81b00a852982c13547ee93a1f5781f943559ea773ad0924747e7922043e9,1,test,
1941,[1941],3341128ffe26fb336c7c4dae66afbd93293986277534ecefc53d20843b3502cc,a83647a280c7a0701ea14b8d58cbae023ca3dad3339d1c8a94b02cdcd5121979,0,validation,
1942,"[1942, 4299]",53f8e75e9b188423bb8dbf1c0bdb3fd1a747345e98cda4e0450cbd305a2169da,27fb2fdef8f86ce821e60775d26655298338c9969e01664b846baa1ed6021ba2,1,train,2
1943,"[1943, 1957]",107342f3ed2d2bbb357c2c8486b04e561d992ef5c787ffcdc1eaf704582c4878,77e7f5e2981af0700b0c36774bbc3f9a83d2c3de9af7e4d42467208664593a8f,0,train,3
1944,[1944],e5df40fa97d25b2caf7d2b927bf6501273b8649c418c577e08b3ab31b4bf32dd,5e29ce0e7b28b88f2e4dbcca856be69d311beabfb3e8710cdd380429580ebbf4,0,validation,
1945,[1945],3b50394dabea8974ef110bd6bc572cdfd5c62c2426c1cb8b2dc5dabc7f4002c9,9ed2362f181bd9b5ec5b2791cd5650958d64dfe4a3e5527937be5ac4dddb7064,0,train,3
1946,[1946],433f2a0e1243f6b99e1bf587f908779ef3954df15beae73724eacb9560beaf7f,588a3ce6e7f16f0f1f913e04d0f4da6f19b0450b03c92f4153ca481f80680d55,0,train,2
1947,[1947],22f2a15baadb8b6af2c81f2b0473ad98d5bb3bc742a859f083b52a09105383bd,f4c49539815c5f3dccf4c58524eec5f3b9ae808b2ad4df8a9729fa87579d361b,0,test,
1948,[1948],30e10a653d5c61e941cf8a37bb2bd0900b95b09ab0f5b4587dadd1f24c06d5ae,6eb4a350a112f98dceca88dc0836a64b9268b64e3b494fc054d903333d2acf97,0,validation,
1950,[1950],76dd87ce105c05ab340e52156d6be921c2da479866e485a47a98d3064949f6f2,490b683a52628348ee3709a6a3f5ae4895d9e28e0a7ea768b230af28e313e9a7,0,train,2
1951,[1951],b087103a0b55b36e5a6e02730b4e78f97843573a0d400f27580be63ef97e3d74,81da60c0abda3c0ef59dc1bbd0e8e4847fc74348bba99415ea0bbfbe951940b5,0,validation,
1952,[1952],f72bc966a3df6164f33bc3c3138c1913c766c7cba6a5b40a863c09a782fa8eb1,deb485e609e4ac71efe0553bb3bd0d25717cfa6248c1c5a7dd16fcbe99c7f0cb,0,validation,
1953,[1953],885b4942b3a4861110a0a2110e96329fe295023066d31b61562f735fb524a78e,085cd54efd7e04336c77ba7d4680337ab20a940957b9553141e9d7bcd67f8f0c,0,train,2
1954,[1954],0fcc54812d2eccb0ce7cc397c076cefd97c8bfbc2e610e0083f5a58c463c4510,a3656834dc7507179377aefa16def09eab064d7f28f0fea00c6bf69d45f03304,0,train,0
1955,[1955],da1f73b4c5d4150c1db4ac77a6a3d35b4433542726e781b00608422968448b40,f40a91c9f27711bab4bdc1001e667a0ada5695a0eee5b83691c8405994c9c18a,0,validation,
1956,[1956],47c3370b6709f2357145e316b395f67be789bacf1b1cadb2f54fb014412c2376,c5d4cb9f38275a52e772185763646f0eeb0a7a2e1780e568c8995f4aae08e81d,0,test,
1958,[1958],fe1ecb6fa910bd6c30d77c424960113a146c4c0764fa01814b7cb34ca3f4e7a6,68b6fbf1f5434b059767dd57139e44395aae4f6e13a1edfd24871a96f47e6d01,0,train,0
1959,[1959],2dc9bad2f4e65348418b5c12d11da9028b12c86d45c11280849a252ae96b2dfe,8aa2011b75ca8f8d4b511770901ceeedf2beda5f594d329ca73c4d62338abc4d,0,train,0
1960,"[1960, 2831, 3188]",5e48fdac3e0782e5ff2c047aa571adeb2d724909e8a84a6af7f88695ad338053,e1810b7ca0e1c945de7715c4b1f728031513085e907cc329da33d054ade9d8bd,0,train,3
1961,[1961],459893bbdba20c8e151204145bff0d8628740323ad803c6ef7590194e1c5e741,ad27be95278eb7a8fb99329ab0977ac420a00709b6c28d0757899866180bab42,1,validation,
1962,[1962],ae4c6f698fe9b709893922dde1a9c835d94d08840c8e038fa27ea8a513aa5f24,da958d12aa480baaf6bea023ceab0b90e5322db1f7f6be2b9006fc1b43eec9cb,0,validation,
1963,[1963],fd7dc52af877dbc58ae396ef26523b00c7163c9a351917ce71028abbdb1f280c,b525d6fb5e8bfbe04c31cf55071f6584c9aff1d6b30f2f4b8081c5f0a27fed63,1,train,3
1965,"[1965, 3300, 4566]",5181f42edc8cf1cae6ab88ebf28565b0cfc22b194279db0c2c1f9f5d28081b9d,82776f5542980295458c92b52da5321ada9fc075e08cc0553e3a69744219cf66,0,train,2
1966,[1966],081559396f8d349c3d0e5c20de967fd921b0bb03392b0a0ef08bc361a50084fb,d49dc29723248e5b011f3bd8f2473a4f0e1a30d0018d8945944c32d48f01366b,0,test,
1967,[1967],8ad3757c612a410b9275c49ee41e85179b78ef202abbda84a948727cbe00dfd0,bd03a8fe3237a36d5ee90d162054e84b1844ae980b8a9a25fc40e24051abebb4,0,train,1
1968,[1968],603e85e9a73303e68bf5816448b43a79f5790f3d300e20eedd83d0f5fb24df21,cb4ded43911cdb22fe5fd2a49abd652f57013356b9711d9db673021157c4abfc,0,test,
1969,[1969],a406032d104ce852f25674ee5f77cff1b0540fb7a73187d390d1ce565452ccd6,dce6a5b9b346d6932f13b57c31303c89926195b22ef015bad326494eea664e19,0,train,4
1970,[1970],e50ce1aff3bcf3c62ccec9d6b679c2e52d3a485cba3f65c15dd0a189592ce650,bf27911387d813139953fdd91c985e504a77513a5e355c941a62854df2543a24,1,train,2
1971,[1971],0858ae89b4f8047e8e00c8912cdca9927404cc3b4ccc837b2a9a5104ccfa816b,939aa5b4af68bc1d4730a5cb669aeee7202d782f03cd71d52a15bdc03f8f44a2,0,test,
1972,[1972],56ec87f808e43f49adb1c64d7ea98dc645875b379c544d35277340005d2be723,094b9bf36f8ca9f3489193035c3be022f4ebac5d49746568eb8bdf57f28c1a1f,0,test,
1973,[1973],8a9a37130ef260a7f26d5bd0ff6e0faf3fe24441d3b7231d3a82d0070118ed17,4ea43f30fac96f15883b209cbee1a0615bb39200f152056c884ac13815add50e,0,train,3
1975,[1975],2d47d2cd0e8256c5123dc7b09b72bd9e37e3124a0431e2f8aee0895fc323a6cb,5f7e69123b8de9d49c62282d7655e4355f8be75664a684680c2127bb93b5ebe4,0,train,3
1976,[1976],2599840b338c1bdd9a2f943aa3a90bfcde9d7420047058cc3d5157e43641f2c6,c155243f6a20f902667bd486615e32ed046ac43e950ddf6462455b4d6324679d,0,train,0
1977,[1977],b8f593697ba237ef359167de05ed617f5cc6b8d71e8d747595c6e00a0c45349b,84d412429c4166de10c836208eb3c452f8d720225d4499524f9e4ac28913984a,0,train,0
1978,[1978],aab5d1ad07f74d7b2b15c1c666da929f465dfc009ae8c814091c36154ee7f2d8,24a2721eb840dcf4e7d013c075e62c445b8375f4d2fee8df95213f0561bc2c21,1,train,3
1979,[1979],58fffb0e283ae7f00a668ef30b3a479f972ed9c4aa49c7c4b92139591af6c51e,fac0983dce995dc734ee669e20b4a4efb626b26b4b83e95e372b74f4def3fba0,0,train,3
1980,[1980],cea80e0cd7d16e4ced0f39a1c9b8548ea54518103d5f5511e47c24604bfa37f5,56d325a8cc3eda4d8ffddeb9479a7da2da96a99e1103f3de24d960800dfadb7a,0,train,0
1982,[1982],f2684216b4e70d7184d04ac8606aec8d95367e233675968d7f03e79fb12e40b8,aaf4c249a4719097f9b5d8c37bfd8379b41e0b4d906fce2f16f78398de6bce9b,0,train,0
1983,[1983],07e2581b69b5daf0f458b38564343f86c0c2bbd7a5a54ba404a61d5ae32307a0,8be711227147fac63bceb4de192eb1ca94aaf309d58d67febf7164824e502dd6,0,validation,
1985,[1985],b6f8986ccbcc214c4abe5c4825125831b1e2334bb35da7d8d2555753b25da98c,c2e2e4d7795e1e3008c9934114967c147260655b5d6cf9067e233eaa5408b9f3,1,train,3
1986,[1986],16ff301bd496edf9a918ad224c3553607b120aee83385a0434df48b1afa88145,56c6616a96858f99589e93ab7a001fe78f506262907a4eac4c67fec5607e70f2,0,train,0
1987,[1987],de6efaea8569c99e855492f5d65ed3636e50bdab9968d507513d769f1cee7f2a,358b53085ae2f8845991f150972c7b08a5e1a1fb88c1ebed77ffa8aff7278c35,0,test,
1990,[1990],cdd545170a526cca2d5e7dd597812bf5d72f058a31a806a00ab4b8d0ab8ee534,b23e663200ae916219dfe4b789f0259d2317e32f3b03c1a78125d5b6706818b9,0,validation,
1991,[1991],1610b0206e6ef0668a0a08fd8c92e5f286d46aef2f75dc29036fef255d5c7b2d,d393cf188994401aa3633b793a12819e1a48c89c9630f398f6b5c5d3ddb92f4d,0,test,
1992,[1992],a3582ced6189235fe7680afd1fcb3341f65fe2fa647fe2fdce68993388697e29,9cc0415a33457a7e372c3fcad82f23d33d59043b87969c8d530c91ebb2386905,0,train,4
1993,[1993],9ee97186dc83fdfbcccffc605cfa1a8c51c9976e673b16a684dccdeb838398df,48a482eeee0d422128dac3ede4a922eff3f52b59800949cbc413c1e97d0c0351,1,test,
1994,[1994],72dbd8fc2ef6d63a16348a7079e8e6eefcef59d154b05f78fa596311789ef767,34d6be1d077d82cd31ccb3765cea9025cd0645f88d89ac624f2660c2151a5217,0,train,4
1995,[1995],7d4fdc8b58295318acdfb4f7a0336e56eb4e66eb27fb157928ea0c3ef59f7454,37a30946e000bef9b32ce057a1e258241b36574f2f31faedbad92fb0b56ef615,0,train,0
1997,[1997],72b466979f4d3dea1c30b036c23fe271a82556e0a5a2899cdc0eb7417b3f2b75,4234328fee8ecc02a0f7e59cb561c20dbcfb5d8c033d18298032a3e42a517ffd,0,train,4
1998,[1998],e37af1d326f141201aa81b8b692d4864e9d1d48d51837dcb73c310fd7fe22b42,dd3846f662ba220423ff80be12415cfb59838d7f94d8e3fbb4cf131b2146bb91,0,validation,
1999,[1999],128b7e53abad80269890e97acfe4b207bd82a309e40331099fdfabd5eb3ad728,2da0ee76abf074db97029a653105c11a5b24d68d9095b60b45ad75497b8122d1,0,test,
2000,[2000],bd5984717a44812faa624128cc98791fc6718ca55c1d5e17138020b0f3c2dd56,d0fc1d3848d9f9f5a645c19fc9fb958d9867abd6c238c9535daeeb8730dd7584,0,validation,
2001,[2001],cd8d67db7159e71683027295b1a067142dbce7eff40a98737ff56241a829a7f9,6f3ce9008cea295da6778b320a35c74a3c2cf5fb519efa658ec7a9327ebba4f0,0,train,1
2002,[2002],353321a355529de004ad399db6fa76692f8bb9e451999e991c1b91ccf1b5a127,538e9ceb5a88fabd8fc5f192b56603487279e1ac7135619567d4751f327536f2,0,train,3
2003,[2003],15997697b705a2c38303551c0c80566bc2fb79d468bf8b05c9e6d41642f727dc,2b153ac4a8e263ad368d9c5312ccb6df2ed0b9d9549611ec7849c1541a003124,1,test,
2004,[2004],04553ac5ff3f280c118809e4e7c5f618c9e87f5d9b24be2271b108ca82ee5b0d,fd1e670e672eb2086f3cc4ddfff3c0418cf6fd160a801ffe0dc17ab01ff5f774,0,validation,
2005,[2005],5d97898b5c2de9dd71c503ae01cb900bd799c1f97cd38229120bb97ac555095e,42452ec90ee71fc7b2ea8675513050975844cde6daf7bc462fab83141899ee71,0,validation,
2006,[2006],8e253da099aac9a0554c19a105d00ac63e37031a8b4d386b89ee010e26f149eb,6b35e047ae4ab6ff6fe5d61fe824e8042e6763cc4b256655901d08edcbd64916,0,train,1
2007,[2007],10e87e7b25f2b1e1c539307790bfbdccc16c95950a7f3bdd2be43be3377932c4,1e13b36521c30bf3c18b96abc302eacfbbd90197994e6fd4c31960afa0d71381,0,validation,
2008,[2008],69c2757de67ec8ffad014e8e7d0c5e46b4076d14deb407ed966fc02fcf050caf,73d039c6685267de53c0450a0cf8a44bbc8e9bba903babaa5dc8a1c143d68ff5,0,train,3
2009,[2009],40bacf1aefe5282c46f29f0d3036046ebdfe58c9cf4e3daa97bb71a9e10f93a0,31b08d2b033840df92c697c479e25a477d435e679e5037d77070c17e5c37b97d,0,test,
2010,[2010],818f4bd502b9c27fc45ee167bdc2196cd394a64bc9980b54a5e139b461d21780,f7996d4edd40ba2bad4dfb285da4780adcae1afa378f9ae9551800440c97bd30,0,test,
2011,[2011],a79326d00e1b687c176228160988519b1ed0ad9735972dcfd53041d59b5f3fe9,fe61edddb9805956fcd746b1148d950d5c27bbd61f70794ca6221916dbf55bc4,0,validation,
2012,[2012],6bba0a19574f2d8ee94d7442bb8ca74451951ad2cc6082adcb9379c680580cb5,939e7b22a51386b4c34fc5aa15ebd3f8ab7829b03d2031ac2800905c038c47c7,0,train,3
2013,"[2013, 3408]",02b609f244047e4e28d81a3cb3e1975fd125b21f8f27ed0bd74b63322d215534,8ab88dffba12d14492d411d4fce695cbd0b124e1b8aeb61c6f8daaf7f5978073,0,train,0
2014,"[2014, 4948]",a2f90a9de1d07ccb5d6cf92f82042ed8163b9bdc21e4f31744ddbe9aaf810afd,70896cdbd133c7a3731a5896b37c04f8120420a6022ad44f8b619387a4203d77,1,train,4
2015,[2015],fe7f5cd30ac9bda05a53ec5f2afa50a9fd208c181f70c1226662deede43f13f5,69b67e9cc41f47922fe1f8eecba0339b8fac2bbb27ef3f3b8e7456caf9f8f26b,0,test,
2016,[2016],b727a59df7688b1f925721d79d5b4b47ca9d04ff27dfb83d92bf3922391b935d,1078e15b4409b9f4f9397d5b2d475a13d3bb68b604b1aba3d5e3c70c71f002c3,0,train,0
2017,[2017],51fe65cabf08ea0bdc30847a74443ce34efee92c9b42a575051685a00c0bb67f,c25260946a1034fa400e65d66c1fa82f0f8c5bf54599da5510297c61fbda23da,0,train,3
2018,[2018],2ac802463e0bd2c4b864d0edee4ab1273ae38dd0b20fcd7102ab61d82e7c3c80,b9e052a7f218e3445d3e183cae47f66626e7a99dfe61200282ff042d6822eeca,0,train,2
2019,[2019],7a319e0cbc6d1c8d4aa1dc71e4760a04f5cff276c82f3bfa728d41524fe29786,913410c0917b40ad23be6d555d3af6793d9d7daf4128aef4e614d79dc4e2ce93,0,train,0
2020,[2020],b738d5659ab30f09eb90029fb4322cbd70cc6606748644c9dce2610634c4c616,272abc3220344f25d13976714c4675200ae0ba6dcfe4ac9c0577d1dbbfbba267,0,train,1
2021,[2021],fd02c1a8ab7f09e6f3b5972e129d1846de2e00127f2e82d1b872f6d1ae1fcd39,4c96fce411e1ffe324d7597627ec4a8248e8724f7641ac074224c4a28cfeaa3b,0,train,2
2022,[2022],70b9607f72aa6e991c607f59acbc15732ed8f904194a0cd75b95b98074e2cb89,8ece07188bd5e4de417510167467bde85060c29918f2ab59c0b87c5367fbf64b,0,train,3
2023,[2023],2bc396dcba4559a619b78138e1ec365aff31552ac4577b86f79daff5e52b6454,cf2b7414878579279a2d3cd36a6d72eb380b201b64908e7020adcd6e834f607e,1,test,
2024,[2024],9a8616ec9770ecb572d9292780a30552558b9b358db0cafab1a0791595ea5971,6e67b538cbf55e39c5d6415146ceacf2e822b4e2c8504f8b961fa7b1b8190bc9,0,test,
2025,[2025],d66fc1bf2c93e487a1ddfc5255daba4068d5fbf7e3939ffaadbccf0634a8be5e,4be67c390bfe679e49dda15b492a7870aa6b4bf51757a36efb0d543427945c59,0,train,0
2026,[2026],26d8ef2790d6728dcdc8d83ddbdc24b014f8f948929ebaddcbf0a356310a1708,a944a73ddb114dfaa9315bbeb710583b9e20f2fb5534ee02d91287db7531d7cd,0,test,
2027,[2027],1682fc5c9658f184565f1e2e77acc46f544112572a0f6e8f75e57a36308aad94,54baf0190256baea26e5a243e268b447ba8c09d0a860c853bcd2096a323358e3,0,test,
2028,[2028],4fd17bc941c5893e0a0104d226038c2d18b060dda07565b241a096d306ba4219,03e3f60ef84a888d39558806d528a9f5ac5068b0df62c0de8532112cf6e90660,0,test,
2029,[2029],cf63ef0da99eadaa3274124aba68fc7fb684f0e9155a445fa3791c7180a3468b,0e043465722caa40a72dfa3bf499af26d139ef40026a058e3e6fc4d643866b43,0,train,1
2030,[2030],00f9906a2d64fb46b97cb24e90182e44bddf7574c527fe6aee3ecbcd6a9ddad6,1e010f090d6423235f7c4134cae0a9d0ff836afa6415b70fe049271944b6e2ac,0,test,
2031,[2031],c1448066a079d19d4a40574757eeb28b59ed734dcb88814ba9ab1a27da13f28f,813e9b19571823f2a20086206078f542a5e76ac98c44b994a421438fea8ee395,0,test,
2032,[2032],068b8fca542d8b7b43f0038b8bf2e717ba1714b16e1f085dcca31f545a339cc8,7be7d081110fb39163344680115a1d1b52712687cec8a0e402103c8cb6c50913,0,train,1
2033,[2033],85fea95a7dcce67ee8179767001daf0a7d80016b2222277c1cb6894b634f3bca,e7a103917da8bbb029efcb19c4cbd427dfb6f143a722fb0d2d43950f7d59ec85,0,test,
2034,[2034],c41d7043e973e9064a00f75c0d720d69d10f46e8d4ee200c4fad2415d5e67457,74774546669e74b2af81ff420a68f091504acb5b41462538d0b8162d23b3a731,0,test,
2035,[2035],98d92068726857b8e8990e3f07478eb158bbc1967c09a4d92bf2a01f0f80ce4e,7ec2e2029b01743829a3babbd047e5dadeb5b18fba4c362f56e5bff6e1221299,0,test,
2036,[2036],055745485eb13270d2c9423402f83fcf4924cccb9702328b8451bca5ce30bed1,277d452d8b3b809f883067e9d33202eb59a4a268a5c976c1bbe7553705920ff5,0,train,3
2037,[2037],42a47d476e5b2d8cc409c306e6a59c569c7b1eaf140e8983143a21e294e3d373,1f95f5b7f284967ed527321c1ea4dc01a1819e8f82e8081dbfb9c6aae81156ad,0,train,0
2038,[2038],b3a13e2dd57ea345fc4c6f33a527dc5dee9b2386598b5838a78fb47b7f1bd81d,ac53745591839d890ee7ea1489f69fdd7930b221c434a24353bdd67a67370a88,0,train,1
2039,[2039],5ef9f1acedd884d2c5d5c8c052108b3f5498dd58682a153d1472a67ef8dee036,07ee3294afb04c16eba6b415f8e7a0e0b93913779e12d84c8caca3da82e75b12,0,train,2
2040,[2040],8a171a6aacbd0d27de49c1035d6965db715a7f91208a3857e238d2d289745a1d,0292f4fbcb70fcc69906bd22de5402508f42ad0a1ecda6fa62d0a93226b3431d,0,train,0
2041,[2041],fd0bd556c3d83186a7fd27d4db9207fe0db6685643416de9b0a2c90fcf4e74a7,379e66a69df3a284e84889754aaa9637e0d6eb3ea90b060f90f143b3a4fc7e4e,0,test,
2042,[2042],911a89333068952ac76b9f348b259bdd6b96b3677bfc81d2ead3aedb1ed7b386,ad8bb4af31668f50727e1d52e695052b31fbad4e17b788898f67d02abd8a3327,0,train,3
2043,[2043],f407945acecf2647b47bd5acf650659fa545782075430a056fc0f21727dd9fb1,7a35a7fa6d15ca4bf74eb954812ed20fc94ab4e9a0a9aadc21edc3724a4deeb0,0,train,2
2045,[2045],2077ea878b05e0dd6fbea3fd53383a5ee0e1b2adcca87c8f393ebfff3027b55d,a1ffe8a6221ebfbd2789c9805a122a331998ded8ce9a7e3cbacb25ea975f2dd6,0,test,
2046,[2046],79fb9ed7cb1098cce225f165097c7f3ef6c9eead7271f59b118e2b6bcf48e63c,36726466e7e5de442e7ffafaed84ba5c2c5b7e50216efa74789faef0d6e41764,0,validation,
2047,[2047],d82f6d07ae8e66a3a50be626511108ce64b05417343079ec8071a762e053e463,63d7deef0f2e74fb8481d561c11ba32170e0ed92e914d04ecd0774073952b64a,0,train,0
2048,[2048],84b2e2287cb8d1a67b1a81591c06d8b32130b2de1b49796f5968b1a6ffaadb88,b006fbf5ee9d41868b62776747e4320f57a2145cd10b4bb69640f4454bc496d4,0,test,
2049,[2049],89286b62e69eafa2243bc35f119b8d476aad2bc58cb920c985f64d2634e4cba5,ad20625c4b13c55930de8649b424ddad1a91957cdf5ff4b6ccc20960527d0a52,0,validation,
2050,[2050],7453c4f0bfc016f9bb0d0ee22fcaa73c294a6fae53e3c7a3cef0492a9e9b4ddd,62392f9fcf703fd7979144bd263d4876f47ab04d821c398a3b40353677517662,0,train,0
2051,[2051],527954ab1723843dd3650bc42030aaf45f498a78e6345f8451b883471b218ed1,417f34137ab832b757705b1f7616a90660f151a447e071ad7a596723670ef3eb,0,train,0
2052,[2052],0bbc1e4d007d9d18b9013e247e655a7ee0a4d1c32c9818a57495e2bc47359092,6afa81e7695689e70ef7f0de91a0bf9cc64ddb219b793857ce4f3edddfeffcc4,0,train,2
2053,[2053],dfee595c904327d5e5e09eb481027d0d6f0e441921f60c1a71794d1de37fd9cf,3344e62f6e13ba9d02b1f1221103aef3dd0b5984afb09d5661ec07b940b7c6c9,1,train,2
2054,[2054],418a90a146d2ba0f2d0cd9e53bdb0bb89e086ab96acfef5ccc07c26825e68265,2127c914ec576c2781ffbb78791a681f174ee981ff34d53887f9ca7d03f6bcaf,0,validation,
2055,[2055],1af2bdbe6491020961cc7ee3c20ad25a3f4bf19b0841b44c685ad2ebcdc3ca5f,fd2df2d9cce8d96f674e680d3c54b96d67d0a94a9efdbfca167588f535d8ece8,0,train,2
2056,[2056],175b38bcccdeddb3cd29476d589524d936804938d57bc52aa07c0d114a397f00,50e19bea9ef0e9f6b4a420eba313454f0e3f4135244e780d59812e68a4790965,0,train,0
2057,[2057],a24af5b38c2ea229cadd0a0104b880687614df6f234ab72e4a53683c93fe167e,b853ef6fecdad985a52cffcb0f3841b364fee02b7b60e61e2efbe98f5e395a5b,0,test,
2058,[2058],0e305c826352cf479d3ae779f9006837a908f40a741f7f9df154c67a3a0dc144,3e81fc00b268dd69568d86fb2a74f5f64dbd9b30e9f042dde19d1eb016b057c5,0,train,2
2059,[2059],87479d273b369b63c27a530e51341e3c12e6e87d5ca1aa920b1eff131b98f516,2171b28d474e1b254a584cd7d2320ce0011f5245b30512989319db30688a1c92,0,train,2
2060,[2060],3ebeab3ed80b6a4ca25a0c316ed5f4b140cde359e6944ee771ce07bc251697ff,b3e021e511f1549d2e826bf702774bd701d6fcbf33318fc659710760fdc60a00,0,train,1
2061,[2061],67a99e1dbf327f0c5a176f8278a49ee2f8aa1f2a14c1614fa18e6806fe6ca449,af8a27204c1096fd7d5e093298eda6879023cc1998d4cdbd3f9af9072063a480,0,validation,
2062,[2062],83863ae7a994e0d6592932af2f9240b7972ae868a508f2126b0754797e2e4683,7624cb5800b38af6934142585696e994a53ead6de37b5ea0cb52aba1bdeba529,0,train,3
2063,[2063],5de7605d0219b329a4468bee604e94a7d317dbabd6eb312ad3e8e21fcd6f9eaf,8681f73a313a762af98810c6f3c63ca207abaea8e26a6833a141a5c91439e030,0,validation,
2064,[2064],df4ca80210371de4527842b4a112512fa2347cfe8f051b361e935c5850e07d0b,fb778842c5b61c982b7dbc045c331ba1156004a6dcaae5f9b2f766caa5416deb,1,test,
2065,[2065],2e0167a81913235953968c868fbd1f23becfaf4f0de6be5a0422d2d5bced9003,51b9fd681d3b9a9e7c2fcdf4b83fffe755d2e50afb357607d9fce059839acdba,0,train,3
2066,[2066],3838c3c3391193758bd78ae76d0baad1db23d5097319d49ea7d4fc3c3da49ea0,f74158d2eb39dc187722a198331adfb9eb262a87b02a39eaa936c221cb7a5cc5,0,test,
2067,[2067],2390e5e746f4e9aab8efbb151a071ca655b2c24ce8db925e519377db06684301,83652b2d3f140e6484199917b0b834cfe2203884d4f4a1e0fea43475dc5d5777,0,train,4
2068,[2068],708e4d4e99f0212e0cf7832fd7dd77f974970ec168ff48bdf66ac35cc76a0e90,76532b275f2de36d78fe4892b682884b759a24c688d69b7f74e61fb0e2e0d31e,0,train,1
2069,[2069],aa3cf98052a599fda36142fa0670e7c24bf09200ed3c840a00e886cfabe09fbd,3511cebe9b3b902f53404c61d0557e5aad875449c1e1096fcec0887fa5e9f937,0,train,2
2070,[2070],d7d40a5640d8c350e6d1dfb94f81f3db161f0d6c57924fb755c8d6ed8b022317,8ca01d2b416146ce3399b34df45d2dd34cda76ec082fd9377da8eb6dfb5cc131,1,validation,
2071,[2071],f43a57c0298c4db859cb180cadfcb6785fc64e28b1e31d79421dd12e72d5edd3,8d49bb8ef970a69bbe60098168f9b5c72ca1c7cebbe3224f5a5371ecb6e76cee,1,validation,
2072,"[2072, 3404]",6232c5aca6ded217fea5f81cb7f3705e02de5c06977100f45a0d4e769012296d,e1e057353535d4db1c54cb5e815c417679948a3b0591f6ea92652abeaa9ab9df,0,test,
2073,[2073],1670acb4f5552664540930bfefd5393ab311eb8a58977e2d3310126ca79919f7,18369fca58b332b83ea85b9dd3e2f218c397e39d208ca09787c2fe761dff494d,0,validation,
2074,[2074],24e1e2bc913a77b75345aff5c78cfa75039bbd0f344d30c9c4d62a9fdec07252,f6ac1f6c7b8512a7204e2ab487fb71668f915f2a418874d1eafc8928d85b1ee9,1,train,0
2075,[2075],e56b728f5118489cfb52f8f57113372b909283e65a9130ef8d6d900a0093d224,3cda941abc0f9c3df375e56ffe51443d3ab4c31b3fca7b0181ebee7a9185cf23,0,train,0
2076,[2076],2df1e956f39b56183ddc94f68c68ea32620de52aa9932ed69224acb11f6ae61b,e9f907ca10d0fad5390b32657ce63cbbbfb8119e048bfa599c9c7c402de3eb4e,0,test,
2077,[2077],3723628c373717b79bab18537311bcd34ea32d770695d4dcf969105bb231094a,a07a257207ae808efa06c09e70cfa94b4cc4ec73317d5b3f3f4595cc47142d0f,0,train,2
2078,[2078],fd89b67dc85167316f875d84c6c1a4de923abea2521ddbb508eabbfb17b1bbb2,67b3eb4a95b7b8b2ded063682556aae5a1c3402cd7f4115ecda83821509659bd,0,train,2
2079,[2079],638b97b0d1d94061c5260ae979f4d8904dfea0a9d3b45c00e4359ebbc850c41d,e74df317134f207f4aab4792c87cb47cc503b92baeb288f305172b16e0d52605,1,train,0
2080,[2080],4fabff77eafdd5c41b9106edb7de9acecd64da511928b0f2a974fee9a2187ad3,abd69e58b76b8382cbe0b831318803ce34880dbe7172ff546c6c4b8628570c63,0,train,2
2081,[2081],739cae1e24de3ff9a2a828053735ee2768c586c730eea25d08236374dedf1b80,9204ca63d1eaab823375587710ca5b54519da21a0cbcfddf59b13a76a16050c7,0,train,0
2082,[2082],689e89341be60ca82f8c37f003996103a59d268ff49111b8824183ea4fa72a4c,cfa8993e9253fe42fd816a4da6f28ce357f240813f9769a1e18fe74ce2358204,0,validation,
2083,[2083],3d41bbb20804d8bbe68defaece66b30bd3e8d3242496ddf8b08875f0f88c74ab,a3b19f449b2684fe7c9cd7dac194c7e1d6b18e57b34d85659f57cce3de6d9ff1,0,train,1
2084,[2084],966bb9bf8b17b3a15542e08d10446fcc34487d2d7f10e11db8025f3943d7b4db,cdfecb5ff93c04608cde1448eab486fd7a06e5d6cd797120493cf5d374c5ec34,0,train,4
2085,[2085],46179d256bb0bc53f7f33b4f0bdeccdd87702367981885c15cf6e0ba00793505,ba32d023f3df3345c1556e067ac9282216614a644568bae75764ee1afc7dfc0e,0,validation,
2086,[2086],9d0d22db2b14f777c272a7d778a6c7ded8b8eae8c964980c6e376201d145bd36,60dcbbfc1ff0273ddffa0b244c7e31fd01419b4aa82e1e3e336a5323e40f842c,0,validation,
2087,[2087],4a36a2eef282041fb757bee795a2c67e6ccd1f88c815699de20a30c20ea9045b,badaf37894636d8b09b119b7e6f30095b5aeb182b3ff9a884f0409db3deb34ec,0,train,3
2088,[2088],9d8070fca0bbb2d21ffd86996979d4336132d571117fff206889380936838fef,36cdca23618cc0c6111bae1f190558df0735e49e2828ed391002e9f6bdb68426,0,test,
2089,"[2089, 4592]",d0899bd41f89fda09a2938f211a2e1ef0a49439b7d04209c3ebd915010929642,f31e21025700c407b884aac34c1cec6bcc8fedb5dc11b872b701deac352ec86e,1,train,4
2090,[2090],c0064b9368ccf5aa059bfd9522ca4a615da31e60a295c1f99a9a48b8b595df28,b07ddcf5b8886dfce0ababd60ff8e45e3e86807523d4d0f3c931211b98c9bcf6,0,test,
2091,[2091],b3ae7b6eb854b967e9ed1a5e04d230e97273de3d45a6895bfc32bff3d5f0ebd4,27682a6daab88688f01df7bb001f93938fc8a980263e3a26865e2d6ba079367d,0,train,3
2092,[2092],5d12241780454fd156cecf7dd0e06e81883622552627f219e199f06819e1d290,6c1a12bf1ae84bd6d46ef0551ceefe085561961889c02849613a6672527bd7e6,0,train,0
2093,[2093],3c2707beebeff3700ac072a8cd7afc3eead89b1be405b03817d892c81f619abf,061fa7895b7855c4b9ad87853180e0b6df1053349143400c9c62e678abf3f9ed,0,train,4
2094,"[2094, 2473]",f471073f3fd86c2a7c4db15b9e63f6c5b57d841150a3480b3e30e6ae1353097c,34098676fa57d7c3a9022a7d866ff02789e69d809a13994cce4ac22c424a738c,1,validation,
2096,[2096],780513d839c8d2eb5c868f8f5e1a8ade2adae2e7ad20bb5d603cf701225da651,f39dc3164e3d8b4505cedad56663ce9174142a25715fa1a2d058fad3bddf1517,0,validation,
2097,[2097],7655ec863f6e1582d0004f42c3c2252826df9b77eb20be6ed589a188406c8912,cafcf2b37f95904aad60e0581e60c18b5a9e79556d100c1c6b5276212a88829c,0,train,1
2098,[2098],55d92ccef677963f992244397323f7852184800d70934f28c4b480d36c3a17ab,c9b515f95a255a4d5d76182f649e7b151ba7909e2397749bcb64a6788ee2d40d,0,train,2
2099,[2099],3da20e295bedf9c816ca278c5006ccda362f66f90b547e9603f4a0538221ffaf,f49da8ecf79212dafac2e41b19a0de587a7f7950836b842980f84db9d6368230,0,train,4
2100,[2100],67946c27eda34a033a90274f780a468ae4f52c94a479032a1e6465e9da376a8d,c401af3844ef25b15931556060c906c4f7e59494cfe92f39bd088b72a356b7d9,1,train,2
2101,[2101],440485bb3fba94397427dd40854a286f27466aa3014b36c1c83846afe507b436,983743b41e2f66407b14b1ee71b8377dafc5ef15d6bafd7479514c2f60c8f095,0,train,0
2102,[2102],0f955c0fedacf667a2c060873af65999fdd0a277e0185ad9c6dce990528959e6,962907dece55c0bfacff7bbc4865ce80439e281c48ec3c325d1be9466319f6f1,0,validation,
2103,[2103],be4faad8432d84758864cbf76e8141972f0540f13103add55f76b978ed8b7f18,d80d19e960447eb42317d900c73d81acd46f8f1e01c896e6c181722a84dba2c0,0,train,1
2104,[2104],f6994743b8d720ac67f8a4b38effc22867a11d0a87ee7eb78c0553888ac19cd0,f5fb04a3efd3eec9cf8b3ec27738c0410928890f9c6deef2c35656ba8b5feeb2,0,train,2
2105,[2105],938a4aa195a3b4f4a3c9f4d03d97185b131f08c9ae4c75c6dc72e799290e5848,30c39e7caccf410ca5a3d6b65f2ef0055cf4bac635f82fe55c7276c606b758f5,0,validation,
2106,[2106],aa810fb067cfbf092810ef2e8edb603f888e45f20df64e45ca517f6a3dc9dec5,d7a50f416db30a82e27ebcd8274c834def365f9882c6336c7090b4fa18431dad,0,train,4
2107,[2107],121f4b9350fd580f90a6e5b64da41490d791c2580daf702042a12a23a36c4754,4395913d91ddf066a5326be3b99b4766e76d94ed562e4d82e05999efab2204bf,0,validation,
2108,[2108],594292495f5d51de2db69a448393b3a3011543dfffde216ac30910c4eca08e53,ee018382986b610dcccdbf4a2a044c02e061ca647a7985df1810c415a180280d,0,train,4
2110,[2110],2bb93a2fd757557be6baf7b934b31a57d6b69d17f26eacc0de49cefcc0585e11,e13500e3c14743957a52d42ff6beccceec6038407829c5dc3ba50c07de25f135,0,validation,
2111,[2111],319c9e728543ca023f0a317a87f6034c856ed8bf960b4599e1ab96a9c142fc09,a8b3842134e99d99841a5cbf7a878b3091f4b29c444e4b776617565e5f8b0347,0,train,3
2112,[2112],6ca310b09ce4f68dd80defe9b5d4f047a53e86d3a58206d07bd9f21d6de26887,56b713c50dea2bad2fa54dfc3b107a310a78272f6545256ca7da830446884f53,0,validation,
2113,[2113],31b380dcf39ab4dd7b6867c566c2290fbf0b769e619b9deb567514cec4909049,7276692e6a863b6c0dfe697f18c2c5d5f193dcf345a1474a71e36edba1af6032,1,test,
2114,[2114],7f9cbfea37e2bb8d7e2d5267f58f615f528ef42adae43ef7316e67319e71880f,7ac08d391796522e60bf7649117adee8a67f37596217474ba9fd0c9e9ccb4623,0,test,
2115,"[2115, 2146]",91988a9fb3dc4bd573662a59cbf3273867e68cacebf1216e9a92e656dede2410,5a22f7dabcef6f27ac976478a94f838ed190c09bcbed3093b8ff30820c0adadf,1,train,4
2116,[2116],847f582f0d2d2e403fae58a2d21dbb0a8d958c1db5b87fa7f51d27cab2b7d3c1,78b208f66442d090509afe2ab857fea2c0fb22a10d3bcf38546700ac33b99414,0,train,3
2117,[2117],3e04c899c614e4e5ab85939913119fa05f7227d48a2acd663c9fb4279920363b,8f0406725abea9b906a684d1074a8f33385cdf56602e9cab461c97e348226f90,0,train,1
2118,[2118],149607390e028516873f17840fce13bcd10e4855aca6a1cecd6ffcabc85d6a38,a70c5e822c4c949a876d0eeb58e87394955a17f6e853c98e6fa0cc9c1238bcdf,0,train,0
2119,"[2119, 4237]",d4e446ffa960f918e83c5b27ead73f237255490f98225c355e0ec1966214e061,37516befc6bd6788905b392d0874cd677f5544ae2d85b4b3ce03f3fe8f12a085,1,train,1
2120,[2120],b88a618d7cf872e4a10dbfefeaa5a302c6d093a38a6866e4d0735614aaea29f2,89cfa95400209eb91ca3176cbea7d68a4728f5d2b83ed58678c337255e40397f,0,test,
2121,[2121],4bcf208d9df91d6bab0dffc274d1ec52cce7b4d77fed106163532a2f6c031eeb,30e8af27a18d430d680fbe595125e0582c3517b5946ca114d14fa72669c7563a,0,train,2
2122,[2122],15cc5332526fc702b4d1f238e87cb5c040caf42c91eb586460f253b40354381f,acf7a765ab8c5083a920d67289f4cd3f4a1ac79a929e50dcce73d72e17be060d,0,train,1
2123,[2123],efe516a37b4f463ce363b0c948ad91870a1cd20cc7d6e305496a6341dd500716,ab31144a95dbed4688d623e033a2d578c443a808df5941c997112952ee7f6d3d,0,validation,
2126,[2126],c031bf0362c6386bf7ca411ae9dca532dfcbba80d346bacf60ea054629b828bf,1871fc36badd032655767bf8bd7dda2dbbc55fd1f8c9c280a6b8226d27626db9,0,test,
2127,[2127],44c81fe9b0b72beccd6fda2f185cbfc45d4df62c0051d8a12efcb9fb98365401,9e829ccc8b21367413151813abf6d7ab5de65ac68e6f4120a50c02ccbc436a72,0,train,1
2128,"[2128, 3101, 4694]",aa379499f5678572a1e68fd22a5ef592abe51a2502238ad492b4d7a63de6b646,10a0f7ca7be028b02348616591714df0ce28d7e29dec108c8ddfa3166ca8066e,0,validation,
2129,[2129],f2de4e4304cb3d719cc7dec419dcbd495e5f15ecb1712d6332514a536745fd1b,e38b98cb7bb77c5a835950dac578ac544dc3e174b74b8509c3c96a30f84b06ba,0,train,4
2130,[2130],ae70cff8d1562856eb05a85a00d4fababd651d86f7c49b639edea3c98c055ff7,3c194da806cd46cd18a860af22619083dec02d380e501bed566a5c482e5df7ff,0,train,2
2131,[2131],b8b351b3fe6e24c98cbb59e45936661fb7a3c23928425259ef48fdf14353df7c,653bc24c2c684e29488e7e3e3feb6f21b820f7a38aa7012a6e71e590534ff8b8,0,validation,
2132,[2132],f2b83ce98acce58ebcc58ced273811b74a1b129fbccc45cd406da2a28488b7d2,11e8e05f050b785f3f5d9ce96c94b7dc33cd1f51466de1d5c4223b03d53642d8,0,train,3
2133,[2133],4fe861a8e5ef95fbf30bfd2b5417690e51cf1b5784cc49199e808e056701b1bb,689f973002a4384a2ac78aed0d1fa436eb6e6498ec98f3b2a74a6369a24708c4,1,validation,
2134,[2134],56d4650a6b3e4d75e0f8ced48db7369208347ff90f693198501e49df56dceff2,d9b1eb417415a9f7648a2c54ba5957f21d00060b33571c2df6f2a83df7b79860,0,train,0
2136,[2136],b32e7ed33a8bfda409abca9c5554234472fa0d6c8ecf059b6abdd157391927ec,e3da5443f79344ae8e2ed11f0d186161015875402f4e820267582039c0d9507a,0,train,0
2137,[2137],91ef05bacd02b1478e508cf20605b1b218cd53a6c6d3037ddf761a7b472d3a04,41fc84b9e668a8d6d6ec25c0e0b46d1a28ef4bb8a068e5ca4c1bea34b250dc46,0,train,0
2138,[2138],d2c2d4fdff3328bf85e0dd4e78cebe4b4620869afee1acbebf2b3faa1cb08e8c,d62415d3c6a9b5159c41932e48f20a22d3c1c44098742eeb72e520cd5ae745e2,0,train,4
2139,[2139],1d22867d43290c9818c0ba12a97aea3b6d5446f1a93a1b13e78a4c4bf5eabbe4,b05aee992aa29a83df94ae423327561a9549c57f95b0b3340579bfb6facfefaf,0,train,2
2140,[2140],b3b2adb38fdc75187557b53292788d06351c8c4fa950360ba30d1364b370835c,c85696183c0c05e7595af0a1d38cecf37f4626d3839d00e6f2cbfb3cb6df34de,0,validation,
2141,[2141],a108f9d49d7e84da858b4898a450a38b75b13f68a5081e873c4f76a983d4e248,61a8778bf61dda15d3906169cc076e60402275ac17e25a15cd184cb850902c7b,0,test,
2142,[2142],e6a6e24d4a4bac4cb7c1ec138b0154d3e84a11897fc466d9bff0e0b174994e3f,c9c65acb2c2c0c66aa54ae3a578e9b5502634c3e8ba76b6e2ba9bf66609dcfab,0,validation,
2143,[2143],7f682913765bc93089a2790358d8543c547ba91ddcb83b8e746c97cd108ae496,b7904680d28c180deed7df028ce10182351283d8863edf7281934d89c755b323,0,validation,
2144,[2144],140f28882e00282d37db25bf31570aa09f351aef957446cf79c6308886f949e9,5a5ba42ff8543ff23bf8c41f14aae231b6bc0ac5812bf0efac3a6405eb757a70,0,train,3
2145,[2145],f790519dcfee1ff688718df79ce41733d3809735464be3831b6df9607c0d34be,ce9e0350634640e7bcf31cce1922c9b429ee1c67460bc802ea4233856ac1f522,1,train,3
2147,[2147],e3bab49d0e64015c02db9e22fac2d84f63795137a3d5754f64971b2da1e4e78f,7675f64406b4167046517aab0fafa05aa994218cb1053073f3e4a388443fe078,0,validation,
2148,[2148],d8d2f81c190ff8f7825c0c6da7f493428ff56c873fcfa0834e39b092763021d9,05be0f97248a4f1bd4e03b6ee4c5ec56247603fcb61c730ba8526595184b68e1,0,train,2
2149,[2149],c219d1f9b5cf9c946c771b88a8f84f68aedb1358a6f84242c0fed63c17056bf1,8f55b291e91db82ecaac9ca989827c6b4b3217fb83573bb16439416f55436d14,0,train,3
2150,[2150],6ca6075e1881703cd020697c17cc73aad89b288925ab2e19bccc1a64d23cdb3d,23b59a545db8f2e76bb64e8bf0f9547003f0cc797c6d1b4866a36ecfab7dccb1,0,validation,
2151,[2151],42eff51f8162ed1406c3d24289529dcf671154551a79f971ed1a88712a4d389f,ea80ec3efc71e926f5166615f748d10b942877f34b0c8735f77d1b1ba61e6258,0,train,0
2152,[2152],4f2104f88d39ff57cba214e2b8152849c72bda0e8ce76e2bb7ea226d51e38c87,647dc59fc414ab541692494f4771967924569a122885e3f6ea91399696dfb97b,0,train,4
2153,[2153],809ec241fb6f2012faee858d7f994234a097ca6098d069a0fb6298045a487ee8,06b073bb72b4985c5b2a4ebc263c3c2b76d84aec03599073b7bdb7da32657366,0,train,1
2154,[2154],effe8f8e7d291308c53398e1f2947d3cb3924dcb41d32d673f13daf4906420ac,f4626f6c20732821a4626a6641ee302aa2909b43acde6b226c447d90d88c8756,0,train,3
2155,[2155],1cc66c361b8b307379a24de582e3111540b975b1b670d92d3b708543cda62625,192a23d0601c0df7eae2fd78a4e2c3fc5a41a4bf1df533b8015ed6fd99246632,0,validation,
2156,[2156],7a13e3f4ce1228ee4816fba6d6a06d36a3e78160d7fef8ef5e83d31c26f44d67,ed5e9555023a929eb03406630dc639f6a818d8c2934256108432e87689c0e4ae,0,train,2
2157,[2157],80c5a0499e8a0e6285c566fd42fd925c58882755750dc016a2021971b85748f2,8f54d7bcee06539d30563967de1f16fe34286505afa5b73dc51b6350651f8a1e,0,train,0
2158,"[2158, 2849]",f4877dd69b5777c60cc7852f8ad456b4fe49352f8339e51421a163c78e73301a,6a0cf76af927b9b9a742df625fefbd79f5c3967e4eb3c242731d398d28752db6,0,train,3
2159,[2159],15a997746fa9aeb7d05521699a2b1328a15c89b0ba87c80af6bfd4c4da498038,1434d43c088e23e52be463354fedeee27085f2ba1cf52657ff3c8e9307df2aa6,0,validation,
2160,[2160],540ade8adac97746fd1d4c9042e890a3488f1296da581d4b803ffcf1f77a4dc9,0a859d55c717b2af9fd42e90a903efaca953e8f6da5c6d5c7f13e9d6274bceaf,1,validation,
2161,[2161],03bf07fea8b840ab94c0e11ff17d605a3fd7e5deb1cdc5a56cd488f4e7dae6f9,3dde73b436225a3def9ee8b0d8066ebbe4569bf323314ffe57908e466cf12603,0,train,1
2162,[2162],39c8b0d847e185c80cb660b3195fde47c5b5a098102bdcb3dde29ad6135ce658,3d6c491bb2517c7f6986043cdb9ab0c70f565cf6e07cec914005b9b29ed2e57d,0,train,0
2164,[2164],c5d8feb48b57267884de573d37aeb7625f2f8e70dc81482346f4dee165e17113,e27eaed0cfa606e735cace15bb8d05be4ad9aa722b4a852b62bdbb78a8e34870,0,train,2
2165,[2165],7e7672e1ce716bf3b4b091020ee64c1b4d2f8595803e8a1c6cc814e835e669fc,0da26bc21cadf9f0b48c81552cdf45aa899610d00ce150a69e4e2f88c59721f8,0,test,
2166,[2166],a9f219c5057f36c8f97e8440badfb6be997fcdc8958c8483f11962fe2cf69dea,d9da6bae819da438684df69a507314ee2a0241987f51642e5a2b45f69d86689b,0,train,1
2167,[2167],ba9962c23dc88527ec3f0c4ac066ae2828e6e1954cdae9d95a26e1f8a5f48120,e115221588255de3382e508bc4208b934285d6efb00482a845b58244cdd3badf,0,train,1
2168,[2168],f4650213d53147ee8ec487acd3b479dd9679484805d3d5ce1e51267538bab841,904ca13bdd16454cf01429b5008121d23144e38a7a3d749878ea71d766265b86,0,train,4
2169,[2169],97d6c7431990f05c31ccf62208b11fc72179f833ea5cf7ab33a2b72f0a7d6859,8e946c1b14514255731c15f0da45a604e61d17aaec54f7c276afa61bef2fff6f,0,validation,
2171,[2171],e1c6b84aab0afd2c4184d1634db0a66ce1ea53f24d276453854a376a0c43dc95,da302ca63f02d88e8058805439eb4f4b238337c5ff1be59bc7c402acb36747a7,0,validation,
2172,[2172],1f8d997d8e873846614a95d5024a88f01680483fc6f9e68119a261a05bd7c80d,665bca7ecbcaf73d90e37bb36e8c59ec93b0452cbe20086294a19d5fe243841d,0,validation,
2173,[2173],134c56e255a418e4b52c3decae21416df583e0a286eb1d336b345976e028b13e,ca984187a54a350f4c1a4e6a63fca5572084463784395ac2fa195f56aaf0b2b1,0,train,3
2174,[2174],739b62702e4f75fb1d23f8356ec7a576e8313dc768d5dfa4a4a91e0c06a13d00,5da14e0a35eae9a6846278effacea3af72b925e533b1d15a859365c3819ce7fa,0,test,
2175,[2175],6463428dfe5c15cac9beea300071eb3bef98c473a85c86fb5e1f853101b3ecc4,ba0ff49a7215d057245fe4dfc72edfc79fae256202a0e68ed67b1d63cbca0649,0,train,0
2177,[2177],1cc1c4a8aad8662724ac27790218ab4672e581c2629c27cc555b318f7e5260ce,a35e313c1eafbaaf590666c16b21b3c1ff3b5c694d36157a5bc6f9947ba20bf8,0,train,3
2178,[2178],8199d7a5f88e9924d8e8765561aeaceea3dcf2f36faa5ef9c2ff27e3d8080e4d,59478fd2aa9025d83ec6ea784a1b0a1075d3af31fbda0c1b6ac2e9cbdaf0e9f7,0,train,3
2179,[2179],179b98a865b5593685a9c6095b980ae28edb5ba347d53e924b0bfc0f30b679b8,7adf94daa2a8e9809e0a0a23fd14fedb754a472a18bb6e83ac4b2d4dd77da6b0,0,test,
2180,[2180],f6a73b1dad6a3e4be51bd47fa4e51ba5e73e669bc028991319f6ed562f4411b2,3accab3ed87f69c1cd834c37b066708798d0f474acaaae1215332d8b3702ff4d,0,train,2
2181,[2181],e1ede7ec17d79312078c313e86599b045b5b6ec5c76eb2cb07088e3e084fdcf5,09e58d749c1a700b764fd853ad210194472c432f5176f3276f3f321707bce90d,0,train,3
2182,"[2182, 3492, 3833, 4014]",e09b2f3372e9983775a394f6049594b10bbc1e68b4512f69573b60c17fb1d290,806e91e1e2e9e271224c5c62cf4c95ca18296b16df8ee2bbd3dabeb9d35cdfcc,0,train,2
2183,[2183],ab596ab32dcc731dca30d174aa3c8d540b5d3b071eb5936a86045516b605b737,15baffd17afb2c9469f42f6fc955c66b465ba4f644ced245477cd67bb96c42e1,0,test,
2184,[2184],88e5b67110c491ad1e107e8b9b1617de75cf81ff9a484312e728a01cb9107e29,6e69ee59eb38846273d0cbd2ca9e39e3c01d85bc9cff3fe7d536c8120e7cf5ca,0,train,0
2185,[2185],fa1ef4496c23c5f3327c5efe315d436b645359f8e1840bb76101a37deebad8cd,67301f2ddc574ac04b2f32aa61e9a1fc8d8b18c141945dc96bbe6d8f6b8cf532,0,train,4
2186,"[2186, 4372]",9f5a9eb4c53560c24fe712ae6d253ee3849babe7c4cb3be96b90fde69fb5bdd1,eac14858b419847c913f21b6f097040fd321e11ba19f2f343e43e6cf2c641f4d,0,train,4
2187,[2187],90e5452b977ca0288cb90c8bf546a81a4c771ec8f9b024232195d64a770bb4a1,b8959fb3e84157444ff072d692c55d6d77e0f329a5f6c9b8a0547258954ac858,0,train,3
2188,[2188],e0a77ccb871c2ae1df2795328cb3c2037fb0b34bde3295313e5f3d1a6d7c2bff,bdcf354559594e51b0bf50a909223366691e207e0afb5508abf2ebc468a5e250,0,validation,
2189,[2189],6f809e1b82e0300a586ac9527bcb9e4bef27470e49cadf75e00ddc5a659e7999,0505c7d9ba026677feebe229483cebfa13657466f3ba798a4c5b765e77e56b38,1,train,3
2190,[2190],15c996effc910e92c902c181b5421726394f996a54feae987502090442ab920f,fc400c70ef17dc3ebfed49b870a7a380f11379ac491d7a85341462ae851f5ecf,0,test,
2191,[2191],1d2dcc627d383d2882873fb55b7e4d412e0ff9f52df4b6c67161462f888010d2,3879eac3d9691859c63d3ac27f7f1bb7d0947b087b0e3b0639d917aab7f7248c,0,train,3
2192,[2192],3f012d185aa63c4236ff62768947bdd8a6e2d3751fbb2fd95f85ef8f1563d60a,dfe86cac44beb212c8ff34fcd376666be3fb90c061df3456f1298b2ba5c35757,0,train,1
2193,[2193],56cfd9156e731b830d50e292f2be98d4a476999b8ce9ccacb586bef202239788,0fe2eca0c4145afacb66376b97f047865806b2053a92490c6f25241df810c429,0,test,
2194,[2194],50682432ecc1247d9864f63c0cee8b6608e93992605ee34458a085c240ba066b,ab09799b997f713019a2ec74474044dbe170e02dd6cd12e1f3c4be8ef2f07d0d,0,train,2
2195,[2195],0675f5290ba62c75ab097b03d44ac5ed38d1c7547d291223bc430314249e8bbb,a6214af37379d42426e571c6abd892663cee1ca8b3d795f4ee27967afbc02c28,0,validation,
2196,[2196],357a65aa8f0622cd7a74948a1bcc8108210baa910ebddc362a2ead96cd13f23c,46179cfa8a1dd208c2baea792462a20eea99297b5b9dc0ddc70f5ce714898c05,0,train,3
2197,[2197],ce41eb96d7353787c7ddf70b8d3c100accb17a4545b5e5b8eeffe016a70ef848,e5e97143b630bd6ca9c2f909f83dfb8d27d09565c1d974f18445fd4b5acd1a9c,0,test,
2198,[2198],031c57f7126a6a6bf5fb9d9bad271c73b46ca265171ee5d575b5905aed55882e,ab8a74c413024f9d87061eb0dee045ed3c6e141573c89cb041aadbd62c0e510f,0,test,
2199,[2199],9fab5766afa2ed4e55ff4ec235fbd96352feb0a1b2b0e45137211304d42d2807,6faa6319f0168ec3b5b0646ecbfa7b47a1248cbb6850b899af4fa3c250c590aa,0,train,4
2200,[2200],767f14d6452b0b3cd5db6286dccd94bb0e05b34f03c7e6bd8999e6194a6222d0,e6c77f25c132a5c4f0752e3c1fe060fd9deedcbe6133ede29ab41118085e0583,0,train,2
2201,[2201],5cc925c6758426a0104944224d75eafdfc661cc81251648cd096cf97dfa03c60,598372c72a6896b74ebda2d7a427017634253db7a8df5c79bd8329e4efb3e615,0,test,
2202,"[2202, 4978]",8599c7b12739b93e4484bbf0ed3052fb0a1d72193d56dbb59ba6c045200f5020,175102198d9c17a60b16feaec962c7ab71d89135ee0453fb40f56a87a3204dd0,0,validation,
2203,[2203],7fbb87a7ad03e92638c731746a0b8c9c0e85c5c7b8af4eb7fa132a22ee52ce8e,354185e52e75ba8f5a10646e75083eb10e09307a9914e74193ecafeb3e56823c,0,train,4
2204,[2204],9f37e73dd02b72d0e361ec658e215e3dac1c7c99696175877dd505df7d206472,98f146b3a9907508255f4c1b439fc2c517fdca21d66d9a268aa79df42546bc9f,0,validation,
2205,"[2205, 3036, 5177]",8a9c982f5a98cf1d95ff5096acded4d42030c73f70481d234153087606c1830a,5113602a52a0f3dc0f3efc797fddc1681edf31e674bafc3f91921ca4885c6cc7,0,train,1
2206,[2206],1a072f8b384a2e24b2ace079a7e0b88e2d94ae160ec532277dc8233e163dc5c3,837c5d1f98726a1164e9561ce80200ea34c1c1e8434eb0570a605af1bb2b25f8,0,validation,
2207,[2207],5a4d7c65a582985b83a2c2f6ed0ea31364d493d83d4f478da52b40387ac1d14f,33cbebb54c08924b7dfca4250d891b0894e86c2023653f4ffc6c58b0e6dd63ea,1,validation,
2208,[2208],4e21d49ac78b77a533a1db060f757110367732594ad5ed86abbf06d1dc0898df,75806206583c1e17be06f471469f4ee0125cb71cfc6de67eb210fae21897b9ee,0,train,0
2209,"[2209, 4154]",a1c980e7ee266efa3ba0ac6361d254de27a35e3b6c5299bae41a34e9a3e44380,57d850364749d46330b026b8ab39b3ddc85de79807d39cc4164cce3be681da06,1,train,4
2210,[2210],456bff6606c9cc56a0d5459a2060d22640ecc3de185aba0c5037e4f89788b058,90a27efd8f6829a7f30b6cf6ffaad46ffcc68e97dd9d063ab815957f0ca7092e,0,train,1
2211,[2211],647d38d88cd9217d776409dfe2ae2237553a6c9f2a759db5ce45917ae38b1305,9c9eb877c5e12ad954b5deee51d6aa553557c4c7387bc2e9e502275e53ab7f47,0,train,1
2212,[2212],91f8ff4f5284a1e4e176f46d2743ac25c5825a6a2537834d78a6d44f8a7c2ae5,ade722e88e5596a3a7312dca6f835688c732f2b5aaa1e0680bb6510aa7b83948,0,test,
2213,[2213],44313ad12f6266a57874dd844456e531910a1860cac31fee33753f20e2beb3e1,5f53a47764ebf14754b843b08b314096c64fca38dadcf9fd93d2196df812e0b7,0,train,4
2214,[2214],44d83db485f0db4a4e93d87e09700ca10bb477b8a083fbcedecfc2818e7ef8f9,857aabf5c41100d54dd3ef8323f7424350310e3aae037f21ecc19ccbd1730e24,0,test,
2215,[2215],446407eef78bd85efb018ebd216d9c5fb0e0fc08aada7b3d8a7739e3381e03a6,dbc59f522f5dc6d253b1e69134359b352ab96a70049437ab061a2e8ed964b5a8,0,train,1
2217,[2217],24b13777ef1b82ccec0757de5c8d0af0c56f56137ec6ec6a1a5a7e31fc448fc3,d67db1857c9b1aa67a7587fcb46197bb83a54ef2aff05a6c6637b52e78113037,0,validation,
2218,[2218],e7fb3ab7615cb5533e75a27331da3e620d2882cf1dd4b2936f20e3286b5cafe3,53bf43971619da130f76e7a5c61e0655c198c408cb195e76445c0dc7c6fc1537,0,test,
2219,[2219],fbe32ada35d6a66d4a34b812320410e4998cd09eaa23f0a10d22daacaeda3696,3728b743a2e7a2c2fb21ac0a45bfef6717dd69a2cf0b06e892eb6d67e3ce0cee,0,train,2
2220,[2220],d17bcdcbd83516a8870f5ce0982e08d229f0830df24533989e48349cf41c591f,1a46121e2b669b23b252c05f4b22354233f5b495ac8abea8f26d827a9e0510b8,1,validation,
2221,[2221],bd8e8e182df4d710e74915d7006d8dda2be4c90146abb25630e33050afb7ac14,48aeff4be5c09eb3e47b5d27ba9894800eb17f5686c4231fd53a7054f3f690c6,0,test,
2222,[2222],56ecd89f081cc1e78d1c038d0f3b52a6d31a5bb482f68406e2055f029b47e45b,503d88d83a08dcb96fc5ac041f89f8c1709d6cdfb85d288dbd017cec62e8ff88,0,validation,
2223,[2223],1ecdfcd9f87df5d2839abdbe8d06dec5de05f83206a76ebc8ce8f0435ad81f8d,474b59cddd94b30195c7b59de71e5d999ede0e4ce7f88ce5295b11cba902277e,0,train,3
2224,[2224],944d40325d128967b192ce11cab1e080c00bbcedf2fcf84116bb3292e75e307a,9beeef70be59cd0801424010fd8b2a7ca6c96706af371f1c92300c880d7f8a4b,1,validation,
2225,[2225],d2aefe106677397f5e8889eaf1760583dee5287b2ac5b012ee73850e9401344d,fdafca9a2d895c983861284262c3ca7b0aeb845326e2d76d8785a772cba10340,0,validation,
2226,[2226],1d635a407b666bf1e156106d1dc3c13ff9066104b1d3c115caa26ca6cceb4a5e,20db9cb1beaca32c891116545095de4822911923e56f70e1a65ed550479336cc,0,train,1
2227,[2227],6aa3725f4f134ffe4589de178e1d94e30a7b231efd747f5c5bb297be4fef61d1,fb919f510af43b4bfe31612d9c6f78acf8cf93337282cda7ae60ac3fd399015d,0,test,
2228,[2228],4ea1820ff87b4abd32bc8e7cbbf7907cb3f31b2641b9e0a34026e8fe65a41d48,3a51d589b49cba1ed3a0a755f5bceb72b60e8723e13e04cce71cbe24b773cc07,0,train,0
2229,[2229],fb95dd11c81733979c0b7870a16e13e8c65a0da52b7ccb4cfbc4aee43ea3d92d,b9bd0e9b73e19d69c6d8db088641c453e79f21b8d22666d027d193eadbff04c5,0,train,2
2230,[2230],bcb1cfef0bd307dda50f91547685d48a6a12f9369cdc9e4824e5b9f7070703fc,3b18e878f6495b68882aa2c495ab3333430c2da8156738e0b8c6106bb265ee11,0,train,2
2231,[2231],80f701343876ee587b3dee2303016e0100f690883dbd03cbbd05a4793add3d7c,1283413f88f8e7cc06fa4c1b6f60241758ee3ad38732978e12b12e0b068a5540,0,test,
2232,[2232],920074d08c45353a2cf19498681d22fc5e5c2cbd2b003fe874d9b081fd66dbeb,a93e4dbc7b88b5b0e210defedaef54932189222c170b9ecb1a6cecd49200942e,0,test,
2233,[2233],c437aa222b569bcaed06c54b61133de34ca73c204a4c04f9cd60bf5a01add211,fcdfad7f9379f477647be492ff084d8d06d552b6de140ce9a83ec11ad87ee743,0,train,2
2235,[2235],2a0fb22a53fb2d3854d22ed9a0788f5b07415402dc325fcfa542f36f7f2e7100,a74b9aa702a7b914036a2b1ce489eaa16c5a3484a0b55e699b74cb3cc5cc4519,0,train,1
2236,[2236],39866f63f79bedfbd3557b063912e2c30777efaabfcaf84cd2306d627b97def5,7f5638996eb1dc3558f4f2dfb03d63e83beb040b24f9c542f69ddbc44107c1f9,0,test,
2237,[2237],438fc561a6eb78ea85762dff123bb917233cf34fd3bd77e913e3b91f6d325440,e549465fdf6529e990637c8fb11895eae7a84f01d5a553baf8f86de0db7196e1,0,train,2
2238,[2238],015965dd5445b3a1eeded7a2471d7932122d548e90d7b1c798e2d3fe968d43c3,474ed98f79b9ef68713d9fef4034f873c93f24d34c54144e962d8d26ee5e0ad3,0,validation,
2239,[2239],262ce3a6e569ed334b30c7541de424d7bce5ebfe10c0bec7f9b40ce39b110e5d,a9058e490a46b730af6e2a3230951c4f42ca33d84440ce732452fd98d490c642,0,train,1
2240,[2240],d6c8b282db6c78dca4be7264d4fc144ef2e069d16bd247c264fd88f2e5e54fc2,4fc5646ed0a27dc2e9bcf57d31b675db33f38521127718cbd76159cc6d1d7752,0,validation,
2241,[2241],56d5d8f7dbcf7be102f5160e007650bed0f7264824228aade3670b39bfb40580,badb346a389cbee39d238885f82a2e3a824c2ce8aa3a11025e1c5deb682c28de,0,train,1
2242,[2242],1e70d26374aff4ba96b77b9b71363a01430681ae75e208e8338efebf091075a6,810989d5341ef864bb5710161e6eb1bb3e71baef8032a36a9f481c9391b678c7,0,train,2
2243,[2243],d62ec6143ebe0a7bd1b97c02d004f75e2b36644bb2dfa256538050365716c518,d76cbe9e66641effb39f709b86360fcf0b7d6e7b634889bfcb7780b5cb8f2b08,0,train,3
2244,[2244],0cb47d87baff5457af96aff43e27091bd279f0666ac960526697a5325f6d0d75,fc4a69fd3fc6cb6d83a0bc0aeb61d6e72d189041368b465f92177c92b397dfcc,0,train,1
2245,[2245],dc6a3fb9990138f33b39461043518b717c17a3fc17e747df39df7320adaaa164,a31f7ac13a11c29bc6bf8868f94438013d7a725aa1e57b2e558d0a6c69f9b144,0,train,0
2246,[2246],5e9d67ab74017dc72c1234d055b72842db86d484df914cfa01c759b03378afee,dfce48de19d4d8909d7744319f93ed96ca2d3c1175d583786666fb4e4326820f,0,train,2
2247,[2247],45b54bac915e3c0e68cf4350af999a7992d893a25415cf5839fc5c33a5cf0765,6b1071f4a8c7734fcb21e13930486bffd5b89213e0d5cf96c5a42b565878f2e7,1,train,4
2248,[2248],8281c7e04689ebf3ee61f12b3e76d366eb18d3bf6eabf1d302224ef5bb4a7b22,1433b28a81362e447f64a5923245aa738f3cf62314762223a0ad969b109a6207,1,train,0
2249,[2249],7b2725aef952b71064e036049c19acbc5bb00fbdfd606ac807eab0a4f71702a8,0ddb4689ae203178f5f434183e9e40360c74097235818588ef9234a002d74605,0,train,2
2250,[2250],dbc9e33ca6efcb98bf26e36b85f70564b129f854b340b3d4971a2995dd02d896,5176555717980060f85f27653fd7e4464529a3245bccdf4c2b894288df3d62f0,1,train,1
2251,[2251],2f7131d39fb067f4fd64415e410628b48c2a221d0413b9ffadc6af094d333bf2,3334aebc32c2330d8710184f3474dfc837f556b97b3e98f970ba67d10c994cb4,0,train,1
2252,[2252],e75d5edf4f101f5f18b3ca86a9dba61e2a3a633833abd402ccd007fa0dfd8eae,8e1df45411bfd0927ba6444f4786a35ab6819391112711f48a09ee7394fed62d,0,train,3
2253,[2253],8916dbd290fef4e21cb809138a448691a29455df323e1bc8dfa33c2263e47bc5,b6b9c958a4e41beff5193788ceadabfc303d10cc492615230105844cf8416186,0,train,3
2254,[2254],22986322ab99f241f56e40c4c57905ca5e65e758ad18aed9733edfc4ce4f3d78,b8960a438a9978bef40ac37fc0727e9ff5c9617ed955f3ddea4b94be1ae11a0f,0,train,0
2255,[2255],552b3938953bff99626500b1c48311d90939f438e7ae17bf0645154094d020dd,bc3ce8b2b0411b85e2c94c4c340bdbf901b59b1cb0157140431c835b38517f79,0,train,3
2256,[2256],75bd74ed9b23a9d2c0d4b162c17fd7bac3e00e20d5e4813d2ed73ceacbb2cb99,69011fc1b5ba21b1f751fae0562e3d7c7d4de971631d638849261aa0325f9b09,0,train,0
2257,[2257],cd83b8f830eba34581ff2eb3b9f69425eedb1ff2fe21170c6293b4858006af93,717a613fde8516f5f4c67096ef696d2d3e11179bc289d1847b4e5c71884dcabf,0,train,2
2258,[2258],9d1b56abc65f3aa6e91a05e438c8ad897d4d5b062068a3a423c6c306ae9fce59,7fbc8206bca5459bfa6a7af10a405b30cdbdd85e17477282fa5d3cf47674c5c9,0,test,
2259,"[2259, 4260, 4414]",1da5974ff969c8b1aac4f3348b66803d8628a919ba4938d15257c425f063c784,e768d9a11c08048c2271a966199b8bbb3f90f493170479ab36576d52773701b7,0,train,0
2260,[2260],d47190109a856e970ffbfd384cc6225b1c5650cad605b9b65622022e45da16b9,f8110920ab81d189008e50e976d25b745697bc6bc6cf99d22be5cae31afef876,0,train,4
2261,[2261],216af515d1b269dc535f17f3fd43012b6b10610e06c116edbfe6968d09ecd3c4,b882a66eb055308d77cc212efa2ca21e43c428f921fec04b26ea7e6ecc0ad1ab,1,train,2
2262,[2262],528179bcbf3a76e61c933ae322a1c5baae0e7f2bc0cd7e490c537b676f28e0a5,0d446f0a92e510d35acbe2bec54a8644ac273af5f0130cc9fc3e3a4ed9f8a230,0,validation,
2263,[2263],df0fe6e0f01b9cd6f2f159b1aa96c5f469a98a7767d066fd32d15db725216b2a,615c927de82a98b041effe35fd36f240ec9f1d9568474d82207da36df4154691,0,validation,
2264,"[2264, 3155]",6018cc23227e1223db4995f8e63da35f6ded83ab5863a360713edee579dfca4d,1cbc6baefbc7f043883b0bb137797da3438479378dc540c53947af70a7b8292b,1,test,
2267,[2267],0bde52cc831c4675b6c4d2fcc9f4582efda4446d7c484d1bf0c7869d53209d9b,3e3457b26dea37735bcd21f75b4c922acba66622cc61b1ceb6bcac4cc999b523,1,validation,
2268,[2268],98df56159799825ae38f76a7406337351be21f6ef0c52ac21691f75e87191573,82488730aa6d817106cfad094626126d76a8da36d56170b17408be2e1ec91440,0,validation,
2269,[2269],ffdb279be6a610b3c1cbde9e558b91a35400375c4c1ed8de19d81797ceda8c58,390084bc4bed1b3a918595d15c1a6adb49e77bf4c4734ff10a5a46cc506dfcc9,1,validation,
2270,[2270],f1168dfd5115807d861f3b866f5bbb78444978947b349d76d47318d743f9fdee,972dd24d8e663f02c26bb0d001d29448c64085dcca373cde891c7ca415bf48aa,0,test,
2271,[2271],c3d44d50b0cea883b517d27500e99edb2c318ab8f670838ce89b3c564aa7654f,66faa9d6afcfae00bd7b273db4995d79f665b8057d66b3a2d6caf3d50adeeef7,0,train,0
2272,[2272],e8d03b4165bf56e907b20a5753f1244ef038f060b2c103bfcffa3b7ffc512d9d,df9aeb888cd0640036d5179436ddfa0880bc52037e3c338a8f673d21eea3fc12,0,validation,
2273,[2273],dcac6607f5e95ac8eb52e7c68dc7566083f51f9b7719b670fcd8aa8e0d1bcb88,aa5c0ec89a6069d8f58b110397ddcc40496fefa7f07afdaaac3f231de427e6f7,0,train,2
2274,[2274],d00796e5cdd4acd83b4ed2ce8e96a3be75354d53177083e9dd6d5f753852417c,0f7cc12cafa70a67260ba1e6666fa6bd31ecbf8fadc2b145ae553abe2f368962,0,validation,
2275,[2275],5683a56de0013cd2ece021999f3d5fa5083f9d71e9077ec60751c6b59f1f7902,9e69d7b93ff1a9ac1c69f9cb1be579000a5e18f0f1f1dd5702c240d1e9660a8f,0,train,1
2276,[2276],4f4316d1a2c3d18c5e1e73f946cb1e0cd0a420acd9c2fc164bfa5a121b4798aa,5d3898c6f14b954c95151065737ad83e3495b4ea009f559677af5f2148e30730,0,test,
2278,[2278],f05b5be6abd25b20c803380b4c870515b994035aa39c15f815ace9b0fda4ca87,40cc5323531919a1e4a089160df18a255fb1e8d36e695c68fb33b1d9100f3db7,0,train,1
2279,[2279],e00e13707d38db54cdad17c2a438d1ec3475a96b7028087425e82a5244f900d7,9d52a83c2f24e8d7c6ed10e908440caf5b4668b9a1e43425d009ce350d4ccbea,0,train,3
2280,"[2280, 4184]",f9e5fb9ddb931fc61c96401a5512b440f33ffabfcda9edc865b9a6dbde47c17e,12afb52df3e6941f35d08e859f9d2e813237b1102ee49f9889185d76a11858c0,0,test,
2281,[2281],59ac235046d2dd1778c64b4da312cdf2f6afc0d54396cc1e2104a0df3ab0d3f6,80604b1ded0fae9fa7e06e7a16482dec995d90ff84ab5518212b6dbe27ab9736,0,train,4
2282,[2282],3fd16c4ce98ca40c2a6f7b83bf6ffd362d1cde067a481b6979c9e15155ed9a57,ff095ea84731b7e4d18862ce81971964b9ebb44d7d1c272f3f8d8d6dff1c99f6,0,train,0
2283,[2283],af38d06f954ba5efec40d5de8ab1369e284cfa1d59ce76af8bce649eb8f3ee53,6ddd562690fea74e7e9028353304dee0c4d122206a714eda3f9be04d8da341e6,0,test,
2284,[2284],58b4c820e68e282ba6aa3408d89dce6151b3ac942d7d76bce75971b3f50d5147,7cb63e4e6c17b93e744cb57b3662c16de2066e66c0b8b42019434832f1ca153c,0,train,4
2285,[2285],cc38d007bd6a2859545990e8b913ad071998feb5b8ffa26cf645770436d7490b,fb653e66491720c8502bc87e1bc839be534cb2e35629d987d8896fd00c78f140,0,test,
2286,[2286],1794d2a8f16d60bc2ddbd83cca9fc86627e32e61bc22b3cc364e490179bab989,6ffdccdd8a3cdfab0f29a9d06ed881604b15bb4947cb0468eb242941f5411d9a,0,validation,
2287,[2287],b222219ee8490ec9499f0a8b7d1013fe95f02a70a487c7d9105fad4e359f116f,19c75be2bf7f8f6ea04cc5943208dc7df87156ddae52b9fbef70e9669f87aaa8,0,train,3
2288,[2288],355d2e7ed73d85e3b739becce0db7087e0386932e6525d7f32dd117d55b313c2,c37435b84dded4b8dd06b26b4572c6047d06c9a4cf4683ddbbdaf7a4949facf5,0,train,3
2289,[2289],c90ab92ac6d2eb4d7a03971cb31c1a6d65e8b23221b81719e073e72cecae576c,24607fe69ff4df94c98dcc7612247375ce40f5129add0e4314ec6ffbcde35ec8,0,test,
2290,[2290],f320145dbbe72fc9cb98b95fb740b82a54f743830a3793f8aca6f4efeafdf253,482f06f5e9472dec2d3b505b7e4c8e0d90c2ebaba0c4954cb026fbbec2292aba,1,train,2
2291,[2291],307fbc94b98d25c3eb41c90ad2dfc275e89a8ea71f3d04e760472850564a2c07,98c9da0026365bd8423411e6216eb8db428d0ee823ddce13de5b2417112f7eff,0,train,4
2292,[2292],c9426ccc7e7bb7ba8e8e6998a935667adfe7e3506189a78ecb581e3338cdd3f9,5a2df857506ed49d7f4d56ce72b39c4a46372b6942bdf8a5fda135161034b3b1,0,test,
2293,[2293],f8416e0b7734d74afb7a4ee76f2006a8ebd1683ff9577a143108d2a0c2be1bf5,612543d6a44c30a18efc5bdd219a387c8851fef869c088b1a2247d30ca83047b,0,train,2
2294,[2294],0dbc1adc5013955fd4bd33b3d3297c1bb2eaa9c76f9229e77182edcc7816baa7,0b708fb775a66f9b84e52043672eef842a4e020823fcd53d6b101f887d768daf,0,train,1
2295,[2295],60b333517afba2f99c9e167d6abf641ba517945f9105347fb7305df72a5b9de8,9e532ed2778615966db61198e2c85065eaf352da466097e059195c29eb95d21d,1,validation,
2296,[2296],9cfb2df4710da74c12525f4408b9e8580da5fd2d30cf81e1fc6ef6fbc452ab6d,d3d83bae8c6c68a5a394a1278c536cbe5bf9ecc0420aa8aacfbe7f2a5c836479,0,validation,
2297,[2297],f78ec7a29f90dc4a43178685a12d1f11ae5f7f5ff71ab9ecc460071ea4b6ddab,8fd9c6945b1b143044f2e86369743e785426efef1249bad86134c75f2ccddd3f,1,train,1
2298,[2298],855cffd452d4515b6e788a24ccb4f6644b2d2f10d7dbaa9fb3d769d675153288,a8c644bae1f1ed4840664f6fd3e1b6e1b685375c2c1675f80de0da5cbd2d785d,0,validation,
2299,[2299],672c3491576d823f2eb6d0efd6abc195ac979dbfed5dade808f64271a622ea22,b1916edfbe625dfc53724073128cef2042d95d2a1a4e7f9d4f36df002ef767dd,0,test,
2301,[2301],a55f4797401eccf559cb9f9c5f08c716a3848fa63e73b70f0676556b99c26c7f,e5685bc9540259a8a83c1df0f4637c20863034d71c49554eb6213c9fae800994,0,validation,
2302,[2302],9d6d807d29bfcb3ce859dd765d3b7a5464771ed09558452c941119af3162dee8,bbe48219cc26f687adb5b64b5cb8cd18f6fce8fdf541cf08a33e2093a246e348,0,train,0
2303,[2303],19bd79e56898d98fcd7c5570d376ae4078d4bf66292ab1d2acbff905a4bf34df,562893f79d5b91b46e9ac01c58dbb6f32cd1fe5c86338663437026940e6a6eec,0,train,3
2304,[2304],f7f9c80606b57836677fb018eeb5c936502457a3a0b66986ad7911e43ec90567,606d67f1b3853e2b3d3596b0ce01724531a28e7dde4a7784f1de1a307a955e69,0,validation,
2305,"[2305, 3458]",1f7d5c2ee2cf8e16f42584d6c24612500e4111d28443c38036eb517cae95c7e5,e59db1b3b60d9f5cb5ef70f77831672691a902db837d7d4497e2c9f830ca8ab2,0,train,3
2306,[2306],3f2a12824f7c0378e51b3cebd240ce30bf9fe9eb73caad45f4bcb23d1a83b1be,260e03161ff2e786828cb168de69a7a22cbbf49d2692ca77a627e5def3f345ec,0,train,1
2307,[2307],80ffdb8c1298b79eec87326ed93331db17cab5674ea9d5d11ee3d210a24f5179,2cd864f39e9c46b959746d00cd9947486c70183e585ad41b396147dbe03035c9,0,validation,
2309,[2309],88e7cf0fe85099a83a173958c7664518d783a518845c35c2ddb7af2f7ce56a96,695fd632d473345bd5d49835f013a4257c4d346e4fab661db07d2e78a6ec494b,1,train,3
2310,[2310],f531a9250b47db39b79f33d74ae30964237200eb8012c5c05399048c7c6a38f6,c42c5425c0a1ee31d61882da01f0494571f06bdadb7e8c19e587e5adee0613e1,0,train,4
2311,[2311],1a03e04fba4110c39514893c5b93c2418ded184d847e444427dd5951aafaff6c,b93d76be4c1369a9a9cc0daf2f1853f2a871000b39b8b8bdf0943ab309d2df7b,1,train,2
2312,[2312],a107db2aab3b7cdc49d315703cb841e05b0cebd57e352946962cb72dd1f0e0a3,cbb732a3fd697bfb891de4a702fe60b5bf9dae73992878f509cc61fa0bce0d3e,1,train,3
2313,[2313],522d8a240e69a2e365df3b3d8afad20553a6e4bb09ded9d29070a8a97b048607,7066ea4fd7cbf666517892c9e1adc2d5f0234713720cf0f5ae988036b7cfa19b,1,test,
2314,[2314],f31ba3619730330163f71b6b4723634e42a171eb89ccbe6c9f6f7aac3afb7926,741555568ea6a8d58e5467c07d1a64da9fa8af3bd016145916256af14d566e12,0,validation,
2315,[2315],78e6a6d2ca1e88eeb6ebbac8cf545138cf80f2e56d86a098fc00c5551842d875,9d42784aaee23d12c47747d290ac6351090e4ad9478b0604e48321f8350e8451,0,train,3
2316,[2316],5ffadca776fc02a7fb50bcbf74807f7e5864b98dd1c1dc80d0e0d7f4b4996640,d5ecdab7c79b2e2ccda4d7d44b7a260ed5c1a3ab645ca2ecb96b2f5c75577043,0,train,1
2317,[2317],45051241aa2f1eec60086b90186914049d4aba5083897dc74ef1b550f75c1252,9314ee1cbfa608a30366d451aac02564d1ae2178a2130432aea4ba1e5467cd3c,0,train,4
2318,[2318],f0aae7f4c4784b61fc6ef733508708a91edaedbe7dde6dea7a67c1a63ecd46ee,c03b22928172f4c672f5b85cdf587110a84fc322472fe6bce6b2c5e938b61e06,0,train,4
2319,[2319],5268abacd7089812057463d395f953d7cfd6ff47c7c5377f185432449eca0809,8671fb49cce7a95d78dba59613bc33a3b46c3f48728d5ae6e5153b9c28303243,0,validation,
2320,[2320],761e3dc88c616371b1be173efde82724ae81150548901c694c70b088f634c6a9,8471e7927e81799479e3ae78d17074727445aa253303c7cc1445e00c6c155665,0,train,4
2321,[2321],cc6fdaeb12632e34f576086660741f29adfb631410c585c29da5a94520e9358f,7d92e9aa72d4b2c60c8d27df0add69bdce71c2ea584efbfd1ab113dbdcb8109b,0,train,1
2323,[2323],88c966fe9bb01fba9a3b1471decaaa4bd58c9960cf6ac9802c2b7bb207652ad0,b882d0e8cbe0c700321d80ab1dd25ef5713cf8c20020e50c762e7139e1740272,0,train,0
2324,[2324],e30a1da467ad372c03e5552d9cd3b2d375169de06d3e624a6327548aad6bad69,efb03a1f9ab96da8538cb378bb950d435b74b8fb59e01bba821ea54eae98aa09,0,validation,
2325,"[2325, 5471]",6519b002b88a272c215f350695c25a887a6dd085126a5d0c39156e0089769b11,29ea102ecb1dc9ab4e9ae0f86eae9eea4e43a9362eff59f5d172b70434b64840,0,train,0
2326,[2326],24942cad2b581412a50fa996388a74eb973fd37bf024273dfcf92a82c352fab6,3023e26d3a89007e06f62a9e35c6a416704c64a733aeed47ce8f2e43faf9e8be,0,train,1
2328,[2328],a1cb9f0d072cb721bdd3617d8c693d29bfc618901016702717a675ebac88370c,3f76ac1494b6d55e803426aa2b94dad8c9e725199798425fcf513cc1f97714df,1,test,
2329,[2329],3728cc3bdcb0860cd6e649d70dd53363c3b6c151c0ccdfbd39f30458e283a483,76e2acd6fb775e5f0be6fe1a03bdbe780d7853c2a456e14a0c0fc9ac53849f70,0,validation,
2330,[2330],a11dc37009cf3c68f601fd92e2c21d47c3827f6078f0c3d11a973628e36c642e,f70b3bc0dd47fe4f0088fb57e8e022bfb63b2828b2ea3e845bf89a4b5c9d2dd0,0,train,2
2331,[2331],f03f2f3a6d51d28d2e03d43eb3d66a73c90ad8f8a725cf10ac6e4c80037273db,6002e6182986262a5d3cc400b4fc204f2d04000a3bd5646ac41b8c35f5e4a2ab,0,train,4
2332,[2332],3a7eb44e7b7de70dfb3d93aa69ce125e40a3a161db2c1e841b0866a59cb86e88,f9bb5c0deca41f13783fc2c4a1e033e63fab0e1e513cb534f63b3ab9e59ce180,0,test,
2333,[2333],3ed72235e172a17eadc53c75b85232951eaf419783a5468f69f491a51ae67457,639b8fddadf9527a74f333c3ed3dc047b1cbc3f5337aa0e97c8982199e8c34bc,0,test,
2334,[2334],5018c0cef93b27714c84bbfa8ed97fd6b5cea5dd769cdba2489a7c7fce00b129,29189bfbae8ea7670db3817e1087c847a7aec7958f52f2e23cdf3adf472691ca,0,validation,
2335,[2335],a9d3f6cab0ef39f027c4642f7b937c8cef9e78331c14f0fa8de4edba3a7a9cde,f77192fbb336d1719d6032848bdd3aa66bd81ca88f9046fed651bf827bb25474,0,validation,
2336,[2336],67af403914d460b715d0d7bb8c607e15d6ad68bf0a563f251137f742e3c81adc,54e39b6e8c6034cdd792c7b62dafb7eda05e544dc5714f3377a1ccb9fe5d9f8f,0,train,1
2337,[2337],e77c16e3dad5de6ca42f925e6d9fbbff4eb17752d422ed6608da88149b767280,a9efdce017c6a35cc8aefbb8fb6fcea824568fdb693ed0f6eaf89e2103625a03,0,test,
2338,"[2338, 2797]",ea8198fc2748ea654b7ede6a9628f576e8ef1792342a15343c964e4268e3ef4a,cf0daf39b6bc0b0ccc2310f048fc143cf3142480a645eaae0410387bf29474d2,0,train,4
2339,[2339],70d270a89ab58fb74fba3a45d6bfbf5e05eb710465b2e6b0721b8c44f5c87677,0959fc77ce06bd8bf0ac4f932d77650b66b584a777b22599812c80716c0fe6b8,0,validation,
2340,[2340],2a64d37878dd6a4179c85a4a07049a0b913a5807e6c7fc0a5e49a572521c8e41,b96c49eda11ba98f048aa96bc119a5206e304030a2a7b20d264778d7d4a2bb0f,0,validation,
2341,[2341],6e6a947a94a863cf2f2c4bd2347d512a48cd8fb947091f90f3b87a022febb146,ab29c990f95c3454da55125dbc46f5a93385b52c101af1a9f74fd43a9c816202,0,train,3
2342,[2342],83743a9220bbe602771a437afd4d00dbd641835aa7c492086bb9b64906d3c2ff,1852193cfabb80e32d68cd51ea14e57a33aed6bba6135a4fbc1012365bd95cda,0,train,2
2343,[2343],35d8a6e32e1c702c329ca770d99985a2066616db2d5e3d7c8c36a90b86573976,7a8ec6308925d40fb1b3bebdaaf909997245693b0664b1638c2682ba2c70d9c5,1,train,3
2346,[2346],a97db2ddb20c9f414c3688f2041d2406c1412e5d4ac8ac6176cd0247e8a4d69a,de3b5b437b50082a0b33cd5ff0f8dd02a86f48630d6492de03d067c5935e9d83,0,train,0
2347,[2347],06ce5592f8ab7bae09215da2fdcbbb47ccccf4d31c9a1dd2abcbeebee891d636,37e03ec57726bd998a72c4bbc1bfd3451f754d1e6f7acab503d2a29391c49997,0,train,2
2348,[2348],3d3632f32fbff27413291655efd803a67ba00d0bedea13a021c2531c9d4ad4d8,f9e83f0007a3a23b37a1702435e43ddf9f120c48b305a3f118a46838bc55af15,0,train,4
2349,[2349],534984d48a6e5ebb3e31b1f178d389bf0cbfc3860559dfaf37d5229114ada4e5,2751fe585dbe49cc50a04a54ffd797eb79d9379c477d09abc0a2ef95a724e4cc,0,test,
2350,[2350],a8ecc9535c883b97bcb5cc65ae5245f3292a404125c2b5b704a90bbaad2cd999,dd933021405e2fb1b4b3b781c44126746388d548eb396b6d9fc365da9050cd7a,0,train,0
2352,[2352],ec15cdeac0c199cd82b19047d83706228af435eba4ab235c7a0603bb353d5615,958e2868f17628fcccffeea5060ce100b0f1918e64795d0d1e177c8b823aceb3,1,train,3
2353,[2353],4cee44811df9da87178aa14e51d1cf1fe438b840609bc9255b6fa5478a8a0bf2,8ba3b79dbbf2ef15120693a89015d8e893451437e9e7513000097881048b55e6,0,test,
2354,[2354],cdc32f89b10630d9f47e7784838453ce6899c7627825c1c97d3d93db7c5a5960,dc9aa7927e1cd51edc51fd4c1d2c84f01494ba93cfa1efa18b06ee3c62a97a07,1,train,1
2355,[2355],224709c6e429fd6df20d78383458405e94939453ae5fce886bc0014db7ae9a06,9b2ca16a618b6e97f995a5cdc9dd12deb31e17fce2b8a48565fa125251dee644,0,train,2
2356,[2356],6e14060ac31a03091d525d9abd59e7a6cddc44dd89d088c738a44b61a3d3bc96,806047c5ce695108c56170d6a31e4d764ba54160f19abdc6ede7b9986285eb0f,0,train,0
2357,[2357],a90118bd57af792141b25014854098cffde6d26ac8a51e8b87383fc31227640d,24d00834a707c7cb8e8a5341116c8aa7c876f31bee705e05200006aed50ec223,0,train,2
2358,[2358],4c62830a61a7c9bbc0b9b79e5eecac9d062015dd25e0831e61b7e7234fdaaf26,0f55f1623b5acefe94cc7ace99eb66877b3312d8c4d7097bf776c3d59dbac7b2,0,train,1
2359,[2359],0ccb59dbda3e5f683dc50936b861aa47a96a52242bcf189bcb34418c64941e9f,9d9c4e1c83e2c9a80d7549e2175efe135c341b0d1ef88ff9543de12bf324a157,0,train,1
2360,[2360],290c8d7c0b22649054cd98d8ebf6637398fcb16b41a007b95186058c140fcde0,753a0418e68ee8919f69b73c0c7f35faf24466de344e9d50bd6747f96ce6d979,1,validation,
2361,[2361],b80a20429d413636edc520284d5d6ddd7e139d880beed04ac43efb6bb18779fc,5e046180abcaebaa505f793c5966267bbe013e793d5cbf31b7c5006291e2959d,0,validation,
2362,[2362],e7efaf3f19fb3bf84b35e78e1f0dc451f99f9bb5a6828430af72075eac9b80fb,b094c5fedd75ab0672d4b948faf58b64feb48374bfd24de2ddab78b2d4c13ea4,0,train,3
2364,"[2364, 3848]",50987cecd5015ead922af5a9c672196410198e28ad04812f334c918706df8f5a,69ae0ba700ffc1822204331ac529606444cbd494422f7626f658fcdbca5149ed,1,train,4
2365,[2365],ff70f03907fe9715c729571742348dcd62507f91e012ae1a364abb8573a0646b,2a29305c0df323fe642161afc990085761a0fa20d50e3619117cd407eacdb009,0,validation,
2366,[2366],9045a49a0667e30b5ee299c27430e6bd9130e54ac27ba1d6d5d05ea7f69746bc,12f2043494a5c40b4e583b275abc14ee3681123ed075c458bc4fcd318e368993,0,test,
2367,[2367],14aaf1ca1ca61b8711995b7d2829164b0e9e025c0d59cf976a1a0fa4e2cfc06b,84692b0ea9638f395cfb8199f2295c7184ff5c3027fd6e908e43a7b3f5610b6e,1,train,0
2368,[2368],af572c71b14d2525c1ec8f5bde03bac813d959e1c009d667addd39709c780e5c,ae1d980e30397d7ead960b02f431bbe17864a264ae1ca8764ec8ae69a4ef3d0a,0,validation,
2369,"[2369, 2899]",b5d499a22a32d96ae067d0bc207042033d3cbfe1ebbcbd252768c13d9f6264d8,68edd0f70418befbaf88cf557654af2d2f080390f1cb05122129b0b2d46f1281,0,validation,
2370,"[2370, 5106]",b48eaaa27b6f8cb84bbaefc8d735bc716131ecbbf46f06451f1b341bbebc9e37,436415f26678ae7862bcfd1d7b9f835eb6508cf8804c3b9ed18e5c880ad43ff6,0,test,
2371,[2371],9d7a9dd8cf38d6e6ba5666562e94c32e4bbe07836d59eb4603417d787f4beb30,aaf908f6e02c115d605eec6b382ec6e045b755aef6e19f48af47c0d8291d5dcb,0,test,
2372,[2372],c33a55690d304473d059ce75632ecf1a2b90d5e55791f880c61e3af39a7e1f67,b45c906bd8bd2c80cd4dfda6a1bac89763ccd4202264dba76b3d406e40186b58,0,train,1
2373,[2373],c63e68db4eba79c920a417cb3e8c5f3106a79ac2f27df7f1de249f4f5bcea312,615f985d93cb431ad503b4f7262dfd5da6c7417707780a72e1cdb59c860d1dd9,0,train,4
2374,[2374],d33e873907fc76908855ff6ff1ff4a5ca83473888443f527de042c997e32971d,156c20bf25177c0831610f3661008cff3c1c8b27b8e129e752ba22fbf1dd9f93,1,validation,
2375,[2375],ecb495c35cc9e1825448100a0b8691c9ed8413c0021a4d6010640888f7b3f73c,4b85af2e30cd91640e661f80fde5d6ff2a529152d213754317a8e37e6a5506bd,0,validation,
2376,[2376],8355c96cab36881be95ee9c85724dcd83771505d24e6adfd4392e0488415bd5a,f694b93eb6867b9656c40f13c4d6896be95ac6834046676e8d54ab5e49d08cc1,0,train,3
2377,[2377],06e650376551bdd2586ff6505a4fa5c9afe366635bf34a30aa5470855dfcaae7,dc755fca3bd22973f80e9555d544a7dfa8c9a7e7967356a5636a93e1db06c5dc,0,train,0
2378,"[2378, 3758]",1785155dfc3adf217b399afcc01eba89dd12a24c67699a5f3d9c84030a57a3fb,46e24318b0bd34b477825bcc97d4bc110a7ec5ffaf9839beeac3290b6d7fefc7,1,train,3
2379,"[2379, 4773]",65ed4948d182e024b2f16721a2c5ffcc21d9260edb4cf9f2acba08d69383a7cc,6351feb8f33afbcf4693623cd0f9056907a8d513ac86f8671aa68ddcc535b0e8,0,train,4
2380,[2380],ca5d4dc7a3ab25f418c89a15f4fa78d351985c9f6f9ba6e7ac487c2107fec5d5,e03b22971657256074b656ffdeff2143cc79c85090a836ba811838a3ba7ed81a,0,validation,
2381,[2381],3c5af0c52631ca71467620fadc5ee7aa993710f48baec1d67364fd4a7590243b,609b9d7e7bdce17e9a6e61a37aed7cc3406e1be9ba6cdc4a7ede8769ffc4d5e5,0,train,4
2382,[2382],78c9ed192b0c490467c511d7e7bd2c5db9e4b8c51ae3aa2231574af10eada2f3,6c99e3fbd01afea3b2b4d78ca4ec6ad2fd6c2920fbf58298db3bb2650d756b97,0,test,
2383,[2383],8f65d1e3a7008363f923d0c9ed34ac430c1d9a3ff710e3861e6aa12750924fbe,fd8ffc22dfb7cd9e9986d193eb32a72c221ae1f3a961dc26e15d2c5516badfb9,0,test,
2384,[2384],bd63767faa56b082d06c3f695d12bf28848873d61d3fd19c4fbe408cd38fdfbf,fed2fbcac8d1b0ffd2a5591d519036901f10cbd4cddaf3e9bbcc5111f6bc58b2,0,train,3
2386,[2386],859f07f3dbaa1f5b8a3fb3b9473154a240ea5d1d4597219a38734eb8b068f85e,e2a8f8dc6c0dd8d7ae74080be5a640bd8745d3958474eacd60cc656c9ae5bf42,1,train,4
2387,"[2387, 2944, 3625]",d7bb7b0ec15ba7a1f490b403981e0bd30a42457c9fc89380ea505188eab3c730,8eebb744464eb7130700581a6463e29163746b8ac9230af4f143c0fe92b886bb,0,validation,
2388,[2388],2c8fcdcf1dac64fbbd8d04c5ae088bc2a7d51d4c24592a891f2a0366a34f1900,5068b6858f35e4b0653b38d511991f8b13fc272b9a63cae06682c686e7c205e6,0,train,0
2389,"[2389, 3446]",a7cc84b989787059027367bdf291c34cf82a3db334c8f005243777e2c671123b,acd1cbede8f23c7aa876ae450cd23a073c15c407ea489cbf6917a66bca11e014,0,train,0
2390,[2390],5d87e9a14866f964e57ba356a8c84e679a2b5fc64721742b361ae6011fcd7236,bc2f50b7ff10e447a58202326248107b663e9b71d36404c867d0ea47216d6f9f,0,validation,
2391,[2391],1a4fa646ae7eddc2817be31870085c5649717109a71d8385e7bc179050b098df,b5233afed1cdc65ce56ed240bd783df56a8031f33a3675bf27bc189c2c2364f3,0,test,
2392,[2392],f3ed4fbd0b6dcf4bdd04e0f423719950fe8cfd5d31a00762b2101ed3c3ff799c,dc88dfa14bd3597d1ad7cc76c1de73bca8c5be4bf6096a6074082781a0a8c937,0,test,
2393,[2393],48016b56c577d1eb3a019b4691d3fafea02dcb37ea315c8aa3059fdb4eab2e51,0a1cf993728d182b0c888a8af4bb52b22c0377ae33389e387d7afd5f99adde50,0,train,2
2394,[2394],2a97c25f98f8b0b245b0a1bd970a22707b5966069c13b1856e279be3f7250a6b,fc4afe5a366d68e4e040703cd54e6d8ba817490e4040a39f8cd6775918519064,0,train,0
2395,"[2395, 3359]",538acab32c10492a2942bb7ca2cb06dc94138a448c0b055255c6dc3b5aab157f,ee16f1a6e085f69f6478bb10f295301409bd635185d7673ee63785e0b75a9480,0,validation,
2396,[2396],681b173552ce45cf05f63beeab52602110c3ce034b8389bd84d6dd3973391379,6735c26ae1db34b36a59e512e20136a6c685822f3d3434ef06cec212608d15f3,0,train,3
2397,[2397],ab39541596affe3d7144efdc1f4f362c36b109dd4d634a403b2c6ae42214b344,a9bc7e8116cfaab37ff0431a90b6499087ebc1b274082c9e6ac916e7ee60da0e,0,test,
2398,[2398],bcf9e0642396adece5d8a721f4dc6e22a764a31e52b8fff170e4cf01c3b1a64a,0b834578e6a71c2711c1552012d0919940af747efcfa1d96f7239bc7d359a3fe,0,test,
2399,[2399],c4bd42bb96cba71db3b96bd016dffd5647cea3a043e7af636cb84098b3186852,3c5fa52348b325d8fadb9148d0d03b3a36b1e73fc9831e8af72d3e87a0b14a11,0,train,1
2400,[2400],e1bd1cc27ced9b4c2678afa042d58fe541717f9cc47191bd8463ae6b61210595,1d286950a93f5abb4f006915753cc7242190b73db378dd2aa713a31958f4e8c7,0,test,
2401,[2401],411edb00ee193d2d11bfe6b289d80194919a9374cf3ae2c8676803281d8eb587,214c5f0a0bb02f6f1e6fc756e9d729b0aa56114491c4424e9b8c66c40c6246a7,0,train,0
2402,[2402],885e607db7f8d2a07d11268319a785cde7e772679553fcbbb664e20864d7e39a,0d251af2dfd2b63992e3662a8300ae7497e23563c24c950580a217f9d0338d3c,1,train,2
2403,[2403],9e35269587b3231ccd79ac47536ec05ae8118fddb738ad779d2124a89162bc53,3b8517427afac1c8fd7a7408bd0bb2a13521f73932debf41b3a560620b5abe30,0,test,
2404,[2404],6f67bce71625eb0978fc7def234b7ad8717944a03a1330339eeed2c1e76f4c1e,99077dfbeed99da3fd26f85af8b21999e25c6ca81f3b1d11e1da771850c4f999,0,train,0
2405,[2405],a038f91db1a7e46899d4bb7b73807038bafd2a4a23f12f41946b4627f3dadbd4,cffe8934678a97a0fa8a3aa161df64671f5a2c34003f5d8c7bdbc0e1875f3d8f,0,train,4
2406,[2406],e550c2a6ca3080b344fd3222362fa2f13c09c5e99f65b259b5558ea390095fff,4ded77aa615cff900dff6ed00fc26f66f73e0b5b13ac4e643bd2214ab3c701de,0,test,
2407,[2407],3464df622ef6007d73bb40072af7ba2c5af663570b79a51b99ff032c1a1ac08a,1d4a38ab16964c0d757fa194e60a4d36399c1808ad9d09186decfbd706a593f4,0,train,2
2408,"[2408, 2681, 3280]",f955257a505db229a128a3388b6b5093da21714c92d0249b6d49dd818fb188eb,4478ce46606357bdfd0d1333829d718545de3a3cac79b210e366eac6fd75b956,0,train,0
2409,[2409],589dcf11b26927946614785682ec3db97d78a074abfa9b4137b0c3e924d5fb41,d314365519cfbb0fbcf3dac0440c7e61d4ab92380dbd672f067dda6ac21a5d22,0,train,4
2410,[2410],df455e97b5854eab4212ddb85a4ec4d15d67309817db59e0965965dbbd57d08a,df0a1126b35f71b68fd9aca2ffc48d7538d84291292bce99522c43944b1eeb19,0,train,3
2411,[2411],f84b0ec9a3ac2d680a281a9aaebbc0ba41200ddb8538c712020f17d6332361d3,54d12d9f4324c673279d322f378a67fb7c9b84db557a8867323a4d955cfe013c,0,test,
2412,[2412],8bdbfa3aad8033b44e5e2139863fb7202eb2778198fded3e5f732f39973defc5,21801e85bf9291e0fe77c50c8a0e0b0aebb5ded3b84d78ce8d4ab78eda69db64,0,train,4
2414,[2414],bb42e38cb60a842f106039ef3211b8b3365e30fca827289c846888f10f46fdcf,89411ff109c4e278c53a11ff4efc0fe9cd6f2263a4f624a0d9acfc84bf83021e,0,test,
2415,[2415],5f3a9012991bdc1c6c75e3cc8c832bdf83da7ee4beb5aedfbf2ca2492c3a6bbd,919ba37ed9075826e58177591a9ccf7fa9716b088d82d747200ac1f09a71b3b0,0,validation,
2416,[2416],d825d17ebd75b756ecc981a736210337b556eed6b993e32cff1ccf10f4b2c2fb,b5a244bd2602e52528430f00e92485ad6668e600789711799e49b65479e078fb,0,test,
2417,[2417],9de174d384e6acba2cc575768c83c7243e14cbb3a115ead668895cc0704373db,caa27b95294c1b732a9d463b10e180fb0903c9d107dde1b49492872886d62cae,0,train,0
2418,[2418],273e2b0d4a71fa24d6a389b3ee07a8fab77e5d2d82dad0189beae376cdfb34b5,4b0e2d351cfd5624f31e60c6748fb3d5b8a576444e3c60d07178a5bfcc832214,0,test,
2419,[2419],23d230d74e6a6e9d0786e7a5109c5e55739cbf28740f6d9e5490716d4e726d65,d7c83b3738ca8332fbc5c276e4108d6476ac061acd93e8ac6de4c78f8d04cb6f,0,validation,
2420,[2420],32e02ed4b62d6dd7f1cfef5f2ad531e2aedd0a423499922529e62891faf22464,5338a71b978acc8e171e6e76c61e50e957ae34930ac6c051caa692b76df33702,1,train,1
2421,[2421],8e283d267fb00498da8661985b02b6e8776c5e0fa8fbcb97f65560396943ce60,18c6215136ea90c1a4ea6df957ee4611a450476b730cc1dac34f373b57e1396e,0,validation,
2422,[2422],302095efffe1a6fb0af40a0bddf0da10caf833f785c2e5cc6257b1be13390930,3881a2382bb912adf31646f5dd436b68ec90ed44341c5c2e95d6a609ed681efe,0,validation,
2423,[2423],925eca1361f4146cb4d708236a383b0a699bfb290f7485a313e971e106492e27,51a986e0ed7ddbc524dd5a6d645670be28a2e069539892bc7e2419c86a222453,0,validation,
2424,[2424],3ce20625271e3f8d9dd108f42a2214163bc5f2bf2be7a2c18994afe96e48a703,7c307707a71096f37d12b35654980d6b889080bbe7603c362bed6e297f7dc594,0,train,1
2425,[2425],47acced7af024575606a684991394e4763edaff5069199a2f242a751c4a239e7,3db18e666dfa0ff0da992b22a00dae8b1f68aa1fc17b81d5b109fcf2f8697c39,0,train,3
2426,[2426],89b51cdf10611e38b26d0270992688223c43945e39c84d2df12b7f58cd43f1c3,af2f4e47de443040c06fd9992563cfac6d5bfd0a62f63b74f6644277f6aa90ca,0,train,2
2427,[2427],c3a711d9d8f93818d73a9a1a8c041c97831fd1948eab12253639d7675e4803bb,dae6e5c66b9416a24e0cd9d0e89634c50e6aa0984f4bf1ebc2047183a20bfa26,1,train,2
2428,[2428],0ae6db489c457a7a64767479b66b60e62c56f170269bed49c1ebf9922d44a417,0aaf1e4f1893457121a80246aaf90bd3a73e47c68699d63fecf96e45fa38b666,0,validation,
2429,[2429],21c96710f7c9a7130ae90473a319161a8abea954325af8b2a394da7a31f61fa9,f82f0572da34c28d367348de4e165798c568033b8b0870559e7d43a295dc194e,0,validation,
2430,[2430],c0f6d5f072b668ee10babdb5b75dbec1bc94d9aec07328d5db806fc09f47e866,6f1d6a74f3d77e36691099ca0e76dc9719adc6e54048c483545975db09e47aee,1,validation,
2431,[2431],2aa318334879a7f58c668c2d414f41deb6c082a341a1dc265adb562cc0ccd1e8,d3309146449b31741b2eb95005e890155ab06745eab30bb79879a28141516596,0,train,4
2432,[2432],bc8a0ea16273f8768b584288be70d0d7b138e0b3ff40218e0f0f0b4c708347ab,6582247cb4741704f372ea7b3de4761f36d7e257623698d14582bf1810e5e0aa,0,train,4
2433,[2433],dd8fa992b10fd942ca1031806fc21c37ddd647c0f4aa7d73e319bf4b1ea1c0f6,dcccbe4436a9cf850aebb337c729ea04f4b95e897db01f41ca6e511ce5a99032,0,train,1
2434,[2434],41e45e3ea6df18ed92032f00363c40992648fcb0db7ea96eff1c7bcff97b44b9,20d95ddfa3d09d3b6ac1730e4c92e31d0993a4f8be2109feff784df7612fb81c,0,train,4
2435,[2435],0490629e939ede30e84ee7b2bbd2975a7863decf5b8637cff6c5227903884ebf,4ca09ef915ab8adfc1b55d2e518893daaf9f98cb7fcd9e49841e42ddda8ddf2c,0,train,4
2436,[2436],8e4ae3a0a52496f1fed1839aff6e2effe135570409a0c9044f5f0267dfa4b0e6,88a4457983ff8d693749f71829c88fa6603fd2b2384f29286ba32937438632ef,0,train,4
2437,[2437],e619590e4a8ba3c723743b775a6157a3b57281d4a8f4380d0e0ed242e8be07cb,5f3b6b4ab728218af054b1bffdfe7279d61d5c563fbb3a9b051e6d70bbc0ba68,0,train,3
2438,[2438],bb2b9e4eaca39657a048cbbccc8bd43bcb4dd995cf398e8abb72c330b7a2b361,c32c91479d6aeb25bdd1e6004ba14bbb0944c34007512949d073272478f5e5ee,1,test,
2439,[2439],d6c558ea91627550e3cb215253cb880383979acb35cf742203d24e43e7426d73,8fb7cd7fcc7723aa6226ae9e3e61431fa351c39a6946ac0a2568167f2c4d6afc,0,test,
2440,[2440],a3f01e43a5fcab22fa8c3e527477b8f2b867c6201e638fda9b0d64ca556d089b,0ff30f48517e4ac5a3914ad3d23e941b4204dd8915c4d761afce91ab0c996475,0,train,0
2441,[2441],2a72520e27b9d886ca7384fd52e9bc91c99b00e76e21f7522fc393355d137b4d,b81776f7ba5b147a7271240615b5e33f775870dcebc7acaf12176a6da04f7549,0,validation,
2442,[2442],7be192100a01d9b0ef51215046b1f2efc4284dc42d68c815a9f5407432c7df67,479e93135b9b24490493af366aa5bb58720234db80b34a3445fef3545a17d622,0,validation,
2443,[2443],222587299a574d85db8035f56263daeda21e7200119447825aefef6fb024383f,c2a3e7d24cf23781dd4c7cb014fcf67c21be2ae5102b9dc46e1076d6d1e9f3a0,0,train,3
2444,[2444],c6ad9709ea468f1abb2124848dd3273112259e72ffe4e48e99496542e46b75ff,910d96340404d4630b4a51f32f6383c7d5f65675c19cbc89a7b841accf1a49f2,0,train,3
2445,[2445],bb607ccaf34e23710520b39d617606b810059bb9801832f67e1569bdcaa7b927,770672abdaf9326c4a2d8ff8050804d3d5a06f4ccef4699d6928c5700cab2f43,0,train,2
2446,[2446],2754baae6b86e6f4578d5beab2171a81c591c9f4875e065427f2196b699cbac1,951fada30aca93107292cedd8279527316f4b632933a4a31b634d04b79a7d3fb,0,train,1
2448,[2448],f4251e638e09a91387c3179aab579ccd6e8051ccaf6694381959250651f5ffc1,a66428675c78ee904b8e49cc73a2035be9081151f0f3624feec881a474b192ee,0,train,3
2449,[2449],2237c52ac846e15017a45f6cd5abeae2c87f1376019b820f267b2271d0d04f70,5f65c686c229419ef237ace9e8572251dcc8577304ccf0f7ea51ea9f82dc8b36,0,train,0
2450,[2450],9e0736777a3e3ef3fdd4b7a757a3252e1f4fdd2aa5efda331929ec6f1341c065,0c72ad3fb4755a105f4ab9fd570428d1c1aa6989655e98c597da79827fb8b7e6,0,test,
2451,[2451],32bf41e85f39b62acf592f30f60cf057d8975ae3c3f1aaf813ae7e0e93c2c3da,9582a096bd0775d2c7d76d6b0e19480d7b0d3082d73bd302a580aa5803d9bee3,0,train,2
2452,[2452],9041e9829c557276ee3c548cd40980f6611f9a6d5e9b6cc9397625e77693b0ef,ad0e1dd0e1983bc8a15da3a881c7a393811cd7c3412443a65efd8789f59db44a,0,train,1
2453,[2453],8de4853ebee74c838c4cba6b03e6d67125ee9c751da8628cb30b848efd47d334,57b04e49b09194c68a49907a1eda3356f992825c9923046eae809eca79aa1ce0,0,validation,
2454,[2454],5616b7101fbbeb442da2cf56b6ca35e01adc31b0400b4b00d1110979697b9385,dab1ed3a94d02ff8bc528bc23ffb21fd261456960898ab52b5b4495fed5a7e15,0,validation,
2455,[2455],5d286854b434e68d438d985a3972b1e1ae79557afdb253e72cf62f6fd2de45eb,1d3e08b43ca1374d7f5a37bf2a69315d72dcd1e3597a4ac34a888dd8fba6199a,0,train,3
2456,[2456],3b09170e8b28a8515064d759c74e2e0232590f0f5610e6e2a5099f5539711ed7,9d636db602f64b73200ac3d60d96262d403291d95230ac15e2b7c712e61d84e5,0,train,0
2457,[2457],0b0d883bd78cf07720815c07fde12fc77e987f4726cf1dcf402e5bb4d39780fc,ce9e33343735503173d11c736188c34a3b0df809b5c9efb42cce3d7760d7c8aa,0,train,1
2458,[2458],3d4c0db3210143d1745f985e9b868e6f315c66f0234a568052291f2c22709428,ac4e649a5b0c792c57b08737b058043b5b6545aba75784c21c49512756235c19,0,train,3
2459,[2459],e879868d005a578e976e213d69b8bfa84671c9bc6d57ccbbc34bb3f26fd78267,2ad4025d4571a32ddf19ee16649aa047e461c09d92bb597d658e7fd8f84ec525,0,test,
2460,[2460],04a28c04ab1a6ba1886daba271b30bb490f9f6b1b6e2005af0b3ae70bec37efd,6da96630aefdc7252bf2c5b604889a698dfa0d15de349c3491d71fc8f6c74e53,0,train,3
2461,[2461],b165455879297e650e44bf13028e7f8fb5656d1950b779817fdd1ffa8092d094,bf479d02543bc9b6c2b5ab51d665cea17608829b1f0a368b910a4c90fa81cc67,0,test,
2462,[2462],6eec2bf97424f2320e17b8f01e70714a81d093f8f9c6714ed6b71bcfef81c3f8,4a3db7398d69f615c56964f3fb48f00035675df309a4f69dafcf5e83120b54fc,0,train,2
2463,[2463],e42d778f29c020e6c994457c14b287fa09003efa06f5b7825b931a668c77f22e,9df88ee0a203e476cb611d4b799460e8fec750b8622603070196d512e079b216,0,train,2
2464,[2464],5389d57ad6f02628097e2b19b6fd6ed8ce6d059b43c29ad73bf6d6914c004fff,9d56d1c9eac925ed40f7a30ef8a529acf66c50fb380507be86d88826ef2cb20b,0,test,
2465,[2465],7591361cd429ee5c4baebd7df2dfb9ec08d2abda56e01506dd4437ead32c8d05,180f41cc06430dbec0d7a82dff46e04713f7f066c07f482c0946f6b294e0025a,0,train,2
2466,[2466],725f41ed632bfa6ecc829e2fdae1495b5f93aef26a3ea41b4ab56706ef6d3d55,2b455678484102dbd490ce3f8aad5669a88b94a063fde1f1af0fdc7dd2adee59,0,validation,
2467,[2467],b90783bc9c611a6c79713c47a9aae85395e38c4dbd2eb4defa5241808ea9ea3a,4ca314f1d2c7438c7dcb2f82a96b5bfd439107360f7c9144c0d12776af3a3301,0,train,1
2468,"[2468, 5031]",287cc0df4c6107fac8281b7ea69be6b437ef58a5a9b2253dbde67613ef660324,c2dedb7415c51451f9653d9f9125bef6f533f8cf9210d28ae92d516132fcf7da,0,train,3
2469,[2469],98817391bf541e07ffd609bc5de1032c00bcd8c8596623463594bb5f9c32a92f,b2284f15bd2185d71be3c05e8bbd5a037c00a42aee0514f8accd7add5fe4c994,0,train,4
2470,[2470],d3873229f3a795b776e7bf83cb794338271a011533ee66773f0828dd8b83c331,9d36268617f8a2455c5e6db94ac40d27238c8d082822b0e592949031abad396b,0,test,
2471,[2471],0752239a4438a1b6f4387f36a1eb5287684c891816a445cd89b5c1d4289f85c1,0ddcce5991ebc60932f5d246c0a59ea575936fc9f062015ea5c78caca9158335,0,test,
2472,[2472],e5999126022a002c56d3922f2465bcd84bfe6e08dca2b2982af1ffbc931c18c6,16f0cfb2e0357814b75e081d7f1cf98fb078192e41ea15d1194e9cca3b2aace1,0,test,
2474,[2474],029d45b093707f25280bbe8d88ce377ca496a2cd51516e8b4762ebbe50a98ceb,08470c9eec5f7e37880e5d322689e717366b2d0a5ee1a20612a04e04239e7327,0,train,0
2475,[2475],39d76599648f51f3508aac922512dc76e45306e96efe882fb162e3adce8bd38d,55e8848f86894174f448b9573bb03d9863bed24d5158bd24b6e11d823de29943,0,train,3
2476,[2476],ddea46d80761ab10ec3691f571c1b5c94b5a2e0b0de7853b95bf6712063144eb,499888fcdda8344c6eb45d3b833a84efb3791b1b71fb86f5336d0f1c6904b6b4,0,train,4
2478,[2478],6d78b965fd54c6bf1e5ddb0630cca95cd87a09add3168f0e06ff6fdf4e2399cc,4140528f6ce2c1f1e9f0a42b45342fc7d4ac892216ba2c44b784313a5bb8db4d,0,train,1
2479,[2479],d466d1bfb9d3def4c75ab8c9d65e319eb538c3fc09a5d8688446c851ef0d5210,70cc61518b0b786d09f7c71af9ef8b6b920cee34c270c5efeb6b40c6efbf0bf0,0,train,0
2480,[2480],6cdf5052f5caf114c1cecd680fc8dc0f34a4bcb44a2e371cf201196104f70c09,1716dcaf814e294d52e0418eaaa2c15fa933b5c1b3303cb3c2eae92c45560c55,1,train,0
2481,[2481],32950341c6825447536ecc68595808bf3e60345119b0464ae3bcbe2ae8f5b641,67bfc35fe9aea1e53e424b0f79e3254726b428354a9248384284dfa284074dc7,1,train,4
2482,[2482],bc09e33bf4013c3fff368e6e31379ad9b1c0154023fac2173b29299b11498aee,3f1c43497c04f1856edc8586f76ca776030bb91b39e83f9489d0713b2f973d6e,0,test,
2483,[2483],65e5b19c9e60f7782a049394d86ee3f14677b78f9068cffcfe7b58c8ab699927,a0d0403f15336a9d228a6abda1d9f0665fa41408c75010339daf2b2248315725,0,test,
2484,[2484],b9da9470dae733b054048cefa5faf4ab69fe5bafab7f455e7f6f42b052c9406f,8748c22e3738e5d191e84a47e594bebd85760cb52461ec88e9f0f4912eed6991,0,validation,
2485,[2485],c1d486710ddf10d0c54df1af925ae717091cd5abd09a4f1a384b277d29532b35,bc35562a7aaa38c6eab5736d08a9de684d119a368e0aed94732e6243923355e9,0,train,4
2486,[2486],0b69b6dc6bb721fbf712a596ff4c46b524208bef118499c9b13db893ff19aaf9,a980c4efbd80651526b824a8e6cb1637dfa567e6e524b97e1d1bc099f9ec4f9f,0,validation,
2487,"[2487, 2761, 4129]",44700be8988e5d46ec91c61a031dcae99c293faa5fe97123110deeff75e358eb,179a452ad62d9f7fad778deb9216ee780e9cdab6a45c534d583e9062d18a7f4b,0,train,2
2488,[2488],e7b98efaf0c9451509ec9e429af135426a22bae10059caab710bba5e3a85415f,9a9c658a6963cfd848e7103bfd9dad18c33bb0f2adaa8092d92378cb0ba22cf0,0,test,
2489,[2489],bbb2dbc8c2c4dd9944bdaa2fefc11426075871bddd65c3c14c0cedbee875ec79,1960a4f100c070093d80761a5b8e0623c395e0fdabfce3faee308024efabfa3d,0,test,
2490,[2490],406f134e7513bde90a57ea92391ae81dde891b5f43b56033e5e46347100d3f1f,f41264f4e0b333c2c34992874355013591bbba2325467c24b6d69ca090e45ade,0,train,0
2491,[2491],60ccd01711d96cf5433ff5e70ba644607bd6f53168cfca353d51797f5fb54942,3846cb1b1aaaab06530b489f2d84d66195d2c8101e9ad09d012628e99bda784c,0,validation,
2492,[2492],eba0b5547728b2e80cbc2063b42995c95b6ebd6052865e0ad5dce0cf9b92643d,19e7b0bb678143b1943781221bbb83db708569fdda15bd748a98f70b16df8d08,0,test,
2493,[2493],6d1cecd7dbc464e71764c0aa1bc5c77090f0c464d728d090c7c89741ff58c334,df8c3eb0b32a8947cd21f858daedd3764a4305f71fe2c246bea147a1e6da3d79,0,train,4
2494,[2494],5075e1a4e05e50e77bda694966971d92006d7d56aa8a362f4f94d48098fd35d0,caa61eba09c7981df9fda263e2e3516debd3e9929a7e08dc690e8670c5d26bf9,0,train,3
2495,[2495],58996ee2857d156a8429e64e06bb09ae593f7b12e5fc9ffa56e866e30e93416e,8a075337e970f9970ecd75a298e9a0222e744c0a6baeb5c877fc8797e2175fef,0,train,4
2496,[2496],df19732059618901159c3f8d041efdeac3f55f12aae47dd45e2c30f5f9cbe8b5,f625756e1b02dae60a714e8d882cc66521402afc8f11b450bd9edbafc7f39bf9,1,test,
2497,[2497],5238df0d7d24226b15bb268fb1780d9a2cff39a1cca31327383e3d262eddcd7d,bf000d68f93f9f0782007baf6469bd3ba091f836066722ab07c95863f0063383,0,train,0
2498,[2498],47829165098a18958317b438782b8eedaa8101e79e977e9f924642b43012e474,1a87ba36311edfb2a3fb6a22a6d8bb23ad451dbbdaeca0d4c884a127d213c574,0,test,
2499,[2499],0ab711f689ef380338c7afdbe598cde03dda6dc2cb6e0bfd7a2e4022de3ff3a5,3e9f11bd38d76934fb86c5681ad59bb45416dfaf5deb318bfa97ba2847912ce1,0,train,3
2500,[2500],a47261f1a88b1fa7f7b1b1b0540ad56e6ffc623ceda066d25b2c651ca1a28332,6232dba3757b3511969bc7f510e73c849dc1cc52835ac38e3ad0dc01eb9f9d74,0,test,
2501,[2501],0defe726f612fcf3b81457cb865e7f72a695c7beae0cfcb30122e1fda3ee0a4d,f16f05b3649daafd874e7a981e8ad9272cde4a99b21f35a15d2783f2d5515f05,0,train,2
2502,[2502],cbfa4e84e31849d5807f7621b72905e99d857a2fd1523c63bb8ddefcf5974430,1dd4da661846ffeb04d4dd2128ec83039d3ec7a1db1e8eef5730150eee70b063,0,train,2
2503,[2503],3c107b271b4a81f4909674bcb20d8d30351bf3b9110f16aaadabd7ec48cfbeff,5ac1ff171aeb78b5ab9408233209e20c64fff35fb8f95f2ca5856d026c5c93c3,0,test,
2504,[2504],fc8c99a388d33a5324b1a78a6d59172c4cef0261ff136c004e1cd55b95a4f0e8,fcec1c1eb32d9d08212519c52d1cd8efb753673d830918c3d24f361ec7edf8ec,0,test,
2505,[2505],bcc011d1e6433e4226c0f391cfad9cdd6d5594955808e06f4c6c30b55dc65eb3,44e279db888df6970de7befd90c52aa4d852c569cadb09da2158037a28c6f895,0,train,3
2506,[2506],fe2d8ce0f215ebc63d9fcf5951f86135fbd0c07823437226f46df795b31b1193,492789e39ce8c2e0a03b4372a0d8949a4ee0c246c2b100fa7b16c237f4c941f4,0,train,3
2507,[2507],f6965fbdf76152632b8210587e0e7b5af35fa387c5ed0e7ad9a5604af65ce72a,4a4cd91a7fbf6ed3dba3ac951e2c10d121f91018774d333e2725d560f69d5da3,0,train,4
2508,[2508],6bb4f71fcb089e7ab11b651ef854c7d44de4a3375ef40d7580cc2a8cc7a27d2e,a3cc35736355e5be865f00253b4b95c8cc1f1d194380dae15a366d237d7359d9,0,train,1
2510,[2510],2b9f498b0b524ca775539a61d06cc34edc7d334e572e98d4dbe43717caaa3300,1bfbfb731cc9b466441864253cf77315bca688cdb881db7aff2f3fbe67c63af7,0,test,
2511,[2511],586605baae1d8d9fbfae89fb6390831dfd2b8909c9759fde88b4f160ead9509a,33ca90807d75ac7a57188df8bff6b6e2d572eaa0eb3b0af6452afe88a348569f,0,test,
2512,[2512],fe3730955ade08dc64624a81251fec58cd14c32defa076c23ae5b1fdd1be1777,6d66c613b7d4ad56a22abdc029ab947aa8a32f8f55e1f373bfaddfb134559e12,0,train,0
2513,[2513],e6ae628fad1cee9dbfbaf970619e8f4e302e13a6433bbea50b65c10c779f3403,64d77c6f59488544dc636b9a4e07603024a66b73b163ac2f5ef70f8c2f8e8919,0,train,3
2514,[2514],5e8518b82cf4e3519a5d93df5665a5ef695d82d44d185397703bea54bdc4865a,e3dc5686e0a3ef95940b26cdf4ec05d4b74844c966db8baa2b97cf3dc36ebcc6,1,test,
2515,[2515],75cd6096fb7992f6b3d520f2b51975b920712e8daf267e3feff1821dc8a6464c,dad0693cc26e6c7cac56b234d46a1945771a0742a822f8db4d9e485822af89ed,0,train,0
2516,[2516],84cfcb54ecbe1ecd8c50f7932872988fbdd9d88c0738149521191f64815edaa1,b14dedddb90651862adf3fd51c6c446366a7bcb2b6d53638697a2236a63e065f,0,train,1
2517,[2517],45776cf00d40b027a2da2a18c51e82523330bdb0d0882018a4292d7ab6c06ce0,28240248375a054add6566895270842b546c8abb4adc1b10e56b404cc3bf38b7,0,train,2
2520,[2520],01d5b05de7b163ec6fdf9b8b1efd8ab4b7711dd0a423e118814812e90d17c026,514acc36cd30bad3afcda7c3683ebfca08dc14056bc0772373a67df7942002b5,0,train,4
2521,[2521],3c53f205b8cdd9aaca6d6a57442f672a5c481a39f6af3cc9fdd21d4e46d4b45a,29afb909314941297597d88f0c822d6f7475878c4d70e1776d470856b08136ac,0,train,4
2523,[2523],c71a11a080c029ec559434368f2348538db4dd8422b50c0e170b59cc855a836d,3c6f4afa4ad5d3c034d7d4232a63c68971ccac085fae7b7d01a3e36667aa1773,0,train,3
2525,[2525],b21117407c24dabafe41b1e3908734e54fbbce5b7188dca74b1b014eb9818f90,ad5d95260647809e9bde5465bd7f7738ad5163933e319cd325106975be3c6fdf,1,train,3
2527,[2527],7555289c00f0ce338fd89c3d727a4b21476d04eef5fe6d4f8edf0d8c23fd4eb0,2efdf7f723ee916c89fc83f0a4eb5a5465aeb2ea7dba3994fe5f7c3c6d150150,0,validation,
2528,[2528],86846ec7dab37f427995c15aacd3d46216d8c23b100fda8cc780600ea51a9197,c13db2f754ad8c44ef7fdda57c6274f97d2c71708bde5aae4090ed63bc50a798,0,validation,
2529,[2529],636abcf0bb7e05ec38e8c1f92346cfd00518b475ad0419ffbe4c5dfa8b666ae0,4a07692be250665e1f43b6df1cdc7790e11d3cf90192368c5a7f0425db06b8ee,0,train,1
2530,[2530],dd4e63f8edf6a6e5a1a3ae6bf034dbaf2d2274bf24271dd4090eee98d3b00df5,826e50ad02cd030f53a7cc2406ed68278e8361bb1c6ea9f989599fa32e6b9d0f,0,test,
2531,[2531],7d55e15a26354b50d08be4ed651fad0683d3418731624ae51224a45c2df6ea65,77e8ff82bbb21aebbc2e7af43787d4fa58d3297654137271d390d7f2e8a11f5c,0,train,1
2532,[2532],ea83eef78123ea1eefc727b6ec60a93209ecce03638d590717f87c5324ca6df1,e25c90ee14a4ab4291e36d9e2d298954d048235c0aabd6dbc83d0e7a82a708b8,0,train,0
2533,"[2533, 4963]",ba5b061516c9effdcd5e373d6cea4221380cc2f930f023721ceaecd7af193f13,114e5f58317a756f1e1f881f0474a03b98b2b3d57cf4784c127a0a0ec7b7ddff,0,train,2
2534,[2534],1b2ef6397230f4dd7be915157bf1688bb0f30d1ec4e724816e377c3dc56d4db7,d0426f7a6f63064a623692dc46bba04705137bd944ce3c4ab600315fce7e4ae1,0,train,0
2535,[2535],e258dfb957f5fd36b438607da6548c4bfb4cc7239c1078d7f17881ec1c49452f,40340d4d4976e44677d3eed9aee8d7d47fe9c1710513c4347050be9c69e23344,0,train,4
2536,[2536],9d3a7f9554acc503c61533e8003460a2dedb5fc3dd014ea5d2168b185a11af11,fde5681fe4d9b024f6bca3f46024c0c4495c5c65a98ad69be6c64fa45cc580a5,0,test,
2537,[2537],43beadb718ee0049fbd38a12035ddc077bcd24fbb59e66bcf50d760a6f091b03,576a228bfebfc3bfb3251a7f54f12f5aea7df88b3a2c558b1d3bfff919235206,0,train,4
2538,[2538],2cb0af226a489c8d665e1ffd2c5a3c5ab84ca8fd82ffa57b19682a6f6a6ef3e0,bb2653b409cd015eb101f0187509a36ed22220a4dae2dfa1adfba9a3a09bd9d4,0,train,0
2539,[2539],dcac0377c3c50434d9ad1ccb52ae88a7cb53933a6f93d6f958791010b112f62d,1b398bffafe4e2375048cde2f3007a8117a040e9ea602f95cfca5ccfff375f5c,0,train,0
2540,[2540],d850b0e3bf456d8a03191a2eae9f920701be1ab1d83e0839c06598e7f3b7fc8d,e83c0337fd7e5bfb3ade84ea8fe2c40c0abe2edc78918246112cda984701bb61,0,train,3
2541,[2541],cdf4c5b2991911c45d2f0580c4921b2fb5df89d7fd737dcfc88cf4214a65868c,9f94e3b643519340071b2c86f728f0dbdb113a4478150766650a0d30b1d1a62f,0,test,
2542,[2542],5405099d6b4733a6b6ca4371d39eea3d0a6a08c4b534d7e22c777b88693b0596,902fc2d7f232766630304a2509a3ee00888f19ce297fa304ceddac2e392990f0,0,train,4
2543,[2543],ecb61c6db9b2f950f1a7af13a36cb064b4558b499e1c028960e996ed0cc022d7,1bb6e6417b0cb6f911079578014e20332aed7e245bbaf0821725474b099f1461,0,train,1
2544,[2544],602aaa09c6e369e87b93ed5ce91f3754186abf5da8a742eda4c3aa22f8b594f7,203a99919c3214257c0465b9fac8a101856118bad6087db365c193074951a927,0,train,2
2545,[2545],17e08a77bff2199e1394e639fd4e6d2e803310a224b20cee8c569249bd0097ff,9f35ae0e15b7431d4db9cbc7e18683255279bdc9c3c6b6d43c2995dd3c227dee,0,train,0
2546,[2546],2386e6c7d603d63cbab6a192a5e35c15511846445804cf76190539b6c316a7c9,d6bb37863c46af4f5c657bcc49562df3ed369fb080242f50b093ccd0264f4150,0,validation,
2547,"[2547, 5178]",978f5b93eb574d377c6072af7df1afa861cf8d0ca59c4d8e88d84d616d46322e,93bea5f7d283ff6c619ade934b83f5edd4d35e932d9e01b5b3127c09e6d51d2d,0,train,1
2548,[2548],3e964f07819dec6fd92ef29651bd003185c1875ab95db1c40f8e40c617a8db64,ac5c7c5b34811bf8393cc1e86234e52f2705d65969c98aec4cf6535bb4219f63,1,train,3
2549,[2549],524e8d0af92c3c9224c7566a1e7d6b031c1bf3184833024002aaea18133cd0dc,e0ddd7e6a807b7992887bd90e79b9a04f0385d6b4c9d5053f8bc8f9cadb3505c,0,train,4
2550,[2550],29cc45a283ac8e9fd61b6f961d3680a62e824236ed515c3f1125048fae572ae3,4378664027e7564822c00feece7f02383eedbcf3aba55b87abff7d8ebee3ec2d,0,train,3
2551,[2551],c767ef478b3004f2877bb5bfa28b1d4dbd862638bee7b90b8d4934f32e87eb3a,21f8a1b76651a881a6cb4e69c2cb3911670667312386747718a15f50671673a1,0,train,3
2552,[2552],22ecfff88ebc5fffcd8a9b30f1d95571a31187965df0fcafb4db9cbe531ecd99,a4cb07f86cfb54b72a2d8e840416b129bfa21e4ca353f5fcab787d9df39bcf42,0,train,4
2553,[2553],46d12c74d7a4ecda37fbbb9b257f4a7ed5383d29d2a56f482268fd5e5ba657bc,806688a3d4d940e3bc244932bf07849986d882ec71a89d8a2bda87cfeaebcf59,0,train,4
2554,[2554],2e83ce92efc8ffc9745e96c9658fd98ede9e9800b0f1a92d81ee1f6c84b77517,3df6b0c4dfcffbe378d800cfbc9b3a73e80174061c67f8d77ab3b67f4a1456fb,0,train,1
2555,[2555],18160c83ebac16ef39cc9e103c1607a68715314e31bf1e465128d65aa2d60dbd,80ae6009c0c6317981b18d841f31f811f2af06c3808334daab2113529028ff6b,0,train,3
2556,[2556],584adff1bbb9023c629247537bb5b6ce383fab5383f85c2127ef2c6fe1267d4c,35b7d1e6a8bab88270ea40999dfce92932f29959168fdddb8d8885085dd65469,1,train,4
2557,[2557],3e538b88b776454b478096c8389d4dbdf1259bfba9111827870a79129cc9254a,717b14a592dd356e407ab1c290f88af6fe13641aee6eda7b6815c80ed9d264c9,0,train,0
2558,[2558],4c0dab8616b693ba9485f11ebb73225782fced6d530fc27d667d27e7947897e9,acbd8d6583655e1adff7ff3aab5f1c1f9bd88d6c3a577c143f636a03c624c54c,1,train,2
2559,[2559],3cafefd249660e6427dffbe722eaa0c05d992505e67380429b66c79e210b3867,3adf64fa4f3b79160748f858c61deb705e04f3b42cab1f95f7d5eb0ec24d568c,0,train,3
2560,[2560],b81b2c31a5c889e702ea29f1cbb1ddd66553199f747e4c55442a9c823a2b6519,3a75e5c86e5ebf380d4922ffd9a65e7a3fa022794924d1340c1edb70255e48cc,0,validation,
2561,[2561],8281db8ad6e4b4c452b12e593fcaa773c36c6d675e2dcf5d8c009882cb785a09,ecd0f145107a2a48d094dc3968cfdf62ecdb944b9061bd96f61f9229297607fb,0,test,
2562,[2562],bc1ef21da922ecbd7a32e26b8f452c2090c713c2e7a5f8d2f2bef6f6c9026359,27a9b9e8a54fda0890218179cd33e8efa577a1da44b7647751e588f78f226abd,0,validation,
2563,[2563],d9aa35e23bab0934013e8aa406e115b3ea68144ea3353e52034cf75ab9f74968,182b905df328463e2f6b8dc0a75b6e2b41afe9b7c907e8aa823cebf3372b04fc,0,validation,
2566,[2566],91416499a14534b034370e5ecb550775bce70d7c35cda55106f6e9aea1b11a89,88b215e9b3216a7f94f1819aae263daf581a78b309b43a5130c99c8861f6cfd0,0,test,
2567,[2567],64ed2a0ba8a83e1beb6fbfb6952ace7660141a8221248f2083addc1d0c44cce5,e1671d22eb35e416de4bd105ec0b79d5d9a847f4fc7eeefb0a58e67053f48286,0,train,0
2568,[2568],e0e6ad6d01d583e7b850c5359f7d5ecb53d774729dfa71ff26065f590eb70619,c8e0eceaea0d1672bdc2d48acf558fbcadc418cf5a9c9743692e14afe62533ab,0,train,0
2569,[2569],7fd3dcd5c5ec3d95ea042d555820947ca8de23de9e63cde7c3fd6a44e3640c90,cac053ac70d45a2cdce0668fe024bc98916bb03caf16debe84ade3b038a87785,0,test,
2570,[2570],b9f5f427fb17a8b03eac9f15b7360ac31ada287909799efbfe601efcf49c01ce,73bbdb95f086c21158c48b97baf7c9c008d96d11c0019753c616605cb5c800ef,0,validation,
2571,[2571],746ca71256ce394a6408af066caade17671ce370235773f977b45118185e07f5,51306ca08127c38d140f3cb67b31596a7b1b4dbcec2264819a908c98141739ff,0,train,1
2572,[2572],842607de40788b534e666e28e8ee8ece767799a91d7f1b6928f4b170e1f055f1,aa5d2d4f6f3c5d7c133ecc2553dd6817e0f47df8ad67e1ea2744f91c13209710,0,train,2
2573,[2573],2fe982d756ee4b8ca25d71af993dbec3d2cd5ebbd6c2436e1251841deee2a211,dbf1b79f96b4ca799a2768eb76e12cf0a7d7e429f70aacf10d4a795d70e6576b,0,train,1
2574,"[2574, 5166]",d834ab21f723f6cca79ef275fea657321970bc90fe01876367a90cbf08dd730e,0f9025af1a8a66abf98fd640bdcbbc14e64af7ef29c2a3dda856cf6ae68df2c9,1,validation,
2575,[2575],493a9816c0585124a7b26b4761a5ac05f3b13c5e3973471a9468c4a6b20b5024,dbd2648af5d79b46951d7b0174b2f3fab78a2f644c8b767fe67f9ef211d21f5b,1,train,4
2576,[2576],a9e16896cd68c9516707ed457ea6ec1c6e25f92ed49eb641e6f17d4121bb4022,49fd060aa68a5336d413ec1beb541a360f4aa44f2d468b2a53b7bd6492791e0e,0,test,
2577,[2577],e4e5ef74796abd820dfcf92f51a8be30756d9cbe565d60ef9da0d669cf3c26c7,d7a720e4770a1dad3779e44b3f657fc38cf535fdaafa83ff9f1cd8c3fe9d34e7,0,train,0
2578,[2578],2e9cad770d1de530dd2cdd1ae4a6558750294c7799464ebb2e7689990a08ac91,5d4bd4e78bf659f83f386653ce509eadce65c6b94da9d53a7fd7395e229676b0,0,train,3
2579,[2579],fb47031ad11f2949c3b54cd5a1c53752bea190b7a5c9d7d4311ef25caa4d3063,da32cd167f5a020f433ee4353154c255de1ad6792c091da005694ee08a939efa,0,train,2
2580,[2580],cff1f2b5703865f55edecb8085b111624378244276b2275f7431fee1aebf1d4f,6c659944ab247829ce3f44303c529510a0e24e43de5b7c43ceaf0a7a9ee7b1c4,0,validation,
2581,[2581],6ea41f1c67314b1e60690e1f26808808580ec709c8c459e0d3193cc4451cdaac,54c962acbcf50cd8df387f7e44b67e2974eed91d155fb8c93b3a4dae9c2a2c8b,1,train,1
2582,[2582],262b92b5c5338a7f167f2391f9aff103e0988c3258266c17ee2c31715082c85b,ef610eb4384b76127dacbb80495f957ebcdb9dd0d27e6997c1529314bcc07006,0,train,4
2583,[2583],3d283db50452f13487ac417c8f43b8a5cb74bbb2896aa01768918795bd73e250,862d900b7c995fd6a78377d1d82570bd3f5dd2e37188d09f7387c589d262e267,1,train,1
2584,[2584],06ca1a21478f2bbfea94219cf0fcba19ce8d3eaca960d0a9601244d88e4d3752,e5df36a8926c3c1e609ae877006c672f64c332d75a95148a2e617a7397622051,0,train,3
2585,[2585],89d14ec976e5813113c3d486add0583c1ccfab51d5844a5239f06768a6344ba3,6258137aa1fec81cf49200400c812e3dbf53ad3d68f506831b5145999cc029d1,0,validation,
2586,[2586],a80c2187bceafe65f8c1407034628f4177d782793140d8e93666bcb8c4a1e88c,f3c1e6c701a9fd31d70e772b2089f80d5b5544467a7b72a9ae1feb5c30954555,0,test,
2587,[2587],a41b257e21a43b28fd7852d91ab586e8b71ddca74ac2362eb73bfbb02af7c731,7e26c6c5a44c5f3c0430d812d583f4335811eed67ff47800c6e6a5074720ec50,0,test,
2588,[2588],0b537c74ca9d08d02cd6bb4d9b1b0488dedc413c076418dbda7327255ccdbf3c,9979e948cf69b7e679c6422315193a30c74140147602c084c01844ac69d6bfd6,0,test,
2589,[2589],79c0b9d05f52cc1c70fbd97affc9ed3f87b263310a47dff13f8de29398da623c,40bf3e3951c70dd245393581d670bf28d5c6e720fd25f65b883f89bcdcf569a6,0,train,4
2590,[2590],721eaa91b7c187e8f0dedd0a6a9282ca10b7eb100eb2818f422973c0cfabab3a,9785a489d952f73d8453cd81cc8f1e2a34924a501c9bf3109a05ff0fb448d215,1,train,4
2591,[2591],eafd39be477218af907422850eedd5fa41a34d1c9c3eb7e1f2831d265627733a,0181b6cda676cf709413a991838bc0315b59218c72dc5267aa3be3cf4820db52,0,test,
2592,[2592],1696adfe507ec918d77d21edf8d280e723935001b1cd85131d5bd20f0e22a4ac,a9cc82d45b334dbf3a42e9be990fbe752550cd071100af01782e3bea36592e0a,0,train,3
2593,[2593],f39f4deed304bb288b24640ee5910ff3eefc3dc2d01ca3b8872c70ae3678b78c,4d2bde767711d271a53d73de75c59fde59c03d52481bb12ca7ba80e0e5d018e1,0,train,0
2594,[2594],0371c89de0956152bcaab6434e11015b8f62cd148f62571f5068f9f84d747477,a47aa7825e0266a600ef834ec84b3db6c061464c6c375344001d1cfd497d69de,0,train,2
2595,[2595],72f420794894b50103cf50139e004f50c64783a2457d809be9bcd4b0f7832071,cb872988e8388aebbe9c729103c349058697e165cdd304d4c9e2c043f96482cf,0,train,0
2597,[2597],41826d6b3f19d4b598dcdfbce278648fbd2b7cd5a62e528f2994089ec46fb2c0,bc78953376e618619ef07fb302d0d82a37081522529332f9483c01ad0fc97e1a,0,test,
2598,[2598],f8a0b088e0a13541814cbed28d10ea61bf899a0e1f74ecbd0e256262d6ecaa9e,310deaa576c7814880311c23aed0f91e9faac8bcb0878ce9353abca523589170,0,train,0
2599,[2599],728e9c7d516d01a27b9d14f899fee1402b7b698fcf3fd2bee24e0179282e63e7,688fb09bc5f4f1134b6551bec38b45d445fbcccb0300190b3451dc06decb1561,0,test,
2600,[2600],105158a2ac8b7e2008973c04d89f762d25cec5b8b191203fc1b3b7e7dfe4c0f0,35eda2c67237bb980ecef8e1733ea827201a17320c05747fdbea8e220f05bd89,0,train,0
2601,"[2601, 2611, 5259]",cda1e2bdba346b9555401ee235652d08c5550dcc6385a9e1a06cb4ad8cc15c59,9feca61c95cb82ab069591217298bfab460d43ba559e53c7184d8bf8363be127,0,validation,
2602,"[2602, 2688, 3901, 5190]",a53fecdcefb47f3c4b359f2ec940411ebff0cae89b2cf57c0442af70c0f664cc,bc621c66894336a6426eb6d09121e924653394c8f2153899a7aa4bafe910d46d,0,train,3
2603,[2603],045dad8293708b5da1bebcf2257aadd97839c101db37b8172232acf9bfd17d7f,cae3d1b415e39ab76017e15ff01e3a291bd38854197b9f4ffd7bdaefac2d78c9,0,test,
2604,[2604],7136e889f27de2ad631773695616df5852e61dc0f8ad4d3c68d687b583e6f524,c048a73f01ca15b1030b7d7b0c207a91fdd794cfd13f2af3a2cfd2936581db03,0,train,1
2605,[2605],c7020d5df825870ae6330cbebf6809904a7e0ca3ad7fe8b9e4ee2c6126830cfa,50b19f63e93cc5e3df460d2f6cb15d9a60833de8a2894437c3f8b201ec15ee18,0,test,
2606,[2606],fd6e43904db5e83a1905b3ef23f80813a02bac9983bc71c566f6e8497c88bd7a,686846e3a5025dd93a6d190697710260579ddf5476c09bf63e35b3b5c7e1aefe,0,train,2
2607,[2607],f2696fca1a342d6a1ea0d53f4148f64701611a62445e53228800ac315baac759,4294cdeb77e3bfe132788ac72474f9d0745340ddc4e18c63661f1fb0526f8712,0,test,
2608,[2608],e54518fe644417a29ea98dc116c00fcda234b06b9adf070a2d8aea9db3d789b6,caa5813d015d2336d5c87513de360962d9b66c4be16e7fe5e55dd46f8cbe09ac,0,train,1
2609,[2609],a84cc015f3920fb0d76e021813b38aa09a478cd37826aa48f1de14b5bdbba17e,0f37c6523256184bf6746b28b7b1ecf39b4488b9a72bbcdd810a5c486adcc910,0,train,2
2610,[2610],d2b8bc58f1fd08dffd26f869acc553a212be20230ae2350238bfdae371e1ab58,6138df335d66244efd7042859f0027376ad5d3a42bbd08937d16b9506c686b72,0,train,1
2612,[2612],add9c8f5f56d70624a67e0545e81456a58b788cc261bbcfe1f17925c45708ef3,4c2356a1f19ce81b158529a0ab4d8c98d1d691434c4a56ac11d44fd01d0e7524,1,validation,
2613,[2613],223c7973e1506e8f4e66cc796deeae0db5604cf4811340f10b5356952f15b567,97182f473afb1dd5e7f009b0ab56b9fc17ed0b5d3ec9e0f03be948e565ba141e,0,validation,
2614,[2614],4b5ef326d8c6a66b5c90087e80f028117b456ffaafa217a8c60a96c7055447f6,14b4c8b5e510851290f8cb1c3b6f1f22be73317e2b653702a90ff62990601d2b,0,test,
2615,[2615],7cda054fdaf5bc9380e288599efa8305ad27eb368aa173457d298081ead72a6e,183343093b1eb989fed5062cc27004259bd32b028053a8ddeafadb02264f6726,0,train,0
2616,[2616],5290c2e4a02af176f5a4d91334074b0243ad8c1afb8a9ae3060bc1e14e002271,310f02a0f57e617a5c8d4107e3247d9404bc38b26e7d304ac0e87319b3b9f5a7,0,train,0
2617,[2617],958599991908310af98023c05b4c5bda6f31d07467b4f96744da00ff9e1145ef,656a724612ea871e19c0897e13539d8d31a94ad0a00b92bd2ded12828f48f875,0,train,2
2619,[2619],09e16c7c589a95de0b759a001493dfa61a850f7a7c17ef3ac1857c3898723101,123c440d45132500db6941a78f1ce5fcccf6cca447c9327b2b09d6f170ea0586,0,train,4
2620,[2620],8870edfaf20af644ab3ee977de9a3b0380933b8629760a3c8b14db85165043f2,8278d45756101290a29e0222f012b4aa16dbf487ac3ad1c3d0103ee2bd381f57,1,train,0
2621,[2621],96daa37c992e00e7dc96cd15978c97e6c3d767780761cf12ba0fb3881057f8e8,98ad11ee76fd6802a59f5faaa27437ba255b739ebe6dbbb1034933fbfb63e1f3,0,validation,
2622,[2622],cd040c81af188634a8b29810a2f9d8b2a608709c094d1025a9c5bd4619b54e80,fb678a749ad52a77449792544346bc6240dad1bc51aca1740c6fbb4d4ee52da9,0,train,3
2623,"[2623, 2721, 2827]",e31a8623f392642fd6a205c5216ea68e45461cc71169f3d6f132f25256ca2b72,2e0dfba2fb47a8e5edcad82aa991c1a804ac64602b34401e5b3b34508bff2cbe,0,train,3
2624,[2624],85802332ba898ddc0bf8e732af53a6da72823c85d04239c2fbab7759992d96c7,76215299a01cc1ebb6372741ac8b6b1ef6dbe6f80fa1b4c5432a7926a021b8f2,0,test,
2625,[2625],bc68b518c8fe49a9cb8beb93221995384b69279814379d15dc2a4f2db20f336d,26f49c0e0188b367e3242341f59c520a429af501f216597512463c9c9ca9b2ce,0,train,3
2626,[2626],265e4ec39801b970d27c1206481fadcc65a06ed3b3b13305d22410261db0ce1b,fec9e0a500f4179d1e5c2b48b9c883a13d5976be1f5208ff07f86d7491b510ce,1,validation,
2627,[2627],ec03567b4e68cb61f364c94c6fead96749de824ec7252736aa911e52bfdce0a0,403ece983d2dad31efc308fb6282ef6d6dd23714181836bb9965b0fd1966639f,0,validation,
2628,[2628],3d65ea18b869ce73dbf17c3dfa8c8630e9e7706c35a70b046b703359dc839077,726707219d44128deccc75c724aa5540f0cfae43c92eff7aa70d50166df22db5,0,validation,
2629,[2629],63cd9a2449abcdc539e02d9ff93757acb8c1f05bfce10a211b5f303bbb3ed62e,6348ace8f8406a12ee79e2fbbe82a65998dd826182b46d960486211b4c6c7622,0,validation,
2630,[2630],d32bf983d079c6c5995e199c447a23cc9c858e8cac01661ca33ed07c5e325225,3835b4a96e00706e96ec89a001657b3578b9eac42b571d7316bafe1b5f2b1a0c,0,validation,
2631,[2631],f1d9127b132822e8c0d8f3613cbb73054dbcbe3c237fbbb1f67f0622da4069ca,c0652e83cedbfd612ce95e9edfa53bea47a45007d75329b27bc2e4a376c17714,0,train,3
2632,[2632],94dfb093962f869ac3b94ed67cec72551515bb9ed2990004a40d19dd70252641,32df63148e3418614a85b28a5c2763783e3cef29a37f655d47b76125efee86e3,1,test,
2633,[2633],d958f6f09b227c38fac9749ad9020caf20889afd6058f4abadaba3d701e26ab2,a916716e71a7f1038e8abf698c23c4bdddad666f67da2f1e369273c2dcb796e5,0,test,
2634,[2634],b65eaa16fdd8356b96cb575b878d9dfa38bc39a136865e2626109ab3ad00c4ae,cc86c3c05068d682e03f997c8fb0aa36b1af17af3a506b4ed18b5bf0819f8a17,0,train,1
2635,[2635],d04c3161e8dbc6c1e147b136caf61fb97198a066353a9536b317d07e7c8740aa,48d9d81358dad2b89ab0072939de9bd7a555cfc364316bcf93cbac4def7911b5,0,validation,
2636,[2636],1598c09cd452b03035c318713de5003dbd141ef1db804d522d5903639574196e,94cadf88b61d0b03a236f3efa87a33cdee123b4a7be582e7e30e655844229421,0,train,0
2637,[2637],9eff5751e5c4833eedbe46592daa31930e7364d8f056b64c6fa8438056f82a39,4cb9faf4793a86fed9c525bbb33faf5b8e0562b40eb4d802c653ddbe7d019678,0,validation,
2638,[2638],3307e1fb51dbf74c049b83ed2b89fbd42ae54fbe184e51d114d26352a8054041,c297bc927302742f7684a70b40d97305d29bcd9cd87fbb05499fc437147063b7,0,train,1
2639,[2639],1fdb8f2f1714c031d69d7dddd2020bee4da90dd1f04695073fd4fcb7eb741ccc,2aedeeecef28b8fa71c8aeaaeeebd15f5b52d965c8521276431cae7598b1a392,0,validation,
2640,[2640],4d36400e6239ee71e18cc032c33777b8848adf92414c89fb3660ea5932e9c4ac,5b425c241e1fd4736a6db9f519525679b962a6f60956faefd8c0df7aa5e64a87,0,train,2
2641,[2641],bfb5b8e7ee80849e276adc3fcb09bbc3a4aa08ef74b7c727f048c69e618d79c0,4f6e3142b2c48dfbef22f311f3dafaca02c106e0f52abc9d39a63b2b2c626374,0,train,2
2642,[2642],034ace672a50480ae8ae7261d98e7d16228a4110fa2c73b456e712890d59ca51,deaf5fa1c2ee589aa0893003abaf7cd39c2b3d968d8dccecef9abcf45775d46b,1,validation,
2643,[2643],966554fc58a1a9c07db4cc89cf6d05459ae522c9632a832eda8826915c3205dd,b64667f11fd0254107251a26bdc1589ce7fd45459e6485ae6d70223541894f79,0,validation,
2645,[2645],dd734c4f8fc53894000a1f67f8436835e0ac7edf4ba789fbbf478464ffa9a3ce,58c08a5b990f4e8b677f0ccc3eca11955ae48b6a55f0dba1fb3bfed2d2dde485,0,train,0
2647,[2647],e0506411c947cc9c1c25e369353cebf4f67c4258ea8464b1cdc133a534fa2e28,ebf6b703efd5f0b56f439171ef4a675ac3c9be53f0f8525aa79809d743507bcd,0,train,1
2648,[2648],9565f7491a7c37a16041243c05911fd44c8136d21586ff1be414d91d3d1f1d11,3a25c6966df7b72701c51ba210ed01fc81ffaf702ffa00eabd8ef5aa0b9fd3f2,0,test,
2649,[2649],19f4ec2d8247c5522b0f09533bdda71ce33e14de201b1442f76543dca48c8659,a42cb9e3394795a63ed43d65526152348da0220c859d90b25fc380e380145abe,0,test,
2650,[2650],20c787052ad9c77ab2f41450ee9690dcdd38bc88e88a3c7660a63be5a3a14b57,bc4c8dfe06a5bff7bf3eba972b2e11e983b30949efe5cc75a5d25ccd0bc3aa08,0,validation,
2651,[2651],c3d2f2b4add9092473f9501a4bdecab2cc2edda1a2ad790bc00db646261e5ae4,322dfc2ec03cd05adf8a290ff170a46ff99807d88eaf4f3c7d642d0c1101a5c2,0,train,1
2652,[2652],9a01b5e1a948befb1cccf582011ca6e528d250f17faa24db50a6358dc0f046c1,f2445a0ee449db8c0b914c4b2eacc34feb3c0b0e128deb5bf186238347de9636,0,validation,
2653,[2653],462a8b9b2c907b72a7e2246b4fde45031c56e820b68a4725907c2908db7742b5,9f1a8baf1f587e58f5c75180a52c85c930766154ac04d64eab888aff2af4c7c5,0,train,3
2654,[2654],d9da8a308e5213bd3a93d32335485a2634bfeeeb7d806392a9c31e58dcbbeaff,faf29ef1574b5d519817cd58e69263f5c11b08def3fe39b465af0ada8bfbe68c,0,train,4
2655,[2655],4cf0928cb6c04ca272bbe436fb6c0054f080258fc8a0de71f14e3c9e68c39235,71433d4f269c41559dc30318fd7073092fb71bde7f4bafcc536362d4eb35420b,0,train,2
2656,[2656],7ccd44b2352e4a78069a771259626de54bb1e2d5f1cfda360948e75126e857a8,8157f123a1aad2eb644715dc1099ed6c73f5303717c5a00fef64cb74471a2643,0,test,
2657,[2657],c3f1f85f05133178f8b8bc8e94838122868d47d81a4229dd86d9e334852155c5,5d45d7cf7a1fb2b8a02581e2f125faa5df7a060a8c0d2963275ac7b22dcf50f5,0,test,
2658,[2658],9d0d518441ec7206b12a63a62cb7bbf060ea59afebb818a3dc5315dc84d6b806,e940e4adf8f246870cb9fe114a40f3809956d9d26b25acb91c42408336eda3d4,0,train,1
2659,[2659],03163ea6d6e96ca4bf1634efd08a5071d25a2b4c57c982b6895a14d76f4d43f5,935316513e86cea50f178494ec07d9dd53c0a846282e285d5084961e3672fc92,0,train,4
2661,[2661],4b7275316edc2c64ca79af57ff01c1e03bdc3a7f40c5b0d908fb725adeaf6dac,11394bf8d9463f3866cf7e187c4e24ac4d3afc88fc9c36dfe07d473a8a9129ec,0,validation,
2662,[2662],b9f027e84602639b4b9ac5709ce22ca57339e3df66fd0dcf6d5c915ddfbdcd8a,373561d8e016c43a46250f9eff3af263ae128cef7bd339a8b159630e73ff50dd,0,test,
2663,[2663],72f511aee867cff490e84f5ce2615d3a610c5b7fd33827b519eb8220b47d383c,545038a1607dcaba20bd52a7042add219feb09ddab7a227d1250542f34eb5cb3,1,train,4
2664,[2664],da4e8d7bd88f3f110156cfb9c83af1600fa0c72c1e0dbae7b35e5caab91ad1d2,a01fdaff38d939f63d039905bbdc2d38861c46c7351688ab2c1daaf2ea562cfc,1,train,0
2665,"[2665, 3416]",15c9e84c213b7fd23d192ba54f5b2fe331faab3626eb85ca68c73451a5bc071c,7fe5b8804aa0da263f9c6820b6b4efde5e78d6b0ec3d3e8a86f973098ee37790,0,train,2
2666,[2666],04b72fb9a71b7e41e6a450f2ed90d3d0d792e2ae43d1133f5aaa84b9639abb14,e4cf2e56e55120f824fc6f9db6212180574adf3bf6fec26e3231bd5ea1f0e14c,0,train,3
2667,[2667],48af71a74afb7e174ef9498294dff7fcdc76504e8a7a65a164b2b2b12858521d,d4e237c7fdca20a02c1785d8d84b0b0f6c2719e88a206c92524d238c28d9b1af,0,train,4
2668,[2668],fb1a72d01d57ef418a3e77bc58dcd5d6ac2e6cd7d2ec25b52228210d4f9d8261,bf4a4ca434634d16db244ce35bf5451ac77ae87d84cba25e9659df53875438a1,0,train,4
2669,[2669],5c4654a0d636a5d9f91d44fe1810eb9a67783411293382a8383b8690c5bffb0e,0b5975238425d86426c6b57cf871bc834171095bb97d6243801230f62aaae67d,1,train,3
2670,[2670],5934e0a858f54cb089c443b032c2dfb705c7e1064e61d785d8f589c892f37bcd,2d4043b10f0fa6e91f9d61ee163b2114ce37007ad50b903e6d55bf5d350e3344,1,test,
2671,[2671],d82d437997455fbaf70862f2eefb4e4ad74f5ea04dce9bd1e7db165cea3890e1,9f6dbb7f59636e3983007ba089599e06f5238cd09841f1fca8fbc73c7c760520,0,train,4
2672,[2672],c846d574788e053d3d8d87a024746ddaf881886dd902070bce4fdb60238edc14,5a17f7cbf4d907dfe9261c48ca248b8013edce16906ba90078ac670092026d5a,0,train,1
2673,[2673],7fac74e163052b1c76fdc10209ab063472b91133d748e1d5e3c6c478f48028f3,7d8d342a678634439e2bb9478fd49892f82227c912ccc61700be8140a4c59b94,0,train,1
2674,[2674],704a98e8c864612ec705e6980bbf977802084fd0eefdfc107dde4d5f1d5f20a2,473ec5e86f19ba3cb8de6a80ab1cc6056605a54874e52aa8e5a2e6a2cf645a01,0,validation,
2675,[2675],cdda0730fa172593e037e95e16ecfa9a0ace4be34feb23a9c1638a57f3d946aa,05996bd919f56ed092bd348a465d43e244412f30b1e6eeb4d568714e2ecc4d7c,0,test,
2676,[2676],46b439115ad50d11b92f3e33ecb0c3524932bb3816f144413a789f68d17735c9,4ecd4dde5dd08457e87ee9f76c5d8f24c760bb11b7b1c5ad88300b9d0ca186e2,0,validation,
2677,[2677],c49482b03528a649866b228fb4af2ea07040162c595f6f2475c3f1607657439b,6d637d5f6e053fc04b1852f60ccff02a49527f77cc2894305fef391118106f95,0,train,1
2678,[2678],39be37260687a4a367d3fbf7a4144303cea57093fd89a30e8929047f0c59d7ae,b44105fe40a7e7bc41ca90d55a6cbb195768639ddcdbbfa215018970bba5d723,0,test,
2679,[2679],1ea61596212e72c2ff19ed9a5176c8d4d515ec3f034a3f40740c4be1e77772d7,c4a968b4a381b8b0c5523d9ed6a3897c308ea18cf7310611d9ad555e1c3eb996,0,train,2
2680,[2680],65ece61fdd821ef3f5f534b74cf8e71b5803f587c3060986959ab30a24a27be5,ee8ce6e35668313a21f1f39166a563483ac8c4da288b8588fd87122786960e93,1,train,2
2682,[2682],06816f030230f2d8da2a97f0aabea1c28a1137c3ddd0fd0d8dafcc80e8fded8d,0a93872a023b9f4e861969fecdc62e635e1f4bba64e20eaa5724d68c5d47ac59,0,train,1
2683,"[2683, 3944]",27349a26edad7fe9a3286db146cd058d9f1b88c78b5bae7f3c1f1e36cbacca1c,04f0f4cdc32e85c981e0f5df29db936b8dd59cbe7a2649c875c6f6ac4f5a8644,0,test,
2684,[2684],00a834cfa62386fdee4f7477caee04ae2583066e004cecac39ae11c8cf0485d8,9381b77da2c65f14e1dc7beaaa08f915fcf2a7bb8792480389922ccc996dc5bb,0,train,1
2685,[2685],b668dc6ca6b6e4fa5a9965f7228f4b6f86c93d8b1e2390ddb08c65d51579294f,26135aa4145ac021fd18960be4274b90475457da163e1495f20fc45439a243db,0,train,4
2686,[2686],cc74ef58c34d4c98853b1a5484895fca3f112aee800f01a692bad2aed1676c8c,6e312d1dbe24e7ebc1392511b7a6a54cee3d568d4e385595a1918251f08fbf17,1,train,0
2687,[2687],f1b6284782c073290cf30530ee4d8055eab086d7d6c723a6800d89332440191e,fbb182ebe6584752e8e173e9302d1d79d035faf5333d09ce67906f93b918fc20,0,train,0
2689,[2689],706e7eb789c1211a2695ea8da04005276aa68d3ff528ede0c13115ee699f0947,2da6863808acdbb8106370849cb0a72cd2946ddce64bc42e4749c6077bba7cf0,0,test,
2690,[2690],36c177f990de90cc9a11e4beea0a925e1f5358c5dfdc97c6e78f223439df1516,6685fa507f49ee6c92bee66942c372c3657840d9d7d514e1964159dd6caec51b,0,train,3
2691,[2691],e4fa7c41a4ea11f8a6be90cb1b5b8e08e7b0f70553e1643a41f114558f60415d,a60110f9e91bbe79b1141cb9ad43cd7e8dd74c606c2511368f701aec1bbda1de,1,validation,
2692,[2692],b03280f3b161de9582ae7f4eff4c8a0ec2e69c00a6e3e605bc5c19185865086b,0df1dedd14e683ee82b3db3fa57ddde016e2e4431609c562fb23bdb11c4a3c62,0,validation,
2693,[2693],c9a6f620418dbb97a7e29027097a3535006cefb8dda0c301017ab8563716784f,305dbf6f6c7f40a104be82f929389219cb3c1874348ca20f153450d430ccbbe8,1,test,
2694,[2694],72d920322fc548babcdb00fa33171b2474957744a2cb64cf2ba8c6cfd47476d1,e4a7581222f1b75afa9d0bebdbd0717ee4968c485bb89adf6560ae42ec1202f1,0,train,2
2695,[2695],afc712938b712758df3757e03a33360e25e9b6c753a4e401dba4aee49b0cb969,abfd43955e1033d0edd90bb55c994ee1bcae08679e2bcf0228054e4c8a1ccaa1,0,validation,
2696,[2696],1055be97fd7ad981ff9c6d42a63da7321c45eb517ee4bc63a2a339e6a766e081,f0f41e2e526630d4a8f5d20fb0f6fde4db83f408e830302d1eb52867cdb24e8b,0,train,0
2697,[2697],01a54d85aaaa06a647885f437a672dc288bacfac46dac57453f199b650ae1a8e,af25c0d315c245b7d6c9a9b611b7c163cf2a28aca70ea1ee7c9883108b98e835,0,validation,
2698,[2698],d891e52dcbb855725e32ce3ada3370a5f83b0556ad0a9718b17734aaebb9fd3e,ba12aacf8d63e1fc37451d7169c05566ab54e0dbbc3b4885865648190600805d,0,test,
2699,[2699],4cdd2585d817c193eb3893a9821e49a45f0348fdf046364dc2165f66b620ec9c,a2dcaad787e6536df40d9cd1dd01b80d52afd890554e2098c0d94ee9747662f6,1,train,3
2700,[2700],e90482334a03f41bb7b33673f785466f6ffdb96a1046784be2d73efc27b55679,c5c168e0a69cc64aa1bcea7b3587c958666a55244312bc47aee53320b0a55ac2,0,train,1
2701,"[2701, 3799]",72439337aeeefbf4e8fe187d553bb807dbe941acbf9a5c2d8c0ab756479cb773,6ed33b3a9ae61e530558989bcf8e5debea1c44fe179d4fac3ed872dc80c19bf8,0,train,4
2702,[2702],11c5235506724858e743e5f5a3ff518a1cfcd3f57f6ea1491bb264ea86d87572,85bd786e6cbd2b301ed10cb06c260424474544d4e387ed8ee6de356504607db7,0,train,1
2703,[2703],0125027ce6f41dbda18bc170d6d5eb3fc5fbf84d0f83ddd810661f67a35cb76e,e55bc1947d0488de74822c041d5b5d437633d8b89052f0b92a59a04c56b9972f,0,train,4
2704,[2704],63f8a0c23c81cf7b72108f5adde6818816bf06c4a06fc915d71837637c8de7d0,58f1c953b18480000e714bd6c7ee18392aa5554d61846a3170a229b5a8667363,0,train,2
2705,[2705],77d0e9a08d3c1b2c36cc52d0f1705d5edecaef43529f21fe636d9723d2fbcbea,8442f0907573a39f366118a20b90b92dfec9bb31716aee3155fdd4a5c7e59a3a,1,train,4
2706,[2706],4b554e516d0ee22e70435a7eda3199b1eeaf28a0de84c5adc58a1d1d2479692a,818616be0dd472ef2d4c10c8dd405ef842383a893e934375a0f797f854a1e974,0,test,
2707,[2707],125baaa0854474e9221397bdf1242ab0a1cbe6a114fd305bcfb56acda9d8c4b9,b2e2bc807a03e5a42e0857fa21aa3b4e1e95d2eac0b299643ed31cf61da83140,0,train,2
2708,"[2708, 3978]",3913c85cb48fb529dc062faf7f1c79dc26c6a2c88a70bf7b1742c9449b9e1f24,9182cfbc1b3f94554c6b6faee34cef91477af2ee63ce335fbeabf7cdc2268094,1,train,0
2709,[2709],d1c5dff108dc3d66bb42c81b72d107e07d6d09db0645500a29cc91601673c6a9,557d3d4813757c2873b511c9255b69c58a4faff86d2442ae688f5a13c2f6e2c3,0,train,2
2710,[2710],b797bfef6c797a3ee062e99c213b8ed983419e46e53dc6c11113ba9a4bf7035a,5513e53cbd49149b19d1aa7da5869333626f2b28206a60024a26e1712d4063d2,0,validation,
2711,[2711],cca7371e01a2205de391427d6147f9e075cfdcbf077f157add8945f2b6b198e9,6ecc05c07b5bc7d34ce9df50154f10f6d25c53f2cd6bbdd86a2edbf8214dc258,1,validation,
2713,[2713],3d05767b68f1361be357669d90f7baf3f497b68362d35792da7a4773e82f4938,a563d61ad15453b44c99fde15c8c6c65a4ace6722cb2607f3835b4e7e5f29a9d,0,train,4
2714,[2714],444ce09598c553b93f2ef0cdde3443f0a06feeaaf21e835c22c2efeebdc1e53d,b277ac4332b07ab175f6055677c64aab7927c2ca11501160a2e7eabb24e639cb,0,train,1
2715,[2715],b5bbaa7935d81af964ba86f5f5335840680d447890b6a4ff8128be6d4068039d,17cb33c8e9416d5a0b2033f65332f08fc74a7979eb4b795c4190a07aa6a660f6,0,train,2
2716,[2716],8ba0ba4a04c4a21250d87b56c195643ecb69a4698f5b939d387f1f2193cc2420,ae1cce06176db675a23b025f2a5bf2d0da48f8c3ae4044cfc8029a4eb4902d4c,0,train,4
2717,"[2717, 2870, 4437]",7949b11f5e2103febd024600d59d67f250a24eb7e32725f6af716f3effdba999,b52334ff660a5dde31625766392364ac9022bfbbfb44a83b298158a506b12850,0,validation,
2718,[2718],dea9125a9ab9811ed87d3bd49251b2c335398703fab87ffc6539281eba4a4987,d4f197ffeef392f63016876bf7b7c5863899f433458d5dce10247930bae2a947,0,train,0
2720,[2720],3b889dff56069645fe154d74b9333ff9290a30a2d9788f7ba444e55d1760b9a2,a20d4c7770584354ad73edf4113648441a207c67d884fb2a872b1da0561864a4,0,train,2
2722,[2722],3c1bfc6038382b816cd8f852c0536ab2122bfc9c0388fa3a9aeb67c8f4eed877,5161bf96607f7a19da8d82463c354286c13d09170d0e6bcadae2c33d739cdbf9,0,train,4
2723,[2723],2c034fcb9d893dd5b7cb490c91a6292aed104d651a99397d3b4f7861b8aa02e6,799c26513868156fd70835ab55468df32ae10fbf8d4115f543b98f878b1ea982,0,train,0
2724,[2724],0dff6863c78728c116824b10e95f7214d169a30b9f2a1806eed2940669ff14b8,94a95bac90b52101a22170e3ee6075108eae6f437f6fd6f951be28004384bec1,0,train,1
2725,[2725],ebf26070587c6481c5c55e854e5b775892bd05b2d5d763cae3cd6cb58766fcd5,93e7106f21c10028e4ef8188408925f29f231aa8b65ffe32ee922315c1601b51,0,train,0
2726,[2726],4debc00638aeab0b0006b448371d6f393302e2cd0e8dee9fe08be451091be613,0b0bfa313f75c9c400751a7dd09fe78015b1eb9f73429de60fceb4bff0426d56,0,validation,
2727,"[2727, 3693]",aa29c1de989ff1ca386fd296e3ec1e30ef30f1e9c67a1361816828f5d49a7125,b19000b55aa1100132346304866b4e9f9877f38c6c966a51cd2dbeeed87c6a75,0,validation,
2729,[2729],b397838e4464ad01726b44c452d764cd54d2cc280c72e5ea197ea5e3228849e1,6097ba5f31d0707fe4e45f66296a5f17e70ec41dffc79dc4eee5496e83a7a2bd,1,validation,
2730,[2730],876c407c7eda86871b32e8769efa88be87c9051658df9614c1abbaaf414ef2f5,e2498d69e04943b1ec915890aebaefbc2f2589af99f03426f192b98e9eb09498,1,train,1
2731,[2731],7e00a7f97741afd1dbd8157d8bb39c7c96e92427f845ec8d7e263a30de44fe89,834c51e9894cb71635bb3995314908ce524900aaefb2507a92b96ad1d3f793f0,0,train,2
2732,[2732],b512856e187c06b4c125586039652863bb32a4e5a75b8bcbc8abd81028165ec4,d9c20bcf398b314b19eb3898e35d44fe570184808347b4bb9d3f58560a46b272,0,test,
2733,[2733],6cd0843125f05bf6831dd97554acc201e61647f9fd0602a478bef27d5f212af2,20125cc3b218d37abb14007aad84457b5ec1dc0f113a9895abf2acdd29a3cdec,0,train,4
2734,[2734],2b1fc1205b06e8aa1bd7f9201e9120083271e9e8b955781b62d0d1cd525b585d,a17e384f171166a3de6c0527365773e54591152a9bd4bf7d8495a4d06c21b166,0,train,1
2735,[2735],b2beb749c99bf0bc83666ffd1d3bdac0ce4a2b03eb8c1ed0b1859bbb00948614,31bd1b626db0efd74b4dc49e9362210c8fcb6bbb53093a471fb26bd22fb3b62a,0,train,3
2736,[2736],e207545f984ab5a99bfb51c1d2dcc37ad324a997154e268879935d91da0972e4,4bdb94d5cb2d2db00e1b9b0f5cd25b83933ecc0a2471f25c49d8764ddffff8d3,0,train,1
2737,[2737],1d84dd03915b6a4f3e111454e32d17fb71ebfa7278008fa8232794775e33b217,4c2de6a601b85412ff7cd9b95dabc6b0adccbc98f8af7f5f7abf5dc43c18d671,0,validation,
2738,[2738],22881aeb7842310a55e37807761132cc9d58e82b73a84be69a153ebb8fd07c2e,86a5bef3ac557a778af34832e21daa73d11ebfd8239650f3c5d15987d87a6be1,0,test,
2739,[2739],fd20ab989e10000b0749edcb08dec9cf18b2a311da1fafd1c0eeb4e008bfe371,2d364e5f41b680f31ad497bced1a2c92b230349fb3e15ec120b4d6cc13ccca0b,0,train,0
2741,[2741],babdca03adaa0e56052ff9591adb57e76370454870fc501c9e40d066b4b9341a,e0dbff587729a10b138ecd34e2037aade2d48ebbc50ac4b09c3b0dfbb227573b,0,validation,
2743,[2743],2c322b6244c153573591cb83d1eef07737148e81d35e08a037fceccb2ff87163,b8fe084fdb370859fd62e58ecbec226a84cc58ebab25fd8c6587a1b78b6c5128,0,train,1
2744,[2744],711cbe7cbd8c9d2b621a308392a0e3c14d51e6cc2b8df2bf20372a34db95c149,d4688bf6a0c2710ba8bdb3a92fade9e0c4acfbccccf5f58dff67656ea8236d9e,0,test,
2745,[2745],5225cc68ba8fcdf61a07772e713b79cb4354bc004a0438ac36a4822233b57e21,8f3767d338cbedaee7fad1b59a26581b49257db2cb8c818aba63d083e5cd40ed,0,train,2
2746,[2746],be2bb2f6b1631da54bd467633e08a94f743b6eaf5c7872cc54d37464308b876d,25ac72964b0c98953ec947aacaea224105d75e335eebb96e46c9fe789bebc593,0,train,2
2747,[2747],69ea18333403235de344e09b888f428ca201783299aa8aafe13224d038395b2e,ea53b5e6776caa5c609c483baa1f24e9b45dc4160f6eef111a83658ed73b55d9,0,train,3
2748,[2748],8518bf238eb700d9e69caea3a368967025856ded5cb696f2dbf337b63612e3ea,13ce06d18e111a267679644a52d4b8a80706d1200254f3a038a41a6b75ae553a,0,train,3
2749,[2749],7e1d0d6492d6193b8d3f1e5e371369e85a49f25070bd2992aad157ecbfac3aed,0169ba02501b33bc3c7ce0b47cae989787412dae012984eabfe9212406c23cac,0,train,0
2750,[2750],78274f87323ac919d9e6d9b4d5530760f57646eca6d6bbcb4b283d820bfcaf98,77ea7d7825ce39b855c1a39ef164a28b5eb6441f22c89d205862c77784c24544,0,validation,
2751,[2751],1ae87d7c1683e7b603fa9300918df7480011d579204ed9f6efa51c0404d7c7fe,755392dffcb00cd5ce027dc1563509df46e4a493eb2112f05dffa9be9defbda1,0,validation,
2752,[2752],9106ff346a3286f4065b19c074e35618e711ad3be24bd3fad5a7e1323400b26a,f8f5d3b6f4c565707ef2804c07de6de02bd25aaf6032d4aa52578a5a4af58ba9,0,train,1
2753,[2753],6d02330bee199a4f6bf019b1dc376e99c277b27dbeb2140ad726e9ece1469fa9,a2de644658bd9a547d33a19920d41e98f4841434afaefadfc6f05a83631331d8,0,train,2
2754,[2754],e706f2fda1bba2942d565a27d9a29be0cf9a5f9adc861a528788581ab5e2ebf4,7e4a50d38eed6bddc774a9e25be196b2dbf0f16fa321cccf7ae49b2ce806b60b,0,test,
2755,[2755],6101126bec46d164e3d91eaa4419fd5bd702970d36cec7f8faad309a8a77a039,2bc7ce4a24829010e56252c0b8fdd09623182c9b8bab3f1ce300a03e18956972,0,train,2
2756,[2756],e61537151b5609575eda4c7ea8a0d79dcc005dde5ea4f05cec88787a31e50a59,60562b7037d97a88c0fd83baf8da74bf2527fae25ebce1d05ec077efdd546c68,0,train,0
2757,[2757],56520e68b8e5a94381e0fd8279e0d0ee31678b958eea3c08cb6cdb9dc8224f95,1ce305a42eae4e8d45a75b8ac404a0ab57dc592c9222293877ccc8cad093c3eb,0,test,
2758,[2758],7e311da1ef3bb08382de790c9280ea3d5e35a0d809149434acc7304deead5a26,9fa98b1748c894425ff5b8491caf98bd4e6cfa42a49984fbda78e7b739d3a475,0,train,0
2759,[2759],88f9e5902712ea9852ed5438b3768fea5a990bfa8cbbadbb0cb1da1ce9544a9d,6155ad125a7a6f8ed230a2713acb19e1cb6ea6b7e69279d9cd3c7b90fd8b2e17,0,test,
2760,[2760],bdd99a2ffa623ce03b9b2fdd681ba8835b7cb5b02322fcc59e2f02241e93fac7,3e8736b5091504006463c857214da3cf9dc071c870ba200e847a5f98268ab2cd,0,train,0
2763,[2763],df4acc48452ed0fc774d3e084cc89fafc7c44eadf944807b3a3578bdcd22c9da,e77e24bd26b424e618a0d583e6fe552ca65db31c1d43b51475cd0eaa7ca0ff1a,0,validation,
2765,[2765],e57aebfd8adc6874a8dc9b8f25e6ce38a18e4b62fd6b99d8cc7ad0f2c520e2c5,f81d11fb17828f7708152fdfc9345402c42ff3f6966f4094627da49a270a020f,0,train,3
2766,[2766],8fcb0d9423901c197cc2a651c79f5eea4290bc5a53ae86f18704ba7ba1a08fd8,7857142cef1054783c8ebc578710820b5c8f737ec2e246a26a39f1e51d31404f,0,train,4
2767,[2767],d0f1280afe6931b0e3df3d00ccd110e5768e2af4c3fe904d7dadecf6fc7d9d3f,b7d31684495ff9e1e1ce8e4d868fcb7a270191673064014ef3d3f7075bc5bdc0,1,test,
2768,[2768],f9e7984bd6e5d03ae4d1210250bf56034f0204d0c28b159548fe40b8b3e20717,fe115f49a3362d8e03e137845592e31c5706dd523d686aa1978274e7c2528d8a,0,train,1
2769,"[2769, 3992]",6ce88f049691a300f66aef8b5f3089f0263b8d3ccc64daf95e70806e0a999ecb,9a42885d1e2e6930108d5acb655e4d40a8d9493fb2a8811f381b6702137ad069,0,test,
2770,[2770],3d9723bc55a390c15935bf5234f73428cd6e221b0539517b66aaab1d619c1048,5191b61965ea57011dbac7b1383898c896bf40e752814c6933b16e814f1a6095,1,test,
2771,[2771],1f7d628eb333e5d0a01908d9766e1f2c0025c0615d4327cbfeb408bdde082f4b,fc75d433e8a5f580d00d02eb8b04d65f8577be38bd3f490cb1432ce5190b85d3,0,train,4
2772,[2772],4a975985aeb90e4e536ceb0832ed485316dfddd8fdb4dc29651ee1b74cf3187d,edb0538bdeca41d7a1d16e509e69f10e547324c04b681d7f71fdde8197336ca5,0,train,2
2773,[2773],2e8cd665511289cf74e077336a6669913429b3a10995ef80afd76e2ef1a16678,196512ebeaf63f712ac30b4c78a114b20fa6d723861686d0b2f765dda0120ffd,0,train,0
2774,[2774],4cd6ee23d8ba274f6712e35c9c95f27de2e8ae5ccf946f33196e1ce85dba59c8,1e23ba29343458dd298b620383e4378d93d91c3eac4a673ac398eebc85738f43,1,train,2
2775,[2775],d12e281d95e508591e284117eb166e565cb3428bd91294752df5ad53aee71002,6e75d7b443920cdb3b68a7bafc257f09eae7e743f82343175d4c8b5e7fdca953,0,train,1
2776,[2776],278659aec7f14dbe6f3c46195da0b06074ed495a7f102f24fa835e4b4aabe65b,bc7511f2b6c7ee5da4f81484902327789fa144e4ba903e4216c2487b72e4e304,0,train,0
2777,[2777],73659bedaa99ed92ba3feb1d8bb07f91c771b8a5f42e0cd357fc62366b2856c1,1d243ff0963299885877aa26df643a3eb4e8810d0960a58e123c971119a7d386,0,validation,
2778,[2778],36fd39ea7949a4e5cd20bea8cde75a42143d112bf522ff2f1154899721e10b5e,fba8c6520681869c7fae2095fa341c51a4cfd68bd109fb65b749f24e78c774c2,0,train,3
2779,[2779],136438ed439d7270ea35c44812d3ed4c96d394898ec95d938026412d59804ac8,835e97fda75c8f74c3a48be64c45014b7a9018513944913db4910f968e6cb634,1,train,3
2780,[2780],e555b13c5a9cd7d4aa64d6f8de38c52b15ed3f4bfd88211e7134a203d87f7443,67ed86e1a16176ccb932ff7bbc1ba6c6f26bbc0b39bd603de16e141f7f0125d0,0,test,
2781,[2781],35bc48d7708186c19d4fe561c8e1f4d40278f7d2d7ef1e320cec6b4ba497b4e3,bd44a8720299adc22517018f444c3963bc4bf29cc2b9def20300b7e2e145682f,0,train,2
2782,[2782],b8e35f1a2e50536a68a4dca9778d36ae7441fd49e3332bab698960a5f1c6bd71,4cc2cbc9f9c71f5fc246e14be7c4a289555feca8ac60963932cc7c562ee6bfcf,0,test,
2783,[2783],7d9cefb9aedbb1dcfbab687dd05d96e5874093a25375123dcc5374d0d20c9672,d96263d4b008fdc17ebd07dc779ecac2897852014ea9737fbb8b8b39a62c5455,0,train,0
2784,[2784],bfc4376f3fa8419c28b504b38fe72dfb0aa0c337a8141b1205ad8600036cb0f4,e2bd7dccd6cb0132e6bed2419524eebd182312edcb98cbc6bb7ec5f47565f804,0,train,2
2785,[2785],c141cfb41cd21e06f90a691111ef87e15c1a501830f684cbfa306178f542e549,906d6aa91c602afb2b6eb749bbdc70ed3db269dd478e76f9c785998c472cab10,0,train,4
2786,[2786],cc3609001b180c8386505d81dcb5b196e7bf841f32a5e4aec99c259dc03ffe93,4af6b7a5a17167f2344306256e4710ffe2d33a0aa1b5d1a9e6c48eb086b3d265,0,test,
2787,[2787],4c3f0936af7146a7b0904dd2c32a48a23842202c83544ce6c095e52722bfd40b,f296629e1693a240229026874072af65e06b5d757ff715757a3855a0cac47193,0,validation,
2788,[2788],efcbc9d06598c17ee6a959b670586f844cc4297d419b4ed4a17316ef3bb38343,fa982ce43230f06d33f311380d769505864387fc9ac80364aff9dadeaae11499,0,train,3
2789,[2789],cdc96773ff40ee640ad071e74b16c400729f19c115ca6b7078e3d5b3c389e978,72e17e73dd32a04f20666a1557bcd2242727ff171f67022e019744df4366ecc6,0,validation,
2790,[2790],9ba47db835ebd38964dc6bfc7a3774929eff23eb504a26773b02eb33a22d361b,2e774cb2f304db4deecc923a24f585e41aa08a47f2649f26f59b341536602668,0,train,1
2791,[2791],bbe7c9bffdf8ff3a4ac6a43c6a0d34ca167bf549cc2f852772bcbeb9529d9709,9942238a3aa3b91af2d51f126dcaa2631d31bc1fa377dda7584de744894c4632,1,test,
2792,[2792],a947d34e6c2f4b2f0ba38c616cd65a1b96ef3912db6600e21880f2d953adf315,c83accb96d7f7b226291415c3f28deabacd648b396da5498ffd7dcf5414b681f,0,train,2
2793,[2793],c69638620e14d5c592049409b78b9e779aa5a202e36d1ec5ef5604099db773c1,492b5d70ca3e1d99970598f6e26142f88b3bd3396f91a6736e69cd7981de1d5a,0,train,3
2794,[2794],d0a0df4bbaa8ae4543cfdb991cf7a798d5b4aa550d84ce2f6701b0bb88b78717,c4698b8a702cbe9d5eb22b311d0ab39a4ff890b5edd0e46d0ea65f4606d5979d,0,train,1
2795,[2795],318decb6bbde8eb6aca8eff4503603bce56c5780a6adbe35352985ffd783d08e,4031366ae20e8cd752ba2d158846c314799d80807ba04fdd930c92f1bf1deab3,0,validation,
2796,[2796],e655edd98be41bf24b01176ba44ecda4327ffe38d0293f77891308b7d21626e5,182b882b6064aaf2f094792f5027d47580c28a85fb90ff758fa14976e06b5b79,0,train,4
2798,[2798],e864a3faeff3e0a3bbcedd6254c48d20e46cc4a03af00ee9348b12af329b2017,173258bea9006fd2a6a35e5c0498b8892361b10282cd35871aa788ae07d14e3e,0,validation,
2800,[2800],dd951edd194484b48448a6f0c89ee381a9eaffce4257081c51185f5fef2bd013,829819f995365c354b9652e500c0f71854144aedffbbfc4f45013defaf7e9ab5,0,train,1
2801,[2801],f331cb72a2cd741a9031598e4fc06e783390b44b4e4cfdc5bf3f9a4afc2a8710,678f0715b76b99a80692eb76206c31c560d344f175a940a8749a41801f0a6ea8,0,train,2
2802,[2802],6a3a4f7efe5612687a218a11a0c55212febae15c631c050711abfc9e30537718,9a0fb9cc8224998780e8a025ee6bee42a3bbc89e21c9efa4bd2104a6eedc5d94,0,train,2
2803,[2803],0011cb33ca98344aedd3dd27b9f6bfe721f7ec479027d90b08f44a5883ac1996,a761c7fd5b43d2bc665a2af409ba46e8ed203e41f65209da62999eb1b726ae39,0,train,0
2804,[2804],a1be4faec9bd1c05bdfd30e0f0566a982b452a60cc059e9cfaafdf4e1ab5fd67,6a90d1476707e9034dbc3905b1e48e0fd9af3642d7c4b48cbb620eb41d33e35a,1,train,0
2805,[2805],adf0381513f642a05160444dbb2ccb70464d7a92d6741bfb07e7d81046564f48,6ccc1cddd4840c120bd9a60581c690c43ac20531897d470a45a7c5b51661cff6,0,train,4
2806,[2806],0a6a6781599171f158ae4061cb469cdcf554b7f7bc6bab88de3ed1d905ef996e,efa09606fca61521c5bb613b15bee2c44ca5d263b1e3a7178d6bd75ed49fc7e8,0,validation,
2807,[2807],608962bdbc5b3831f9ca58e28ba7803e9959ab5497abf48966513507ebb14a73,df8d88e801bf89d3012cadd22e7409a1d9c16b8ee1793adb69076fd99c8a7953,0,validation,
2808,[2808],f33e58a4742f05a05e50fefce3c7c7e97a41bda797a36415624c1f9df85cde6b,99a0a04f46993ba0a3610784005890134240d3913d51f70080173e74c6ff3b81,1,test,
2809,[2809],17ac3038c4ce08dc7196715b19def338a16d81bbe4dc241303973d8e10e8b85c,d8fb9b3502919cf304b4bcec20dfbfa581c8fc4aace32c477f2895331ae74906,0,validation,
2810,[2810],133a05f2493018448c6e30fe7853344f0058683a6001a977edda14b7083d67be,f4f7476c551b8a09f4f63a61eebed99e2bdcc27e5c5a8df8aad570eabda03315,0,train,4
2811,[2811],f78a0c9b248126999d81fef3597c7fae794325cf799b408d1c02d61e761ed74c,a40fdefed1226974a3c3b296b8df2a02a9506836834b72d920a48e340fb0ba4c,0,train,3
2812,[2812],febbc324456d19ba1b2d570d2f46b4973117a00eab4853e8e18dd60a87594e2a,085b3421973ece95e316f90b845b0051c2b2310a4d568cd788b95100fd0eb05b,0,train,4
2814,[2814],a0a7149936f7e7b6f742d0b566c71c4825d15faba8d790692668d7714c8c3551,81b5515abee0ec2eaffb134d30c75265954e6a9b967add1a8a6d66721711f14f,0,train,2
2815,[2815],292f6a8fbda170352caec8b388a896dc78d2e097ea76cd1f281cdcc56f886ccd,441f0bb5957bf6c4e127701e1c4360107a37722dadd4bf2ec313d244321fde24,0,validation,
2816,[2816],361a4439b4d570d92c4063e0dd68ecb3efe63636d6c23dd65cd157866dec385d,bb524852321398e374e6c846fdcff479d6d4355c7432a20df45aa62c305ee02a,0,train,2
2817,[2817],5c9fa2d1c439c3736f44a76def8da1fe87da7e5b0be5d81b7118787231817462,08fba1daddebd1aee419e2f1eb0f9e4162cb056f4a8b561462f1f272f294d751,0,train,4
2818,[2818],9628a152a0afafd6c9ccac30a8ad5547e661e91620280d350e872de65e51bf0e,287e9f96164e60b50988b3132d0a0a34513b1f515e8a358e226e4b2df8568adf,1,train,2
2819,[2819],546c9d7bb0fd3c4ed598ca62a32c4e8293175959605865c646ceba8ae3be382a,57cea035e144f64b9d8faa881f0897d3d528f117eebb7a5c5cda1fce4b4ec212,0,test,
2820,[2820],c990d2d99a2240fe8a23d10c314ad0e95366800dfa6c91d4e56bf75ccb52b014,cbf422aa3c25ffed3265824571142f81a19b2f5541b6e781e5ed53204e702fd1,0,test,
2821,[2821],1d550558d0208e7e067b9575a7c04d7e72c272818db6f2d55f2acb00a16ae995,1b4d3b65018ba35cf8bcf5ca2ca7c3307ee890af712b528328818915f062af60,1,train,1
2822,[2822],96ed8a6088980f3be3275f11708f3569b65a25807697c29ec4f1e79b5dac608c,549a7ce63cc2d2a53350645dabcfa70038c868dbefb04a95197eaea7ae738d12,0,validation,
2823,[2823],02e79aa421aa787528af3a4c05b5eeb4695eaaf3708f4979993d26f2775da013,d41f637e13b096c907e50f4c8da439e268397e76309d11fb657ecc0326e2e367,1,test,
2824,[2824],144c410ffff4030d824876cac1b4dae8307f006c2b440e7e0fbac99a9d6b4830,cf78f3e17148b54b635bf94de2cf41e1f2c9503eca0b500d0a46d831ac7ac937,0,train,1
2825,[2825],c3ee2294476e2218e46d9af2c3e17a0dfd8a67a0f4bc175297c80f58334e7892,9cdb97734b159652c677173f73b951e1107fc44d8ab7e561879d39fa1738fe5c,0,train,1
2826,[2826],222f8e3d9c67d7d04f6ec234acf8909290f2436602a3440fc5ef11615e21e77b,aa25e5d6f9fe9f793998a85395c99a41b2a4eb446a25b183227ed927d255d5ea,1,train,4
2828,[2828],e5ac85363f26d90f77b8532e8223ddc0e6377c3f72e4118195d6f5aba9a4c33c,62572419867e357273a03dcb6e1f3ca4b96a1b8eef87c2398f3110f719e950a9,0,validation,
2830,[2830],4cb7222fe25e0d08e7e0cb499613aa64aa5f7507b393a290b146793f59b5aa0c,dfc5dcb9ca16dc93d3734622711d79ffeefb70657f9532537597eb3d23ee42bb,1,train,1
2832,[2832],2c8eba24450408bc72639e8631f88dee54fc4647a3fef50eda35bf81186bf042,5e9f14a64d65c0c51316a2fd41574f96fe07ba701d1468a29e9633148e8be4f8,0,train,0
2833,[2833],227ed1f0c8d9b775e6a2325820d9ae981d3b2f0c2b639a558d51ff9275ef5af3,ef5e9886e8d2608c48863b5b0a69f7923c1a7965e4e7fdb9ea106c095a460a5f,0,train,4
2834,"[2834, 3005]",3f5fb4521a4fb4ee84f6a87fd3bc31f980228d21e68f50d65a81d9a17329dd04,4b00aafcc051a09a30452d8d818f4f14c0373580a677e68a08fd4a142d7d7832,1,validation,
2835,[2835],d275c079578fe57a4627ad4689bf7f212fc99a6c8f0c4d2f70e2e29ee9acfe28,851f34ee08a299caf9da931a88c66bd5fb03444ccdb07296ac0434322c52db82,0,train,1
2836,[2836],bf54aca0e5c7970693d15cdfdbf2f10a2f7af94b49e7dea75ca39cfdcd1b3103,f1464ae693ce24e4039c6e309eb8ddd6d7c89a125a0211d567207c1af2cad353,0,train,0
2837,"[2837, 3202]",e91e300670004daa170b35aa04af45841c353b2f61a464a0338cb06edb631c72,34aa2e5ce3ac2f00f33e1a971c7ae2ab5b1aee6951ba098cbc2450b0ad9fb293,0,train,4
2838,[2838],97cfc94c053d4fa70b4830a8f8f0ba303cce1fd5ca8c9202470f1b3f439f78a0,8945768c175f54ca95fa0351a0df4b28a8998032834715567aa23e34aaeb9899,0,train,4
2839,[2839],2c18d07ca7090875486a0be7a3d5c60e145a48f2b7d4cd09eb80b0309b83137a,12a74fb3db03b1c00aaace20e255a6b96835e54c0d17b71180b9bb1e9e78c38f,0,train,4
2840,[2840],5a28827084097ee7158b0311524fce5127144a44a8c0de9b51c0170f9c446557,6a7ab32c99e413d85c7bae9b8862a1b0b74e7d79b7f75ed2f41474ab0c256534,0,train,4
2841,[2841],e1536a24d6ce2bd9aceeb2fabcdb8c4ff5c7fdf8b2e549c680d0b2137780cd03,d1d8bce5de74eab20f4e0e448793512e72a55ade41cb48df6ad516e6a15b6e26,0,train,1
2842,"[2842, 3394]",f451696c34e014f60a1a18800184294bd5f406dfc6ae1377acf46be8f8d50fa4,580b064400cb1880c9f66a05625d4a3cc4b27b22746494130585c26be54dc74b,0,train,2
2844,[2844],ba51a6c1bae75348bf2cf855275d165a9eb87d62c5cb997ecc58ca5e0d51b0f0,f0d91b5028e960b48ebe6eec2d0b7ea1303b5c750b3b1e3398505f08b12cfca6,0,train,4
2845,[2845],949ac74cf41087c88f70ef2341420ff8aecd59c2c3dc300fca0c2887bb17573d,0540f37a05a03d70277cc52943d75e74d4702f4639afd58ab3586ecc5ad38541,0,validation,
2846,[2846],5b4dc7e5c4a064537493e81eaaa8380933b6e99c31778ef8b93f4a36e31398e0,a5508922b651469ed496e6ede37629d84f9f60837382cff38e6eb97f3b607b3c,0,validation,
2847,[2847],7cbd0b3a625d123a112f3ca2d94d8a404efbb9b557215ddd086017577b4c5c71,e4b804f46baa59baf646276195c8b15bdfb49c805ec81d2452b09a452d42fb3b,0,validation,
2848,[2848],15b3d55b38e2bb01f7a6e950ffdf51ee661ed60dbfc9a5b1f3bf066c60a20661,05bee12eca25520e018c171a9ae331ac58bf1e579f2112c7d79e11b270cfd165,1,validation,
2850,[2850],5078fce57f478f8691764ca9627f25038cdc973b3dddc2fc4e16348a9c791fd0,6912828dca405773cfde3229e51d5ac81936fa4eab835adfb6f9205440711668,1,train,3
2851,[2851],040b6153e72948f34f9d7a67ce8dced46466bc13ee566302fb8fe549e123ebb4,b1a31fed4a625fcb3f6eb4648eab18478ef7f8132ee8d9338df0c35c0ccc80cc,0,train,3
2852,[2852],0f7eda3e97332fe650a1e92fe94488a92a16f179246ffc56dcf583ddd92366ee,8302114a0b372cd138d1a949059ae76b6176e24bc636842edd0bc9d45485a3d2,0,train,3
2853,[2853],f842ceb32fdd31f31fa18aa214cf20c4d3669d301db0863df30370c1c7e68968,e6c6f4bedd54e1b13862e8a467c3b321ab3b0aa4063fe12ed84e7b5c9addbf2a,0,train,2
2854,[2854],65567dc3cdf54b8cfe96b17ba1d118fa13456b58774895888186f58b0b032d7b,6e7b2865adb07860489576b51766f176fbbd78fbb33548da5573a6a804dbc99e,0,validation,
2855,[2855],06fbb7dee96f10ab06da3941862a7a5cae956ba3ffdd38c4f36947dd2ab390ab,5b28ed0b85b0f31a66dcea5bee856a69e2f4b2ad4fc5f63d7893d3fac323f5a5,0,train,0
2856,[2856],82d1ac57e863bfe751a459ae756c529b1453b2558c04f8c6d36c30044be37bfe,7e73ac5fd01314df6d9840085ff724240c0cf4ff612c0af77b8972f7a1a087a3,0,train,2
2857,"[2857, 4890]",d3bd4a5f2d1bd9635dd52f2b8cbbe258a14534924b996ce00a3d16e36f561047,398ffc4b79d7892069e2325d074e91a9b5ae6b5fd0a9d9627afa67220d336106,0,train,4
2858,[2858],eefa0947b16de8ecace3be67e7df698fec544b9779e2d2f03150d379117f8970,98df274d1bfcaad18da3273176bb67811e7d2298b90cc40569517a32a0137bc9,0,train,4
2859,[2859],611af91d281288e9090c138db14405c9b16e116d03db8d2996fca686c8ad0dcb,481fe9985330b5972f3bbbcc866487a4ed55f583bf1314a0e20138419c24fb90,0,train,4
2861,[2861],947f92b50d3c5f96f9eb682b47ccb63cd36ee2bd059326aa59e3e904d6f13c01,d093ed02a6924d405788a442d14f45e5117cf8338d5e1f73b4508ed0467aff0f,0,train,3
2862,[2862],346033fdf57f9f9cf5dc0ec883e1fbd666873f046f43ab6465b4352cef752337,13ce006c25b3fdfc5aeaa7feb1b96fa0432c118a3c170dcea8e8a2df15522033,0,train,2
2863,[2863],7d72561555ec910c7673b729a14f84660293dbce9c675ee9d8a273dfb227c82f,863aaa38328dd8338a4ac15a963ca7cdce91ea2f56a51a0fdeaec2a1591c3b80,1,train,2
2864,[2864],5fa6590a4c3c4221acf3fc38fb9c405bd94bd838cd29f8b42a87093daa34f0dc,47490de18e8383d3c528ed62de151cbe177cfb87be026a938163dc43330a8e72,0,train,4
2865,[2865],bae2a11d3f6c3cf32c5bfd7cb166d859ae72fe141389f776d1e6e58923f80c79,bbba307c269e70f80f10ccb268674d53ea454c8716e2b997b7af798b91bf5377,0,train,1
2867,[2867],4559e1ad4e65ae5cbb9dcaf7302bc4c2b509ab3de2c55ab6d36076ebba8e112b,fa2a883c3e4eaf1e7481c27a4ed4e0c4a0b2d2470c0970d0e394c0ef299827d9,0,train,1
2868,[2868],0dbabdcd71d117b660aad0723ec615036a67e7ef13939575833e8421370d6188,e2ca66c9576a8ff717be2da428200dfdf6c4966ce183838857dc66cc5a5f6ba5,0,train,3
2869,[2869],b7b4ccc3011b94eb9f5d3a65df94e6518602d63eab9195bb04d2e550bc254c89,789425d17048452e555400bf9e9cba0285d39e4828956c7827fc8a024551d567,0,train,0
2871,[2871],9c2ba0cda5f69a10a6199739b89ae5a425bf89f19fb720ffaa7b732fc48addd4,7e4e2ba8a15e2a728ecdd17c79c2c69f095e8b00e113b44004dfc2beac470321,1,train,3
2872,[2872],7e7d820c518bbeda39376872df733a6be5d443b24692b7e3ac8775b5c8de8185,a7ea108fd7dfd1a1cf0c220f0e3ccd312d9c7e30af540b105af987de0600ae55,0,test,
2873,[2873],f536e9f44e57b90ca53bf75d25980388471d1d0d93a02004d6e10deb862bb0b7,feaf21efacee97ecfb2cb7d87652c1350f8cfba147a272ccf45715053ba80cfd,0,test,
2874,[2874],75667cde950b768e237da272f6db402eacc82d616e4abe3680cd685b643ab81d,eecbc6f8e185702df61520c6e204a36e8125fb844096346ca25b3985df672d35,0,train,2
2875,[2875],fcfbe3c96965b59bc422049ca514efc43d8ceeb75390a93a27289df4ed9e6f90,905c6b7719f899e7c07d232f815d3b490a5090c8bf14d0b1bd2613d66281d9fa,0,train,1
2876,[2876],2555f7405e117f7297aa57d4818f6d8d220249bb19972d866ef1021006e9ad84,5c7ea578a8b6be46268f19e376dc4687d4352a7fc6cd7133fde887b1073765bf,0,train,2
2877,[2877],af6c6c09fa199738f613dd612a0f189a38f8bf0c46b645afa897e9ae222e8467,9970bd6985067e2aa2ae235d853b4f4eee0118d900857f6add0d7fd02c9d637b,0,train,4
2878,[2878],5d44a21fdbf1dff20d4890df2028cc02aa000739b19e5abced6dd5a60acd33f3,2bd623dedbb1f5ca9620c5aeafdb7e6bad9f984aaae3f371a182c8b60438765b,0,test,
2879,[2879],0ac27d98c5609eae00e55e7e04e6f2f84b218571117488191ce2bece9c2de88d,949485cf4ece52185ff0b753d5cfc5788a8afaefd83b1a97a0acfefb698ca8c0,1,train,2
2880,[2880],05f6a08998c5cfaafcebe5bb4b7f8472dafa15912b85b1359477e855c9c9f2b7,ab8c49f8ca22f2c82069fef5860e4b91fac4a9b74cfedbeb1dd26030b4aac4e6,0,train,1
2882,[2882],6eb0947b30617ad189602f59c9893c24537581b149102ab90c6bc8b85763e09f,2d1a1117f79c97fd1ed0e4e58d97e8047314ad533287749cb54d1d388b7078a6,0,train,0
2883,[2883],dc937f3277228e2f3d596b9f9243811398b26ec476af986f079ecfcf0c08a866,6f75aae6f86ddec86cc29fecf66ab8f438a0258ababb7e8ba92df9609c40b523,0,train,2
2884,[2884],cd479b83b35f5772619589d49405c41903205a46e08782ec94413e049467a9df,09a6b04a8a2d811a4edcaaea89a510c4ba5d418871d437cc0a6c696bd88b0665,0,train,2
2885,[2885],1da8eb32ae8a91e8006de28a7e6678f9eb3e0a4caf406cde103cfecf049487ea,4f6bc065e013481d4b95a341f39acf8c1f5d874af500e58d784978ee055f8596,0,train,4
2886,[2886],a676685eccd03db70432cbd804e24526352f4c136288d7a57ab70d500ed4e754,8f8fcb73dc71050666f26703267bdfbcaed8e35bfde3c66eff94104aa0b0dfac,0,train,0
2887,[2887],72a4183e862c5815fd002e8448778b092c379776d87c984f97fc0d708411ab7f,755c5bf3b9c2fa8e3c4cfef7e41442dae1587d116e2f822aa86d1547de77b51a,0,train,1
2888,[2888],80f298ea32e5c6404d841fc87268f4a8ef514f1760b6b4064a74c712d878ce2b,4c4535f31ddd35b2a80e2a91ba9c8a7f4ae33f23678d069b16d7009d601f7dc1,0,train,1
2889,[2889],fda9a8f800a96ca3d156759a81e7a81773587052c0acf4b6c6ea8923e477c3ed,602f4a7d2ed435f73e1d9a10f92881c2a73bd5688a67ea621c845cedce8d2594,0,train,1
2890,[2890],1378f03b7dde81bc1b2d5eef7cc2e3dbe4bfb5c40102cbce04fd9d91345661b1,01d1acc59b7403856e8fcd32fa253c73c3e0100f9ddd27479fbb07f5e13ae787,0,train,0
2891,[2891],5a895adb9030819f7aa7473fa1e99005aa2765b015090443c75e8ffa07bdfeab,95d174b42e88265f2233d022b8b6b10e16b7d377ba92bfbd237c192fe7824488,0,train,4
2892,[2892],eff84b62444ccb6b3795ed166621a3e19eccdba2d7ce488941448fb330a23a68,fcd284de0bfb12e2d855bc489e1ad62bcb7db129befeb665850f21ccfd172b55,0,train,2
2893,[2893],2049a4a3fb5c3e9a567495e6c16936546c1e918ef27281cdcd5ba96e9c71bcd0,c51e51efa99d61cb89b22d6b2a80850ad561c621064315aff06ec2f7e45017c6,0,train,4
2894,[2894],a043c9f89f789e2f11f09c92e74b7349e78f9652b5289f238096bafd5958547d,3554224d23c42cb9d6b07c9d58193af9b4d5fc6c4f39d05cd98ea39005020fdf,0,train,2
2895,[2895],a24c602903a46ab3d99f3a5ec811497cef2bc69a4d4440db46fb62020c395ae3,556a27949310a69f668882e4f705bfec6d046e0b5312e4e71f50b3ad75e9b561,0,validation,
2896,[2896],bcf5abaf2a9b10792f0d004dca96fd606375b21cdd9aa081c9311722f697d78e,e9fe56e1051d2f8fa6e879de827e668569e2d2e405432130342d6c11b43002d3,0,train,4
2897,[2897],54db08ebf43db9b9c2403a8ae55f7624d73117fb68d47751db864c268302f4bc,1c8bb0004612f8b733fad671ed0a2b390de354a2a2f72b6beac0514380e238f6,1,validation,
2898,[2898],392ed1b25268b7499bbf7c2487ccdcde35b58a76efa3db86e5ffacfe36099beb,9bdbed6b133d960f50fd180e258da33589dca1dd666b30123bb832bd73ed19fc,0,test,
2900,[2900],3c0ea96282cec0e115be3a1fb90ff7b729ab6df8d25a792280c381a828a9bf0a,df3fe7b9fea517374565fa26f98e387cc1d0f155e5414bf760cd35b53ea33c40,0,test,
2901,[2901],39d5855807dd8cfdf004921bdc2fb622d9592093b9834dd0ead4d162f8c51f04,e58f0a3176ae4a5d173f3254ba4c55e134db8ba6496f34f5c784afadc1113836,0,train,2
2902,[2902],f0dd337320bb900e576e530bc01b8625e6b9a1515320c9f4eb9b090cc46be21c,4184230e76f2d28f2f0ab23d2877de3bce3f0d61cedbed3ebf50259b7afc1814,1,test,
2903,[2903],92ca3483c7f1b0136f848a2ce1b6e5498b9c22e0b5d5d84ce8eda7136061c8bc,0d9e2273164d3a6cdd9f2bbc71038c6ba9887d1acc227757a50a44569b050363,0,train,3
2904,[2904],56f785ff47d6b6a7301a2fd50e5c6884a041c49adc50336b836f8324216a2f8a,1359c17b5629e9619d92cdbed649ad5033722429f3e4989de055b1c43c9423a8,0,train,2
2905,[2905],91006086bd961ed0dcc294498a377dd0d0343f4d91619090341810012b5be8ac,c63456457e0be6e56bc7e1ff24dc88007308a83abaaf2b5672433ba8a3444765,0,train,2
2906,[2906],7f94992cf3a3bbb8f96cab7368778ab3f7eb16e301aaaa94b961aa0a800f6406,5dbf038097caaa3fd3d9cb35bae3cf40a3063e72ed38c89eddd308d37c2cb14c,0,test,
2907,"[2907, 5281]",f69fec086515453000ac07b3e36bbfbbd668fc5b60ad067c0b866dff24077c84,7fdd080b950662f75bb056ea3bead45493499d4a91b329898e95845aab52d738,0,validation,
2908,[2908],9600a67e8db5a1b09949a6ee77c991c83e2f34265b22189bf8b5155780763a30,a998a9e58faaf364736c5b44886b494684afefb1e6cd4db8c5b3db9d24fc80dd,0,test,
2909,[2909],03102fbcc60345a92c255cc0343e2c5073672b06c08ab2e8c530c86aa7a2015e,e3db7752bcb2b1870f6f3b056d315e3ab7f3d5f0297f9d847dc951313fdf30ed,0,train,4
2910,[2910],22b9ce1fa478fdbe650d691887a409e360f9949228529a00708f45036c778574,9bc4607a9bca1b37fac0fa3fca2d0561689ddeff13505cc26309188dfbdcb928,1,train,2
2911,[2911],6462ade135485ebd711949b4ba661feaec02ce04433127109be38b87a1cdcd60,5551aad4fb04e2826f3e1fd3303648e4f801bfb0e03eac7cb0ba30a08eb53980,0,test,
2913,[2913],55242e9aa7a8cecb5008314fa0d7418dc9769d65ab27e63701cd0233ace20187,47fce14a856db846395899ce8711fe3cea760457feb61b68824b6431601a26ba,0,train,3
2914,[2914],ca49c4dc1d65aa42f913944ca55d4ac272148ac98704057e6db18598b01b2621,b34c87da3decbfa0817d3f795588bd7a0da4969f9b8387ec19baf1708ac3bcff,0,test,
2915,[2915],497ac7b0e223e53208906c00c1dedb2be34759ba20f6845c9513edb337ede306,b9584a4940ed856ded86d154dbef3759f1d4adde669e371a7efb92f00057327e,1,test,
2916,[2916],d4ca31c3f0e67ebc76ed4cb522b2ff6998c3620d5e478ae3dbc70b4391deab54,0f48222cf406a12ef4e0bf3b880a4b2319394d129aa908b80cf1eecd07b9651a,0,train,3
2917,[2917],4556bbd13b0fcb19c0a6d38c409c3c0ae4b18cdf7e01d52ada017d8ff07e16d8,7c2e7823934552e00080c880e2c7ba2633488eed4027aabcf2c44ee27ed985c8,0,train,3
2918,[2918],a72c0c33102523d63a779a8fef1cccc0da8907ef9cf889ed2628501c9e8eb860,433053ec3e68beac35cfc72a18af901555e44e6a00d7029e1c3595a4570761b0,0,train,4
2919,[2919],ed41492114c5e5650be957f15a76f851e634e00f476557253cfd8420216cd6db,e7a3e1393151f6bcd3226564188d68cbb618722e59baee60d99eba2c850187c4,0,train,0
2920,[2920],3cc3ad0a68e5bf014c88ff9323ae82bb0c37d87f199553e7c242d9e51be4c52e,3810648ad198318b2a7b2c1948597d64f1745c2f62e6c9228ed08b3c6caa53ec,0,validation,
2921,[2921],c8ac91c379a61ba4b3c8a0d96741eed86816d9de3bec6989ac0df03710862a93,3503aead5c7b1498ef32078b5d191dc71e19f7752501757084cbdd53da0410a6,0,train,2
2922,[2922],fa6284a49f1da5609064d2a2b2f7c6a17068d29b1090236876adc3137518a46e,dc4f4eda81b7f1b62a00cc2a5db7b019138bbbed565e0b1a802f1bd73aa7ad84,0,validation,
2923,[2923],5c14f042cef11db484a8bddeb7dc8f542fdf6c040d447d426367d9b398ad5d6b,c5b1ae6d8ca64d8874ebe45cdd1c65978c9835b0e3eda5b96e77f2d0da0a7c85,0,train,4
2924,[2924],8be0f61c6dc1e7c38e32b67f0a7877c3959d3215fe91b2afbecbd2858ed0d4a7,af91cfedbd48c25a4382d3d79edebcceb6007fb11280466b88b9e5a7b67a9f25,0,validation,
2925,[2925],e356229390d864bcbbc3b1d1aed37dd26417846e082e39e6149808f94373307c,934cbda2fa1370892f84fa5c685fbf9df9e14628f0a92b7f26caae39c7a1a818,0,train,1
2926,[2926],4c56c93d970e4107a76d795788e7f313cd3b23341c266400bf58c023f0700671,311c7fc4fab1113bc79f0e68faa0f0349655c65598ecb65ebc854bd8bfa593a5,0,train,4
2927,[2927],2af72e36eb70cc33f15e2e6a608340495102a4d3240d488d8c79f881c5ec8d65,51835cd5b1807334d84aa385a96dc60d7245e1a6acc7d00e8e85a5433c2c6301,0,train,0
2928,[2928],3273c9ff5158102dca820b758abe5a105399df09325f84e795f9560c087c8df9,b7122ec26b41bc54a4689ee33018a1258e9f741683619a2dc92cd29e62de0cbd,0,test,
2929,[2929],8abfc9294157d857055020e693593cf7113e9688948be6392aa236b871216a23,93d0f5d50ad12799aeee5a5cfc497c4039ed57ffc0a98e5883204a10d76cebf6,0,train,0
2930,[2930],6540303fe0d41bd210a6a446ae109e467288dfe2fda2a01ea12e43d73ab3ddc0,3205a905a086a9cdfe674545b66a1b957153440c53508f85470e534e5afb2e45,0,train,0
2931,[2931],d6048b97e6f8c02cbbb46cf33ce990e43179a8ec2c592e72fa83400beb6562ca,6a94a9490e7586f908518b163ebba9053458c4d667808ae753e6ea71706cf550,0,train,0
2932,[2932],1bc4796670f53e39846f66faeca1f1461c2c6b51a478cfffdac6a1b9b4fa0fef,a22781ea638c0a64d732c9c1dc7616975abc0ab21481c5e31cad81b695be6b53,0,train,4
2933,[2933],78039681595730db622e18cd6f54899acf2a1496e1806f4fa957104687f122e4,232111b7f29c3ca5f228e82b163d3bf955a9b30d7dd3b06c3b42418252f96d88,0,validation,
2934,[2934],c5cb92d51a63dc23e965029579fce053d740fc7db9322634563275625c24481a,ad52c2e0d4f90d65fc1ca0136d50eef748a31d87525703197be6913dba14eaa3,0,validation,
2935,[2935],d3d21a5f8b05e6d121ce9b62dab67e77e00a86bb7c2f27d25321d2ca358b7b30,8ca1b7de4bfebe14c9c324e4ed77d5b20f0be3b5da7c13ef6c80cd00d4a81019,0,validation,
2936,[2936],a9371ae41e453a44f9749979922cc308b8b75650afcdbabeea9235ccf44e539e,7005261e15898804d8817079c28eb0832179fcbf77186329775a1c477683dfae,0,train,0
2937,[2937],e183b360dfab91e5eddd3be766e95ac7f7510bd7ac9318f46047df0bc65ae2ca,bdd0031210d9cbb3daad45cebcdfde9de646675516d854fe62da65239c8839a1,0,train,2
2938,[2938],87fab3b0ca832eabe137e536ba52a4d771d487786bc6544ab608c8e997792dce,cbf3be13dfae8c367f2d40e9eb751771da4427a6c7c5dc8b780dbd39fc369809,0,train,3
2939,[2939],ff5660a0fd49fb7be1a3181ee4978d97dcbc4c4f0cd65d5224b286a5d3a48c4e,6785ba79a8585040c1e2b765b535297f58f85acbb867082e26b0ca5506d90932,0,train,4
2940,[2940],07220a8092a527057625fc831faa760785bb7418b28716f981f8ec17c30ba844,88239cf9a82aab116a160f9f90f23cf967ca62d64ab2aee51b999ebcab3b8fed,0,validation,
2941,[2941],e70806cc7a4ade7134eb148542b3b0ca882c4495f196ba4ffe07b4673438e703,9e532ed2778615966db61198e2c85065eaf352da466097e059195c29eb95d21d,1,validation,
2942,[2942],e681ffb5615169d75514ef7e8343d2035af61c1b24a6212ee5d0adc2dcdbec4d,4fe027f6f94a02458608bfe6f4742756d3b7989bc4c76f583d56dda065d67b6f,0,validation,
2943,[2943],5068ccdabccc5406b6440e51a9a417f472e496e32dd280cdac53732dbae11804,c14abf6bd7049f92cac384e4392f51b90a725c16dd70123ff5e7f9a3c70802e2,0,validation,
2945,[2945],ccce113898af5500556f89e7c3e77254b13aec8ffeca53d8f8d1f0c8063a2b60,b200d51d89437a47afd302e3e9bdbfead524540397c0ecc9a4c35fcde78a623d,1,train,1
2946,[2946],1bf44b8d05d82ab22053813c72385cde5018d4df2d67d14c02316016a2e50039,8c29046fae996f3ee7478e6b8d05f2d1d501f5ea2195a084ec373e3806ae1fac,0,train,4
2947,[2947],1a1c35b9492b5ce3abee9ff238f467a28be6370fa02e4185362cb041eee702f3,ba87d6f65c802f24342da0e3982dccb621d96a812a9a162ad1acbb2cdc0bf3c3,0,train,1
2948,[2948],d5e97fb7b13543bddb20808da6813267f8ea2c0fb1a8790389394868892581a6,2a1fc0bc70ed0b47af4c874a74afea02bc54bcbd774d28a0e378d35575190fa7,0,test,
2949,[2949],34b26203db4e35818b453110d5091f418464cf3e1920bd8c7549f5b9c28f6992,beca901d1d06063a8bd15d69217a52aadcae75a4ad0ca7d5cd4f211357992b34,0,train,4
2950,[2950],dff76a6cb615632982fd3448d15b9ff5490349b63b87a037b7dee497480e989b,1b94c77782ed3719d83c80c84c5fa95a8d88fd552e83c2fa6587abbe5a7c3e1f,0,train,2
2951,[2951],81c29779883f9c48d095a69c4e1d0f55d660814641a7c0aac1b1bdb8954ebbfc,9497c3b6d940e6361d9326fc78a745f4064bfc82a853878698a258e360ec485e,0,validation,
2952,[2952],1048ba2d162690e9ba15c34ba765e7d92f065c9b5efcf5999e239c79c2cd0b80,be44a597d169fc710f4e08b1fac3ec312830a9a6cf35b11d1810e6b5f1b18834,0,train,4
2953,[2953],c0d6a73b62117087bb5e8a13be3e575e40124dbbb9671979e072a63325e6f1f5,70ab24455f7200416269b5b4f0f203e9db0732e6cb1942bd14de8d36c09f4273,0,validation,
2954,[2954],61c706849be0ef478f1e961bbf32240a474e8635e5441b9aa62f6782d315154f,77219a12e1431b02a13a232ed9c3cd111e29012752bc703b9e2694e00b1241da,1,test,
2955,[2955],920b017747bf82e812108b89f7e14514b3744ac230064d334e51382cfb9d4733,c4b0dfb5287ffcb1a5626d42030249e403af3affd7378cd83819be60aa2d5ed6,0,test,
2956,[2956],5bf4e8864ac0c776035e5857e610fb6a1bbb1b3e9b0c2f5dd7df044284a79ebe,9d6b01ae28063e5aaa46bbaa1d44cf4cd8b6ebc78f12b670a6b5b71e87b637b9,0,test,
2957,[2957],b6d3cbc7c9846b514ac74ddf6285e606b66ca94e324086eb3709da52ab208ed2,b3fb7a3b11d0a07961bdd14d9d9539578ac308583aff8594142a3916ff3934f4,0,test,
2958,[2958],fb01efb54f999edd302618e4435696aa7a72b164ca1a782f04380eef859211d3,c15dc87ed4310f1bafb4b3492ed495eb94a434eb3af6311f6f2b17cc529a73b3,0,validation,
2960,[2960],ab1a8b8ffff513177e2b1a843a6ae6090b6474a5a2c6d06bdb674b2f0737bc21,478e6eeae9c2b76065f12d681e78172112cfef5c412a0751dce378c8b879ad00,0,train,1
2961,[2961],43fb831d51742ad162ecc82706facef95732954cca8b39b292c1a9c607575856,3f66e648fe7945cd18231ff85d7ae32d88af9cc64be570e88a03702e396c8237,0,validation,
2962,[2962],7a75983b887730117b7c6ae1c67f43094ade4c5345d5f1906e00718d68c4ca5f,334171158e29791ca0cdbe7728ce260887aa3f7c85e40a54cab825495dece158,0,train,0
2963,[2963],6a7e69439d85023cf6d359701d94d94400151aa5ffe805723f236b0a66f59aef,f8510cded638b7613b9f1538c4751c537b73c3b1d94179382d157d150fd9254c,0,validation,
2964,[2964],69786a60fe51541eac0c3584bd54d5e10781371cd8a76309d7b3beafa679513d,0e2caccb9ae54243b01d0873d0ead24ab0733ca92b7c472307d7a1fee1a3e7d4,0,train,2
2965,[2965],b9bc249dc49a54c73976516b23f7822ddfd445f9ced136f5a567753e80e7eb66,8acfc731a7e417b292d9e9dabe1bb36b432f5daebd87b96d4405a7288b55ca79,1,test,
2966,[2966],c794e2cea48a8fecc6723aae457b9d8f63079b620e27079a83d2dac640d325c0,64b1daf11885d65d081971d16387cc6f5f37b9d6b14924b822423c50fcf5df3e,0,train,4
2967,[2967],707692765c53d3d64b42b8356d5c0b81552ded1a18b697794d9d79cc181725ee,68da8b8a8209eb7a3a6f836402484fc86299f7d0f9364e581dffcb4f9ddfcd65,0,train,4
2969,[2969],78aa0273681d552d97b715259838fd2287173d785efae721e91086623b51acc5,640a2f83f3aa11b9c3caf66fc1d1690f9faeac844d00734bc9a8f916661c7b69,0,test,
2970,[2970],1449ee90a9fac52bd3dc5ed849c6dd7ccffe7098d8360407a15d98c6f44aca31,359d5bf5cc9d8798d241eba916672f6cf0b9b13285e6ba59a7ad5332e0e7de70,0,test,
2971,[2971],fbb2b67423beae5af75a50190de2b97bfebc7588e113bd9164deb823f66de190,ceb881a3502296f8b4f1fbe25c5a8109f44b788bb65c085f88dd82b4349d7012,0,train,4
2973,[2973],7fcce2593bafb4bcd33b73bc9043aab19f128e3f423449d017a28008ef89001e,ec9d553b6d030b19d34aab11d85af009c8f854ed946de715a7f48d7f8f2cfea9,0,train,0
2974,[2974],4b92044759a93a3e0adf0e5393bc450ec9d9216c498292a3fec7ef4994b35fc9,ca3894bd6a3b3894077a5dbca445dfeac78e3b1e28d22ceae5e1bc82941dcc8e,0,test,
2975,[2975],28dd62603569a0c7ae2aa9b4d088ee2e239fbc82d616d05ec5b791de338591ae,0fa8490a67cb1d8ce7949f812197bf4d5763570dd5910e913881876b045bcb0a,0,train,4
2976,[2976],931aeeb81f784ca294049af096ed864790fed2883133e00c9e4577306bb763a4,63048f6d64a0add316214fee23d0e34229ffd874c15839ba77cbe73ef4386806,0,validation,
2977,[2977],c11fae82599c16cdcd34984eea46e30bf4ff606a6d0a528f8a2790f26538f0cd,e84fabc502839cfaaf217a95a31b4d5bc5e685ed8848ebb254103e5a833e317b,0,validation,
2978,[2978],2ca33a0c4054ba7f83895d0d85e14e1627e8a0a6561471b92c7d6b4e774d1423,ed4ed6546fc380ca59c3db2baddef80a658bea5a72f58a6c1ed5f02e14aae1c7,0,train,3
2979,[2979],73102b712f31e089b97d6a705a95ca456dfa4e62327afac7e052f3b74c928e29,4e620d477b7d185d48719c19badb494de661b617270160e8374fc67bf668c133,0,validation,
2980,[2980],465ee0b2cb1e43120bcb2779e20b2b3b88a289e9a77d6e3f88c163f64e61e29c,3047e0474bed2c0bf5baad0e51a3f70b0c87fa74a5ed09c0c1ba77802b470928,1,train,1
2981,[2981],9c7d831819a5c217628e5cb83efc8abd3f20ba49ee3488968d93ce340629e8e0,746a14df4135981ccd7e108afa758db1f4dc0b600a828befecadfe70592a0c33,0,test,
2983,[2983],b4d82de10d532a09a8a226f049eecd8a48d47975af0c3afaef6a012bbc697759,ba45a4fba55ca4e0b7231925e61830306f897583f7195468e8f96aaf81905d53,0,test,
2984,[2984],fe2bb09285f5de0916dd9314cafc1ebfa078c4d26cf3f10ed3890b5ea402b4b3,4f844349b87ed29d5f08686eb3a9fb21b602afd78d217387bba2462ae769cf53,0,validation,
2985,[2985],4fefcde59bb0bbf843ebb6ff8230a5f4e32e04492319c818a43c1eb4d6564747,2a6d4065076a0f2f902da5ce3d7939395f19112e5015f35cf0ee1ad71aa90987,0,train,3
2986,[2986],688a32003ffd6b358e1b5813f3f682af1b5885e9c5958d4a1a3df2225d71600a,81b766d6fa817cee7ac62697eeaba6b556bc1f605d52321c52319f3fbc530cf8,0,validation,
2987,[2987],50c776c91469e2f5c79155268ee0c8fd5cafaa3bc3f17996d1453af1c1eb0d5a,346ace5b8b6fa215875a97e80878561e5ecf68ce06dd30c15d59783a63472720,1,test,
2988,[2988],ffda4506fa7e6d3306236f6c6bbfebd10ee5aa895895175176f2eeb99c724703,1d3830e4c8e27a6c5495ecf9629f367ac002424865eabb51b566166afcba2d63,0,train,2
2989,[2989],82bd964bbf9257d5338b7de2dee1a6a4a5bc420c912cfcad11cae635301ea103,b677a4bd639241d73a70073260f22ad4a74713bb1d54c416b15b56d6219d5c9f,0,train,0
2990,"[2990, 4879]",e7616f1ea2883f0fd274ae23098140a9cd2b61b703c33b3fa85ce9af164b84dc,a9239e0645a6e69df9a9a767dc9f835c048a3715c85b598af3020a9eea978565,1,validation,
2993,[2993],482140be6bcde08e1e6c4526d82b346449ecbe2c0520e58a81908f9bf633c084,4ce9573df095e58b207ff5434326a447cbb7b00d997e6eeb13757f81359562a9,0,train,0
2994,[2994],ca492ba6fe54325e89ee2cba65afee3720e6da3f46d9bc383f04f02a7606913e,50e46aa3e7553f87a3de270bb02aa69c4c1ae640993e112ae12ecfa7de15433f,0,train,3
2995,[2995],cb4d24124a8094d89e7a29ed127d05119ae6cad47b447fdafaa25774ce3acd23,a163dbfa2590a763ce395daf08edf9a789ead259dc2b451243ab3920932a88a9,0,validation,
2996,[2996],1e188ac097a74ef6b9c3cd64a42ef214963dd9507aaf0b3de7c69ca1d1b3c99a,e09a49501fac8dec2f1bb4c45fe273a92ec8ad1ee4920492a83b5615131267ad,0,train,0
2997,[2997],fee1461f1b0f1167c61dde39f6575ecba55bdabdc43192215bf6e9c93e5168e0,10e3c8ba512cf6c494b3abe417d4a46a812c32935a91063bb7949bb50fbcac62,0,train,0
2998,[2998],e692aa45ed4cedd4bb230be5567b55aa400988780a5985e05e8185291b5930f8,a07899dd1b1ef11e63f2007ed1bd1d4559d963ec4041934b1de68da1adc77fb5,0,train,1
2999,[2999],f1d18d420a6440df786e914f4eeb09d5a602af9b02f1f4f38bf8f4a77875be0e,6b03a9fe62739d9e78b1ef31bc53071e4492256a72e50ed3c4566811cdec413f,0,train,2
3000,[3000],c0100696786d43ed54b829e28c7efd9ad508d62502a9e88ca7c5154b45bd959d,48bf5d45e2d30c633644ffae139f596deca3a570d8738ae77b488bc2afccb4d4,0,validation,
3001,[3001],7c41235742f4d44fe2d881d68e7e28a14283c78dd340f70d5f2b66d2123068ec,cbd537e6fbc6b6108393f20b9648b2910d0b766991fe5951168f81e5b0882a05,0,train,4
3002,[3002],4fdcdbd1ecf43fd9c7139b3c53c7ce9d9cc4b511bcb50ae438b124df90f88002,66fd491422d1a379718a0e0ccb37aab29c49c7fa1e5344bfa5cb5285de4cb896,1,validation,
3003,[3003],0765e2f1836abc14de66617c71474df671be68a89ec566418e213456be195262,50ac66945f652cbf69c422bfe519fa60fa1cf4bb339c04237bc4624409b4f493,0,train,2
3006,[3006],1a6a5db9c0a681d25b35029be2289ff0c0315a589226578d4d3ab536574ad1ad,e2b996334e2ecdeabe4034d868535c7480886b6dc69edd6f87f983c672d3b71b,0,train,2
3007,[3007],cbd79cc7a14cb9dad1c4da82081020d0ada5a280b36d1281404e665983b6ef4c,74dc8d2ed44f3a05986d4015bc425e16ff525bd2981046e2e7b5898388c9f838,0,test,
3008,[3008],66a075556283b896008275b322a4db2bca459a85dc088ba3be3f1f1d9117ce62,6d30e8e2d641f5eadd734352feffd368de1d85610fcbb9a4323480417c1dd694,0,train,1
3010,[3010],83383664b369c1f4b4a07cfb7e499e0e09b7097dca26b10465f367d87417aedb,bb7b0e6735b1415bb60c639b377a54555d5c119ded7565ccfa943a0be8006315,1,validation,
3011,[3011],29e604f37bce3e9973b184718c86e0e8e1c117ad41cf609769e8860c6348d3ef,1ea4e579a434cca38638d0bcabbf1f7b6f4d45ed614ebadfc564cb28d0290225,0,train,1
3012,[3012],a31171d62d2d1aa0818d8f51ee91d9de56a7f3c77a644b186f9c5d37621c46b0,9a16cb5c8b5c003f0effc32fb9c7f814f6904e0c859488d2a3a803254d6c157f,0,validation,
3013,[3013],805cc1c05e04ea792ba8d552dd74b4b3d922bad222f63803b427a83031726f2b,ac746fdb180f1ebfef5a30847d2d97b346522d4ed45124c46f0360def679490b,0,train,1
3014,[3014],df309e3668894345c4534075636755227d7300f51660aa20535b8e5b19e00dc3,b72e0b2cc0ec736362653ddb5946c6fca9215037ea2aaf14ef865a97cbe9db6e,1,validation,
3015,[3015],edaa98d76f295ae295934fcdecf5556b7c7eb8a7d5e5145adc8a91e50e3ff699,bbb35ffe0c73e2746db0322b8d12d63e92c1bc0a1036b2f006b97ef154a48ae0,0,train,3
3016,[3016],761beef7049a2e386738b68ae917f1fd17be935c352e642bd88a661f25ed3c80,e514c3df6d5f9947e73278589b56adaf8bef47c170345bc0f8c176832497e476,0,train,4
3017,[3017],ba092d00a648447cfd31c94ce368547e4c1cab684fcf90835946a04b50f2bbb8,113f842c3e48d47911d18c408f058a31d84d906c783a87e44ecdd2c9db2c77e5,0,test,
3018,[3018],c8cb61ba06ce2bdd838e5b457d79d1f8452bf9a46506a09e7cc1c874ae99c47d,bc3c55a11e1c3a8381935f0a392146c734148b65889ddc69974c7e954baae032,0,validation,
3019,[3019],6a2cb45f8ae4d1cf129f3fc44e1b7f6c0750de8d777dc1f311f0ff39162f8380,4f99f8ce9ec61c4b175c1cd2fce52f3bf8c0e4fe0d80cc2348f7cbc23060a61c,0,train,1
3020,[3020],8c0ee54339c4b0ec004ca4628290f9f3df3c612e1902ef73279b11168373d1b0,8e20886e2bbc795c0514e7b5139a91c1d298434b976c44b115afbc5ca0a2d44b,0,test,
3021,[3021],efc06975276eae0a2e880755fd824cdc8b59d72c70edf8f15b86fdab901a4d06,0a6b99ddf92a8a04ae23b10dedb94708b9a828e8ac58f9488fe7d73c3041d339,0,train,2
3022,[3022],c78781b7cb43b29de7eff47d2c4e690ce61b359365b709381e0f032859c7e3fb,a5de8118b1dc808f755f8ad87b014f2d739888812f504a0517da55e66c2967b9,0,train,1
3023,[3023],1ce3b551df04d6f0c8001fe3f85132ab92cbbf9f648b821a419ed2d9d1ad8808,0a8eb24e93a38659ada2b31d59fbd93f8b3dbab42fe850f9ccd2e546f812fdf9,0,test,
3024,[3024],98c99a6c621dd3243e8a429f960c290d740ebf10f1aea77f6fd5a17a381b7a79,d16c67ad8081ed049d53e4b6ecf81424efc42156591e6966892def6bc66d03bc,0,train,4
3025,[3025],2734e103a96dfd876e36921f0a7af415874bb7124d703836b8828bc35e190b16,a55adb0e2c1f19e940327ff8f1c85ea85e03c89c0ce817cd01e60256a7757f95,0,validation,
3026,[3026],6e89f04c24895943bfde911f41df766b5be8774f3f9ae0b01e374e014693d515,336a9d1e71293746420d2563485648731c5cdba4454cbc16a253c2422d487589,0,train,2
3027,[3027],d48dda5328f3bae1fe5fe2db946df3338e07ff752946529db29a3ad547f8040f,6ba29dae10f7193332b2b0110b5725151404238be4bf918d615eae63c85c0505,0,test,
3028,[3028],54f5a02eb706d37f58e29059280f69cbe325da0c00dd2146236b1112fe1a3340,4e78d859a018de9db8dd77a4136add120723a91c120937836fe1ba3da6028fb3,0,validation,
3029,[3029],fb72023533689422b1d353a329fa1f30b89d3e40f63dc1c36219b5231285bb07,406b1e94371517f1ad5db052f87b1a40ed77127ec1b7482094c31c3d15d313ed,0,test,
3030,[3030],7c8efa84f2b203218132ed9c5ef789834db01087cc0aa26243a24e76ceac964a,af8b3a0b61bc02862027e53057a4d4a9e04d2358e87e38645ed552f26b7275ab,0,test,
3031,[3031],98c3c70423acce28659f2767385ce1beeb601d977cd37912cdd442e34eac5d74,017bd1a26170b77c3c1ac8fff3162b1bba027dbf243b874871b6eec3142507e9,0,validation,
3032,[3032],866dec4eaa19f6340befbbbf277da8588cf615dd3a85f08f7dca8200a3d6c30b,a95e7440267a12f95b3515a0afbfbc0b618d7d3ca6457d08365c526497d19766,0,train,3
3033,[3033],0cd2fa0e265d964be3188719f442150cfa2326c794382bf46ea679d8b2ca62b1,f556695d2f334ef40edc8d437eda146f388ca7416c137e553a892bc8186263ac,0,train,4
3034,[3034],0730c305cc81ce497aa08034669c4787cac4bf2f9e4330deea4d238470d107ab,d766b069f80f181318d80223f810465ee705b747d67de7becf65d18adf9a4e7b,0,validation,
3035,[3035],ce1d41a97cd7f84b3873a86e2e6b8d36f27aae426bcc0a3593ed227182c6888b,61782bcd89f95e335e8f6cd0ac29bf1f20b6052efdeb2515f305d37472c57062,0,test,
3037,[3037],a84ba26852596662d3a4814ee817979b5e958337491ea9284494b94f64676bb1,f7e00ef8bf759274c2898eda1b4ea36b6937e4f77f4deb3ac8c0ed64ac1d65db,0,train,1
3038,[3038],8e297a27729e938e45c8dd6d31c35acab5961445b0d24de2878132561092c92c,29854c3ea4b281427b4cffaf70ce0595682a36da24832813cdfb309ce2900884,0,validation,
3039,[3039],6f91091c7950a8398f4d5203c84979dab6c5a8defa58b3290f498d384553e37c,8364f4e9333e9675a4cea2698c0fffc1633b5aca01bfb41be8aa2d1256663abc,0,train,1
3041,[3041],a2655517c9ce6f070ff032fbe222f4a96855741ca70d0d7d11dc45b38c0c647f,a1eea823d7711003839c2bea5dba2b4064a05c940e045f6b839a6622a88afb7e,0,train,0
3042,[3042],a3140177a68f1bc9b12ca91db1ceaf3a4d6b2a2e4844015182ea4442b6a23c2f,0b5daa1eff1e72a78e8c0f21a976bf0b566428dfa7da96ac97b8d85a9ae8a4f9,0,test,
3043,[3043],93a4b0164a8c0d250fa0e25e12fc472386205ec562c72b6bdee8c9228f568a62,7c00a5df4e63e044e51f1c98e1f9811aef14a4e385a8fa75db7d0acb4c544b55,0,train,4
3044,[3044],318d9718933fcac990e2d397e96aa17006ff9e0ceab834fc597dd784ddde8dfb,002b76732ab71de8bedfbfdc7369c772f888db6a97dcf845cf56e6e271004eed,0,test,
3045,[3045],c919235998531f7bfa33dbf7aded5c8ae64711e2bbdb13b7052c8f710a1ea0fe,1a4bfeb3ce8805dfe29b8fde0d1832f14ecef5c6c171094fe414bf75baf2b3c9,0,train,3
3046,[3046],393e2689daa25ba4f46574b7912a98fc6f1c25fdb37d02f36f7cd92a83aa27a5,8801e71984e9095111054f6ac55416ab7e448847203c9751380bce80abd372de,0,train,0
3047,[3047],5715d049120c2120a324c3dd72e6c7d87bb0c3cd826f75e9ec65c7abc85a84cc,181b35ee2a2942c49e466077bf5a3daecf8719b8f92743c3cb7fae7fd7e17a96,0,train,3
3048,[3048],b236b87161fc54fa75b21b8d794d996c2acbc58c64038b584d2c9dcea8250fa1,bc750beced42cc229ce149436dd6d8b657145a58badecde6c79e23eadafb8231,0,test,
3049,[3049],5a61b57a90f994b40072a6f6a984788af1c5934e4aa3721b0a2df742c158dc4a,facca62bf2fa4ae96266e4b64ad4f52eab02c83bb735c87bb5be214deb38f6a2,0,train,2
3050,[3050],afbb2dd9f0d9b05ce522db8ea57b14c0dafdfced7e7d24b2f8edead4eea05332,a9e6dc5f177bff33687c3152b985fd5ea7b823b180abdbe27ada3f768ee8c77b,0,train,3
3052,[3052],7dcecab4aed76f308440d2d76fcf1334d69aa1e886c46b4a1fa4f522f2801d39,f76fba816d752041319f5f6df790aeb56edf690a982f5cea898b6969c230707e,0,test,
3053,[3053],fbaa81158a1dc5fb66b3438d9ba6757eca9e02265c41e827c8fad72c271bb70e,74ba662c20f094c884911a5ea5e291c75b1228989159946aab4bc53e26da5061,0,train,3
3054,[3054],bcc825195048be0074a09e7713f6e63674be84121eed2b0603255fa448520d63,f2a52c4c405de8204777c60f14869627ecaafcd9bbb3bb60aa28f464bf12d5a4,0,train,0
3055,[3055],ea5b99c3f2b926f88eb09fc38a3bd7d6a8b928b42a207e4022e4192fa3227d67,fe3199f49823c188c9c0b1b5b125d8f24a975f852ff923246b130908b374f46a,0,train,0
3057,[3057],97d46686a7b5480adb22a6d0f6237dab73d8eef583547d2af69089524943d079,6186849a19a8e9494671768893e34364eddc7c51368742f28f5c162867193f2a,0,train,2
3058,[3058],72a1101f734acbc66da148edcbddd44513d880f197e9711e619bd2fe49ea8a9f,5b2600d8bfa37bb0525a330d56ae0a6b1007d7488447010ff4eb49b62653b43b,0,train,2
3059,[3059],e34476a9da4344c91ad432e4dd32795ea15f97d4031b87abca12cfb3813b2a41,1a338c871a88a3c082a8af0e81967189dd64b92ef30b501113ed956cb46dcd1c,1,train,2
3060,[3060],59f131b8eb548a1f3fc6107a0971b807be2e1b0330290cd3feef211bae978a5c,565d46a90900e316cf2270256c4df50fc1e065c55a8986c554cbd39a66cf0da6,0,train,2
3061,[3061],45aaf6f8cb3da1a09802184c983432581ebd5f3193b7b956afac0bcecd903333,f9ed8853ee3fea2ae03068d11ef2ac12319e0e57199f38a997bc54267e796901,0,validation,
3062,[3062],09140988c8b9e1b1b0d24ea6ba09bd21c02f46388ae7124aac2a19a60b116795,3474931ee04a91f3e78f859da6b59ec1a6095c77e4c5c302121f19b7fbb4a082,0,validation,
3063,[3063],b401b010a6739dbf07c68436f6f54b8c59a405db0743db23a3656c68e867b606,ade09cae708ab670c90b34347dc19b48ac1587df295b8f1416f3083922f3a2a3,0,validation,
3064,[3064],502742ebda4f145dedfa1e8e68aeffd85a7e80e8772d5a3b426c18f953387988,ee682653742e311653316bd901614e989ddc8f6b62a59c340c1fa3ee4af21c75,1,train,4
3065,[3065],03f2423db1b5a838a0c76b69b63f104798dc909a45b7e4c190185ba282cc047b,cfdae9731505435a7c3fcc9cb9cda08d6bac793455b33d9249392a888654a8b5,0,train,3
3066,[3066],fb6eb3391db28feb2d1f97adb932a918dc6a120be8a475d6748de1ef7a841791,3cf4483bebbb0045b9f846c3c1c9c6694d1bc50f551aa40c558dbd495924e1fb,0,train,3
3067,[3067],0237896879dcdd2adbd5e4185f9af8662396f4d4a9942abe4f80a0d67bf2cdcf,c04ed8d97b828033fe01b85376f7ecc764248d582eb0ad149ffa842441dc060e,1,test,
3068,[3068],4c2905615401863a005ff937bd874b66bc211e4ca4783ec1b662c842cadf8328,91730bdbb8c185cd2deb3c825bb70107bf60a6a1ebd322f9e4ac42aa44334ecf,0,test,
3069,[3069],cd19359640f535f36eca099e9ed3cd5e861cb9cae12b1eb5be03286abe2169dc,eb0b4b60cc9fc36e6bb6582252bb06c03a3590e828d4d7272427303dc9475a67,0,test,
3070,[3070],2cdbe6fb562b54cd7ef63ff18c1a72180c7793005703b8d329b04f45ecda124f,ee0f42d442fff17c1f949c02c4f0fc2e9ac1eeb448e344fd35e78514d98e8c76,0,train,4
3071,[3071],7f8d3ec1e02461f30b65e133a570932a982702551e8b5f6f9f272defa7e1172c,9a8ed712d24a55915e244baaad047d07675f5fd6c62ed522a6310fd703e79a31,0,validation,
3072,[3072],37fc73721d3380d84ba653e392153938815b671bf6f4c80393ab25310a468f61,f6cdcd3c9320b0a700994073d75094448bdf13e1d207adbca4adf38b2f06d56a,0,train,0
3073,[3073],1d3b34fc0f294b185e5bba7700b73c7fa7269233e9365471280f029bea8676ee,888c472373e4a15782db4e6591c17bd3a71ab4d42273e346551cbe1a1d41cb29,0,train,1
3074,[3074],cb7b03b5dfc53868606b0228c9e5351a463155f5f39955216ee9b17e24d99890,c2fa57964e7480bb81fc72f3727c00385cc1c105841633b3208e98e46cdd264f,0,train,1
3075,[3075],9e1882cb9857e05f3ad9fd441ca6114999a4f017679f75753b5079655f6e14c9,2a7310df1006f57dc8475f3b012abd84315b28c5dff19951cbef8cabc4ded708,0,train,0
3076,[3076],ca86a9e27230feb8eb8ee642cdb73004abf568b9a5522582967ef2d4d13315ce,5dcb28d0dbdd8cb26b6a7eaa999d6a85e3793d371f72801a98f79ed5a26ead88,0,train,4
3077,[3077],7a0e9cd0c9e2361359589207b39720785c5ea1fad2a50301b1ca18fa41fe2fde,32a4980a1a7a6764d5b4bd1504c3d472bd68252ef49bba9dcf866964c3784e94,0,train,4
3078,[3078],8bd1e94adaea419bcb8d9a55a2050ba3e1c42b55f0d6a082986ba33c039c2714,16bb4fabd19ee0ca40af5cb4f7b5385ca8db8b8b0cc84436aa93236c5bd3e645,0,validation,
3079,[3079],5088184a30d61510ec419680c66616890b4be6c97dc262abc7c609f757e452d8,76886845515218619c3c74bf445e080c72c23e1b492f11df5dead2e9fe04a027,0,train,1
3080,[3080],f161ee44ded5896f5eee3700d37a4ab9fd99d030e689f700cfe6edca68b19911,f5e32ef01488d07e3f5f5d6a35b5273b7b7785ec659fa194d8231c378215960e,0,validation,
3081,[3081],1dd699a6c542d976118329dfb5458915d39ac2447ba7025c405f6c9732ba696b,d8e4320a9756744b2c45ddf8d5d65761eb4fefccd52c71c75acb2fadf175cbeb,0,train,3
3082,[3082],13714439132510dff3aec7d219ad44357572263127a97d913e5f9b8c6081ac13,b046dc3f3bd2505f98a457266c6dbcdc1bfac1c0598be7e91819d1aa3c3d1e89,0,test,
3083,[3083],518f5f22b8f2a8b5c705409ce26fdcd157ef22e8ad509168a5c28275bf2432bf,7882040454baf09ff4d63b2e0f46ca6a2fd2b048ea37764c976c1cc8c13d704f,0,train,0
3084,[3084],434fbfba4f817752f555caaadecdd580f8fb5da27bdfef58947019418e5e34ed,a837b3a7d422eb05b762642b77de834a1a20785423f8f5f65c6a0d5595c4433e,0,test,
3085,[3085],bdc650710ad77ee6bf48b934406e981fb2e84fe7edc0b0eba7ac9331b722e6fe,7915767c8232acaa4850f7517217aae009137241c2d6f50670b13f5af6246494,0,validation,
3086,[3086],2dec36b0aadf8d3a84351bf92ab1a4ea97a18f1c5b45b781fb683c02bc127356,b688f11ae4f2546d2072bd9d8994f88d75595fa065de7e9852b36245cd83f95a,0,train,3
3087,[3087],f6d3e7a44c0e39386e2cb8f880ff38d148cb7559166ce3c1ff32b3b9fce8e164,befe72abdbafec0f6cd960f4fb3871658d6d62e51e48d4f2f30b782d01a615dd,0,validation,
3088,[3088],ed3646e11aa50c06119d1d97d2263a764925585614a6e6b7d8b65a06b9e69c33,7eb781e75e940f28f7047fcd28344add42ca28985c6cb1ff62898e8033033ef4,0,train,3
3089,[3089],b390985c53e603193b16cac8ec521306e83c19fd5e4e51b2215397513596f37a,45b26be292d556d6d5beff8465e2b06cd3747ee0f04b06e83213ce6c68408c35,0,validation,
3091,[3091],eb3b39e5161eeb9910c0ae2843be57c66af2fb63a97292a51c39f4c0d8a37a3b,d3469ac465e4865de3a7f44ca664828cb1201ba19fed90941bb1daf4857b1b60,0,train,3
3092,[3092],c30303e35e90b78c508096fc4a01f38fbe418d997f4d6cdf097571543bc87b0b,8141863bb4852cfaa931c2e215405cd2313e9493a340bc8d5eb82b9c2256e9b1,1,train,0
3093,[3093],2b437bf00d5a71e7f6ebf4acdc6333dfcd6d70d4d95379746813ba052b3fea6e,ab56cbc1728175b609f8729091024c0a2a33bc7f2e93986eec4dd43ae874b9a1,0,test,
3094,[3094],00e49cd89562076076c4adfd100d40faf60bfad82b93a3b03272fd30bbfaf685,ceacfec35bb53536eb67d3342682bfd4ac1a3d7b9f18f965abe5f9a845d177e9,0,train,0
3095,[3095],1b42ac3a6bd4e4c995f2d22364dff853b064bc3ce95f6d64e000ddb3d2dd8277,df9cdfbe2106f44f67ee5b6c14d94b0cabd327371b95644fd88d7ec1df9c5ec3,0,train,0
3096,[3096],9d8dd4a298fc7892e7c4b3de83ffa7dcb4aae1b117dfe5a91afd0755e2e7a933,8db3ace1159de86ac417942e535ef4f34613eed60e328d2e475ed06e160277a1,0,test,
3097,[3097],98e0257ba396749bd2a80a891fdb32f015c506da3bfcac92120a7776e871d11e,0befa39f2768e1cfa6f8c6a32f8a058816ba6333f2720f84f76a34112cd008c0,0,validation,
3098,[3098],9d27daf49415eb089f880e098ac86140862b76bf6589bb4e7bfcb72543cee866,f5aa2ce700c0c18e99ffe7e31d746ef72d33731bf780b226004fc5a4f9ba95cd,0,train,1
3099,[3099],be9d948d92e902b36f36f3544063dafbee5731a89e0f61d6ff298343c7d7b09e,66de4a96060f1ca20bbc1772f864da3236c3eab3e069b122b938ea85b6c27c13,0,train,2
3100,[3100],2698f792f006638910ac3d48cb008ebdc64f63dc7f909f5230c6345f58e6639e,1c84c59e8c2ad0b75947710c153c18f81b5f2e3ed7b41cb90be706e55555acb0,0,train,1
3102,[3102],2a2cbda08f311866b58029bf9fb86d7fc354c848fe2ecaed51f08e2f62755265,cb91129cf0f0dcea7fd9f28225ed6766b348fe960a8654816e3632fececbc720,0,train,0
3103,[3103],3a85f2017c5e72652fb0700715e715b7539bd270fb6a1997f31311a472dcac82,4cb3d44e5637773b29ca697f03bc1bc4473edd4432631218a0dfe4cbcfe9193e,0,train,4
3104,[3104],caf6352e2a5dd639ac0765c7a6429068cc4c49c7cc66e99560c53106210eb2ac,fa0b2596999dc3cca511e951e73ace8cbd2d6b3f0a57ced6de7e77bd686cc34c,0,test,
3105,[3105],dde5ebfd62a1b9647024f9ded83917bab837e8858fb7d630143973db9a9b681e,5e40a84f9da5aabd44876a27a63ef896cd50e63d6f0637449c44dfdeb61002c1,0,test,
3106,[3106],3dc7196e3a7b3cef4b77619b3ce001c8f26be06a7e5a6700991e86816522c323,4346a444d162fb10a7750483afe483e9dfc5e4d27c919d95bb2ad1353e282245,0,test,
3107,[3107],b9ae5cb46196b711ca1a13704a398ad7a727cbb5abc74e2e5b3914f2449ecd81,e18fbca347027525784ed8ac04e3ba060c0bcc6ed2ae75229153e007d260c08a,0,train,0
3108,[3108],ca93d10b865444b5a808f403cebdc3d320dbe3afb9485156db590a4bb727cd24,e23e1c32439b466d91aa625b0fb83c9d8884ba32bb4733d5b2bd38b9f57403ea,0,train,2
3109,[3109],a7493bb3c88896b7f8073f8f51ceddd98d1358e9c7552e7edbe9a8d2c95bf19c,3bcd0675b538a74fdcad2ee6cd6bbb26163200ad0299cb1359d4d0d58de01194,0,validation,
3110,[3110],2e059ae09e1ceff7678b5ece439fd30f604bc5173adcd4a21b82c92229f44c0a,e251a3ade639e1f0adb338560f8c482e6d605eaaad0ef2062688fd641d385579,0,train,1
3111,[3111],c8f553a874f5fdb5f2827c7718d49274b5acd7a121610b49ac57e550e8218a7d,746f498dc36b6655afb21c92b0590e5e3979304177acdc887f4338a684a758b1,1,train,4
3112,[3112],f4e7142a0854aba95b888546aaf3267bee2828806f092984700eef91413cf3bb,940440d6980ab9a94198598c7e4a00e2c84f26f20d0fb67406807e5c715fbfe6,0,train,1
3113,[3113],a63dd9669d3e5ea394e52d1aaac098cc57d831478ff5cc7135a38b974f7adee8,16f99657eb49b3aa1feadd4b1e798169394e052c7bc39eeaa3c459d661b89db2,0,train,4
3114,[3114],cd0a564c05955c45264b2a5c91fd2e906e3295bd3be5955184cdb756db971d70,32250650977e4219570ae1ff30e426d01f907697ac002479fda3a8b71ba68aad,0,test,
3115,[3115],209a11e4351323be2df392a614111c4210995f13af447f64e303d840fe35cd09,763ef02beb342ee91b8f286b9f7ea6779900ac396a87723cc67e9cea1f694475,0,validation,
3116,[3116],b763d3415e1d6124e45287a56d8c1a33ecb1cdb589bb4dd019fd80b95a282280,259e67abff3e76e0aab0241bc8ad48150d38e4ac70493c4acf659369ad534acc,0,validation,
3117,[3117],272b9fc69d24830478c2303d849227240d33d311c985939f96e920465249fa6f,64ab5e24a534085450966d465905b95bdd3cf5a5609fef633e759576c0e029f4,0,test,
3118,[3118],4e6d96db2277adac8daf1ff88e5d0fbb475813b0cbb304fe5ed53f5fe91588d3,f8c5480247380e647edc30d1c26fe801dc7bef803014104cff8b7336b2894420,0,train,0
3119,[3119],7270d773dc4484799ed5d27e06d3729622b342e1cf68fe13fa05429dd64abbd2,28652eeaf551a1634718490775986b695a81777016348f1f3b14058b3e1117c9,0,validation,
3120,[3120],10e71f6273c8a77175984d97ef51b3885fb875371a0707727898fe49f67a8df0,bf62e1a355d91b699a9f7383dee5be86a11763c8ded707ef68250e1bcc585c18,0,train,4
3121,[3121],fc22f839dc5743eed7fd9cf427f5c6d9cb1805f398fcb9edb0eeb42f4d2fe343,77e8564a20234e344c6265153a6ec84da45c0d1ba56b173f930875ca45a6fc44,0,validation,
3122,[3122],637f807237081d8874dae5443fab6d2b84a652b777580ea3af8eda27340d3a79,b51c2f3f14f474565f905a3202faba618a3772d70872c57b6aad8b23883c414d,0,train,3
3124,[3124],c8398fbcc25aa5c79670c43dbdb345e670efb679510656713abed306d8cdd7b4,7f63b79d89baeecc29b5608b5fb40bf290fbf12ffc50f955e78861b357df8f4e,0,train,1
3126,[3126],16b8e862e68a58ce8f04974368add132791602fcd420adef47253b9ac0f51c7e,9cd77d47d2f95ef9ba2625beb5811ac03907d3972d6b0220afa9029f9e3ac729,1,train,0
3127,[3127],1e297558ddb6c130b246cca21efed00de9a9c6cb4401b36a461e9061541bb896,5c4591679a93dc874e34b00b874b89d4d20b7d44ad27517e7e0629a42396caf7,0,train,1
3128,[3128],9e6242b69e49b8ff9a780615b748c16343afa3e5558bdd1775b87c45ff3c76c2,e7d3891a128880265303dfc19058624701ee52066d7bed9b3762c08f95d34328,0,train,3
3129,[3129],c0924b5e7007770fcbda96873f8c057cb75e5b060c0b0d07fd79ef8077fc8e4d,fc3a13b5efde26b0b0a60432cfdc1bdb50a006b5b3a05854472f1c3878a91925,0,train,2
3130,[3130],a1f70427de37ebcbfa86edf6147aba5dac4991fe4c6c9e604a66adc783642eef,1928fdd54c63c599d4e1eedb67d7393bfc99876bc0df9b5f250835fbaa5e59fa,0,train,2
3131,[3131],a9527204176da9a5876bc71ca4d889c79bca26053f31756955e8c23703a4c9b9,e40e99b4eec798ea180ecf77e7d60c25fbb130d66f3fef11206638c2fa8402db,0,validation,
3132,[3132],063d1fe84e2e75039aa8be848966650b4f0d81bae6b85cac453b3ca957caad50,b74cb24e41d747874247cdd348270017af105a8318d47d587feb86baece2d19e,1,train,1
3133,[3133],e14f89a3b70b8e68d046754a0344fc292e78158bacdbf163b658f2e8e052c733,1188de74a5566af3979f1f454bac5d7d19b0c10eb950108112353454a7171cc4,0,validation,
3134,[3134],fbdf9670436e182bdd8a028a10f39f09bad4f4fd6da2d602cd0a5f302bd73268,4ed14ea9db4f2b9de7026e147b2f6a50d7fb3571592ee610a3622b7ee84a944f,0,test,
3135,[3135],b2a2adffc11a09f86da2a89357da611a9330708ea2772fe4d845204ddf442193,9da4aa2d0dcf9a6c8bdff404f08203c9ea4a91848ffca172b0787a05f360e67e,0,validation,
3137,[3137],05526ad8bb50497a455f09593ae4853f9b67b34636d1f48ce9e13b2e821a528a,bc4650a6e8422c3c3ee1654fe000fed95f08007274215d7c95a00c213efc86b8,0,train,2
3138,[3138],d8c4c201c2a94673904c9548b65c94e268c37e1def6d214fc0158f32b1bcd48c,790b7a40f9f058f0e6b39bfea421435432fc40cbcdeaac23876a65d409c61adf,0,train,2
3139,[3139],7a20a8ba90ebbea13957cdd7fc86ecccdd1cc2636d1a91e7ec2c78fe562db2ee,6cedffa2398bc71ffe0cecf263a091d20ce30ab14609f52b7b111d40060b04e3,0,validation,
3140,[3140],eb0d4cb93c1c048b00cfe4170224c78ea1218215f171e81365bc0d36e91351a0,ac96e347d9a1281a0d251a5c42b2b84f51f2fe32914bda108e2c15da3601ab4e,0,train,3
3141,[3141],f35b34e9ac9f4b8937b73921e0edec848742842dc21421999aa7dba66b3ccd28,4c9614ae01b8652d68a5c824b9507832443f22d18f68cb03c7d4953a9a0f4ad9,1,train,1
3142,[3142],4ff235f86fa35152a8c8d46e027bdf8e0bd6d7cb07efd4e04b5a5325ea011e3f,bf70380ae4a9e5fdfd624363530f5042e6e3e130a10ae01667c2ca6757715c00,0,train,2
3143,[3143],03f494415d1875516319685377b3cd04089f9fb07504e66a207471c88ca38ce2,78f86e31b8aae3ac2a9ab1486761765355030e4b5a6783db518be0473bf71ae2,0,validation,
3144,[3144],e2030c104582340fc06d28f4fbeb3d305a5561750a4ea7d0f63670491e2066d8,166d402549f50a8a33fe2ea4279c9c12b879cbccd2140430eef991b88a1a8128,0,train,4
3145,[3145],7211b8e01d70ce47d72a60adab1d0d955ea6437d90467068537f2905a1fa6485,4dfe9be9bdc61fa511abae57e502a808210ea139aaee2b761dd703700c9535ff,0,train,3
3146,[3146],176383a7030473164694dfb3a908bc19123dcc1b0132ccbc4af66f6483e6bbca,629a32430d9fb15893a026368bafbf1c35a0ba25a9f29bb4cfa28c1a5c65765c,0,validation,
3147,[3147],0cb024e644d3afeddcdacd976065515d6bfd476383425768a9b6f5501677af94,0e5adde819510e54176cad793005004715bd7301923567ed48fb6d5cc90eaf82,0,validation,
3148,[3148],e8dba03948a04e1e4bcb0e671ab9dc6d5ae637442c9c0cc22500b2c2e99a0335,4df6d5b35d77a6f56b548dc99525326ecd875f4f0946bf1743a55802899547e6,0,test,
3149,[3149],ef2e3f7683d9c8b48a7f7287156e95206f9f91f24ecd30a51398dd196a530172,c5dafd19107add95020f53e0472174cb35a5ab232d3e25eec3937bacb8ca46e2,0,train,4
3150,[3150],df97dd0aabe6c246e440d30e91d064899206e9c55917c725a2469e1917d7d2d8,e4e19a00f9cd8f7234489b328be540d8307d97182472d934e40f691a4d73bdba,0,train,0
3151,[3151],a5da35c0ff4da137f7e24fcc85ea2538140326fca52671386fc76f87ad93b54e,f64dd7a2839516221d850e3c703ef1c72958f375059294974aa31463194ba5fe,0,train,4
3152,[3152],7216860e159a5a4149d59d8c5c1f956c1744bc10cd71a771ad83ef34a92f4050,c33b74d569d22a33e3399800af0145d61e1f7ad1d79687f7e1c097402b641f50,0,train,0
3154,[3154],e641f0d02a1be59b05ce1228d9fbbeabba1e8b46c6f6488415eadb7f2118e447,6e033b95ec1bb13b761be62f33b3a5c05386abffd2f91c6a066955e5b609cbab,0,validation,
3157,[3157],bd001824f28179910acbe8e2595ed3d8586473adc9f5b5c7faf441ab7efd1ac8,733a9c6f1f6db27d18e8645acd0e15853b5fbba65128a29341ad4486a6d6e60b,0,train,2
3158,[3158],00abaed427f43d8caa4dd23155b56b6b3b00911e8a85c2fde63168ce603cebf4,5d0a25b896d36034eff13bd3fed3cdb26c1f5ca90c41adf38976fa92aa33b86a,0,train,0
3159,[3159],71c0641c13783c5951ad1af5c051f66e1771812d62223c9ee84719bcb5597599,545d77f9175a73f38fa319af6afd5518c69f49e68790ddb74261e96f0876d55b,0,validation,
3160,[3160],77dba4a56f7f60c039949db0b131e90dad29329d02da61be5c682552f1704663,29f17e987bec9edd91a346935f4e0b7ff789add89788b022c135db12f095d0c7,0,train,0
3161,[3161],87ed7d5fae9d40d8a21e735e471445a0329f32fbbc8087386fd0b073a7e4830a,2f80be1ad3d159b4257a97b41f85c5d55d352918b536e0d7d343466f1348c948,0,train,3
3162,[3162],ee4cad6984761fa49024a7769386b6d5ae1cf8856d736acbf51dab7a0d1bd886,86c75f0cee78caf22797b38acf619603d226d02c5963963ad9cf2f23926f47a2,0,validation,
3163,[3163],6bff35f0689d5e9c954749285b4f28fc1eb99e351d1c8a38d3ce211e35f752b6,0ccc63fa5cb30a2f96dcda6043bed06576670792d25add6ca14c7e04364d7922,0,train,2
3164,[3164],8d92d74eac264288f295fd5a25b274790101773fcce745d40906c136673726b1,e32f10111e77f000d60e09393e816de800dfee1b9376c1a29e7660b0c2f88b78,1,test,
3166,[3166],5507f05e72891a771d6009f8cb010f9f949f26b15f3ad38ecae5e1687b8e359c,1bd096a369d506e1e5d1695ed01b950a77c86f45010ea125d0d479ba5a9786d4,0,train,3
3169,[3169],1c03ccc98569941c7efeee3752873abb24ac59ba33a2d5580ff217ab7df044bc,dc1517fbc00f206f9336452877b201de0aa1e88153296b6abfcd0ab82db2a76f,0,train,2
3170,[3170],7b9d91cb6ce2a4c299f1fa8a17b2166c1640c82750bc6e6ddc72e72b22cb3120,36e0738e597a76a6f26e5a7234636f717798fe650b848d6dbfebc8ad69a867b1,0,validation,
3171,[3171],2dccc85773b21bb35473e79094cfb10b174a7d128c6c87f917f1f7674c39de19,f70d28c3873df7100efe3fef10b06f083e2dae9cd1f3a63237ef27b135c97668,0,train,0
3172,[3172],b37223f400cac9ceffe5b8850a58a93ce6e85ef752cb5628aa2203aa38be19b5,d30b5ccfce0634c565876bb72bbfee0ffc161221184a9af6409bcd28d1108fd5,0,train,1
3173,[3173],2b59bf324c8e7e9bd75a319afde1472666169a5f4c776ad32b1fc7104430987a,a34242df8bd82cec4ee7b673cfb196236be397987da7605cc940fbb318828503,0,train,3
3174,[3174],c151b1684f0fd4e18c5983b682f11e0d050f2c3d13ba2a1349cacf7059e18ca1,f90eb12a7553225510a455cd1102afa43a3c42ab50a7b8738cdb2d4f09eabddc,1,train,1
3175,[3175],2312389edea781ff15d72a9eed0722708821dca76ccfaeb7fd8fc9299e51b52c,05f039b2eafae2c9222ee8477a279ced85c7dd5224135ba7d5c4bfe06377b896,0,test,
3177,[3177],df142ed8d385f4f15682661034f57ad0e6556218f20448c880348fe00473541a,b5a4ec2f87cd1378c69ec48fc7f2331db4121d88b8b38a3d306b6705e4b0a619,0,test,
3178,[3178],ed4a0fc7dab72378876c3ec94c8c09d7c343ecb77931615d414dd9f42036b0b9,6c79995c1c6702525aacfbcb8c2faf68c1aa4c99862182e878b20c57e9169d5f,0,train,2
3179,[3179],43bd1b566954bbcbce2e48b79a8c0b2a85b80afdbbe938a42194e92d01dc9869,3d5cb727ed45e5232963d1e1c472cf233e60cc91fbd615aa6ba74a3058644a82,0,validation,
3180,[3180],9d65cdf6b55faf08a3a828936bd36a505ab025faa1430fab2b8b67c32ba1bbdb,6dcdcf7658239a507d8de731bc39490e6eff1cc4ffd129e815663a81daba1db4,0,test,
3181,[3181],4baa08b4a49af31ce6e6ecaca54cc2fe352b6c5ee5d12412e1ef5f8f345100c4,05bdbc5105b905cdede09416f78829adb193ada017bee7fd1ba2fc35539f78ef,0,train,0
3182,[3182],8a2ba0b69d615dc03d381f84fd5eb6396b14f940b86109eaabf36bb2bd0578ea,79476dfb03477ed50c0e021c8b242dbfd8819ea60746dd63afd4981610dafc19,0,train,2
3183,"[3183, 5348]",36d3b38c60c0cf61b9811ff85d9a9595217ae97195eeccfbe25125a3612982af,9c9e5b723913178a19a09cc8373f5831e10cb09b8d021577731f487241f4f3ea,0,train,2
3184,[3184],5d228ba7531bbbcec6449d67c9c4480c24518479ca02e2ced83250641041c026,c97a0c68a584698c4c4b20583bc0f568034c98b6965dee9da4a8b88f0bfd213b,0,train,3
3185,[3185],30cacc8cafe2757efb3a91bffda4846f92b9b119ac017e8984e5d87ca7c1d997,57947283206611e5e59825c81d1ea8c6db1aa802aeea13ad40a9841064fa24b2,0,validation,
3186,[3186],23319e6d6d1cfb7ba85270e49a9ca5236e4a6c510629066d15e78ce1df35c39e,764df5f6898d41492d877fe2fb0a4066c49957bc9321f878774d5713a201b4e1,0,validation,
3187,[3187],99ef4650a7a4bf40a4aca27c7b7fbb2942e804524e63a3ed6c4c83c42eb24681,22d2d3a7e61453abce0d115700f56e5e9646f816117326b53249db69de7d2b3c,0,validation,
3189,"[3189, 4918]",7d005901f1f3a5003b43f215a94249d9514f6cb9942e45456bd5d6dd56ea8fc3,5261b5de17925ba255e55a80e1f0b79c10cd78e613315ae68faf092dabb14e51,1,train,2
3190,[3190],fe151a6f26266eaffa0daf5dc997d6c31283aaf28298195386e3e1e9ea72801b,a53a9f523d6c67c25b3e6eb76a1e4c731793e2b76247a67363a54116f31d2df3,0,train,0
3191,[3191],35f84729772639be02be257bde808235a6a4c913e280ea2bd0c5b8bff80fdb1a,438ce8d249d4c27be32e7857340d395d35aebded148f8a08d09463d22ad35539,0,test,
3192,[3192],0393d37b09ef5507548d319fe4a945809cb1f9e9f71624673971ffee1b992672,46a8974d92c7fa2417b076dc0b56680f1de03378407f7ceed2dd5b8bbda8c5b8,1,test,
3193,[3193],9b34efe12e5d4f18baa35102c45f0c8e7e846e899f7101f0ff35c32d415617a1,3cfb952ea0b92360f325b4b746738f64050a21f1a2c49d1301d4c95ee475cae7,0,train,0
3194,[3194],58a4efc54fd2591a63bd6410bd1ec85014a38bb6ec13b6e2f9b6453026a6a7ba,358a0a3c1eaac5cbbb1e03bf8cd35a9dce8bf901d669890ce8adbd6fe69696d7,0,train,1
3195,[3195],20620099a1bfd0425dc066e75520189c6ad0f0c1471dd17495e6005a4a6a7c6e,819ce8848c070da351cf81c573e20081a51791f490de672102e2f27727891e10,0,train,3
3196,[3196],abd7bf6010f4b2d50dbdd764d86af0683fd922cc374d800f0e288f41a369d6de,b04fd341b63f136a50fb280c5da9db327c4d0114727e42265d14fda96945a6f8,0,train,0
3197,[3197],d3f054f3dce8bc000dba9d8fbf6a3f26e5c2016a06145fa9195bac98446451e9,f0d16a8ae924ba2c0f7652253c84d244faf2d21b414824c46aba19f7f1f1e2f1,0,train,1
3198,[3198],950dcd7c2c01ebb90c3177e1ec62d013a665a46fa45c538466006b452beea517,f24c26b0554a04a4be3bd4a6c297ff403b8209afa83d8a08a1b7c96540659b7b,0,train,3
3199,[3199],781ebcc20a554e866b2c99bdd30de2e82a74334214b84acbc20ac2a7fc3196e5,cd3f0f707fcc90057b4e56b21ea56a8e8f356813fa2e0af15b3eac03a59a2f26,0,train,3
3200,[3200],78f1fe13448731599a301cc1127f8ee59ee1c02c3d2b2e31c98a0a53cbd2eadb,83253a670d9c2b631f1cf69a83d15f93a5b19f68245d290db927696bf77c927e,0,train,4
3201,[3201],1cf7de404cf9dabe7a46be32dc946f2a40868e242a370f2cc295a42f7bb4046c,d6447186011eef8871ac1f6b8c44c3d41a94beba71d1dcc0d70468d56be4f239,0,train,1
3203,[3203],625b86f58332a1a7c8146f2c8acfc492a86c4a65458c007ebef3c1e761afb345,eb4c9655b616c87a3d0882cc7b68842d4381edf856f8502e1ea594ddedc1b2b3,0,test,
3204,[3204],052c71f4a71d56cd10e2f19600439890971f54e3ce6da34f83aaf3ccaae38917,30f05b9941782567e162a4b632b34a5d772e275caeee81719272a7276c0041ab,0,validation,
3205,[3205],41c750e8d8d93a998832be1fa1dcbb1cda2a734800743de65941722616434ee4,212477010507db6dfa709d349be8a2e028ae3e7af2a14c05ab3dcb55725ef73a,0,train,4
3206,[3206],05324246525754b5fbc02db3cad24654b6eb73ed162f2888da094bcbf5fa428c,b41ff65cdd35b4528b6337021ea6735143f7011d350d7ec1ef1a5334d3e5958e,0,train,2
3207,[3207],e68f2ddf4c95112b9d966d449bee7031b3f5c62213f8c01813fc9733573e2453,9d9e7ec69dec99fc677be2f0e974ddad31bc490ede13ab8cc2332d1d89ed298f,0,train,3
3208,[3208],420b0883d878cd21d78f7251e57ba3d82dd11aea036bca6b6c2d60ba57c0c39a,b991aa20b2fbcd2d4b866983c28d3d17845ad7b7473feb77070661867f885fd1,0,train,4
3209,[3209],b6555271ccb36ae337be22ccad97dc8db96506feb239641d0975219ed63bf10d,c32cd4fdb216f15c70da3a1cfffcd713b16e94dca1e2a520ef808034e3c82c4f,0,train,4
3210,[3210],5475b9a4aa2df9990f6f2631a2863a6411af40dd2dc779c118c7fb797f53baf4,b7d364a5548a44ffe3e1b44cd6c280bc23124015a37a2c3d7a72006be50f6e8e,0,test,
3211,"[3211, 3324, 4468]",ebc110cbd9615d3a286e404f3dca826421d418940a53ecb14e7de65d9bcab849,3c0007bc796d1dbf2ebe8da1ea2d781be42e2b1c5d94249cdebc7e591c0f6dfa,0,validation,
3212,[3212],1d4143126ea989e8964eb77c1048269bde312a49f86381443d16f1c3255e71b4,ce1ea276f2dd9cc6c162328b9429271a89402f49a76f146514d5afe5379d4469,0,validation,
3213,[3213],147a2fd0a6c62654e626e4b00b525da126dfb4e16c9b4ad662f51b576933e667,40699f888ee15f2d992602d5f9318af35a34fe28cd1b1fe24dc88b8541fbecc6,0,train,2
3214,[3214],5ae57088493e2b2b527cba53dcd18b5089b070f9e6f20040d8d5c400e86cf806,a946fe452bc4ca41dfacee2213c7c011f2b999169ae0abb2aa9565d6c0e87912,0,train,1
3215,[3215],49564bddddacedb8718f48a8f5b5521f3aad28deefaeca973f89c57ecef17012,bbcb5349da8c8b682f6f28659eef29feefbf0a081f29a5487a5fda8fc3076e1a,0,train,4
3216,[3216],b30cf8a7bb1240fd4739468bbbbe74191e8d791964bfe48fb83b5ba5569d0885,46dffd92894666d5db95410b72eb5ee18745ff63d63193b20441b85ffdfd068d,0,train,4
3217,[3217],7187aea2179102023408c0f0ac4478e1e0cc247b6086228b0ab01904831c6d52,01d4bddd829004b276c01486b5feae4de06f00bd3060c5e93d2304093bc967a8,1,train,2
3218,[3218],f6de4b5e6587ed9d40083ddf053371a95965c77454fadee769bd34f61ddd6a10,6c5ff4e3bdc7ba4ad1449fddaa9de7b788944a5f31cee174ebab5ae6c9daf748,0,train,4
3219,[3219],1b5d163e0921bf9355a1374fd0682326eb39dc6563d7466671d8c49078e048ba,7455278f0631e16b373683e84598dc41ee53348fe2b414cc75b73d926fd4a4af,0,train,0
3220,[3220],9adb7caa9a82c8b95529155437e988a7c2e3f8aba15306fadbb4f10c864bf31e,9aba765db9ec7fd7be2d939e926a1543447063fb1af86f65d9e0cfc46e0a04c5,0,train,2
3221,[3221],fa1d6fc17761d4cefe37de3eb151eb1ad7b0adb107b84b98e208dd5c3edb6468,24f80b9697e99f84e8d70ae3573d10c8f9ebdc0cdb21af705622c4c5635f61a2,0,train,2
3222,[3222],beaf0d71a0905676e2fa2c44e50108e43ac48c7bfeb8c24b818d699bcc8b6116,70eaf193b6aa7e1d67d38190de5a2fdbe5969eff15d197b8e4b04ee239e59cf2,1,test,
3223,[3223],acda40166eb0dad2f7e66e18bac4c48979d5c59d4f8783f3a0c626e144d5ec71,2037be1b02e56092e2ff30098f54f4f14fec897087c354ad725a6de68e029e21,0,train,4
3224,[3224],a64bedd59e9ea2a7df7b0d7e44eb4a218786b97913569ac3fdeabada0b65b3ac,2b51dd223152bbb48594a46188bed8cf9c14bafc9775184c922399215353d559,0,train,1
3225,[3225],207728c54812deedf0a139afdef61f4adf567876c3f9c4277e0e5981bb3f24e8,c438147a66fe25049942dd24f9217105938074086417abc90731917397a7fa87,0,train,1
3226,[3226],6f77587ccda19a003344f9947c08a6c819da98c649371dbc8c00545781f01037,0943da58289b2df20a15bb5675e3091b797cc38eba96d392116af5831756b75b,0,train,1
3227,"[3227, 5131]",03fc164220dfa9e8b06de2da7e997a54ef86d922703859b752e94c24576f47b1,d80cd94216543ea6c80e624808f318c22cc920627a2502c1db38d0a1ab483e74,0,train,1
3230,[3230],34ec26c7db7e82b48edb70b110db4714249f0a5973342c1e943dd85928477a28,06280e8103558de22ab3ce07582e29d43a41137c5355c24b433d3ba46b037585,1,validation,
3231,[3231],3cb1f01965680dced0886b52170e6110daca1d61e63bddf54c327f84012c5006,84bc34fcb3121ee7aaee3a0977096cfb77c92ade9c23ca355a54bd27084cb058,0,train,4
3232,[3232],9fa965def40ecbeae29fe6c141552992758062c0ef68b2ecbe8a82326855bf75,674a4a702745efb73ac175715bf070bd813a7257a36c6f84211fbf29fc1e407e,0,train,3
3233,[3233],aa5981e371e7b38688b557948313044af67482350ce6fda1a7b2552970817df0,1aae3db2307439b62241ae8b654fc768dd1847188d1126540b76ecb5d88f08bc,0,test,
3234,[3234],94ec510c03123cb41293f579b0f6ab05ed5c0335597dfd863a8e2b57ff6ab646,43e9825d84cf954cc1ad07422b0436245f5a65ff0d63fce24117b6a91d94fd2f,0,validation,
3235,[3235],b8f938eee2fc3a351d55a1e16fcd1b56a0da973b214d53d8090e07aaf650b060,4b2e3cddcf55bc235293d2607dc38ceb593238f8d915ea12d92cafee16f6fd37,0,train,3
3236,[3236],d8e1891416fc7fa8c4753797da853ded2bfef4e7346a7c1ed2001ae659f2e5d0,f8a3392e0149abbe4656ae2d2ea6fd6e6e68ac44d4b088236306dd078f609344,0,train,1
3237,[3237],ebdf5b3aeed772959813bd1d4fa8c1339ea107beb15dcb6d5b87d1885017eb75,1dfe01103a9e5a5a701fbb0cc3ca64ba14c23f7936cf91cd43b173bcab812fc0,0,train,2
3238,[3238],e7bfae0115c9f647bbf084c795c3f1750c45f93e6f84b0f5fd19a64190117c01,828b960c5f214c056b027808f237ce5108f9a9adb086ef810e1ea3c07c4dff64,0,train,3
3239,[3239],a0a7165371e5a47679b54fdf72b59b1b5afe001149a33defcbe20f2a25029402,ca1b0c3773e3bcb4043fa946f4586c105d738b20c95005a936f5bc7f5d768492,0,train,2
3240,[3240],64f05f407fe5b5c045e54275b7e99206d87b15212821edd5fdc0affeec32b778,1244b898342abb058c5fa6484105487933e486f5d53ae4cc5dffe9704dca7d14,0,train,4
3241,[3241],cd120cceadecf2ffcef95ecfe55bc2f773327cad1f17ab67bb0334e52c65de58,57cb863d423cb8ef14edb6b03ce865ec857d0ab25e8ee100a02e39d47e92cafe,0,train,3
3242,[3242],1d0287fc5d19a101c55a01935b28848a311f401da68ea7d455acb5d3125c3643,a337cfd3795156293d9f44fb19103c77397c8c599bb0f5edf6c06afc1ce4be89,0,train,0
3244,[3244],82a433d5f44b62298e45316f4c05a09c15d94e7d073fb25a67a58ddfd62a7940,99f9531020e4ca3ef1c8449af31fc51b0bf81f25184f533ad1c2b7095b0f1489,0,train,3
3245,[3245],e5ad1074d3571ab353491e4a9211b85b5d69b469392731d7a129ee322b343ade,2ee971d0f84f9354054ee47dfcb1b3544636b3d8801e0725a4a935a385b425d0,0,train,2
3246,[3246],b16371d3ae4612b22a5034e9da3c4d957b6d8847dc1189dfc5422cc579bfdce6,612a11889fcc56c826526ac617f883974eb6cfef06e531c09b80e261d397daf0,0,train,1
3247,[3247],40c6615e62ca6c090884d95fb98566e386ab0cc7e0804a7cf51dca4498e16980,ed211c87cd09dffc1bca81e5cda89ede4f59ad9e38fb200e6f75731c89ca2fbb,0,train,4
3248,[3248],acdda8c4d384b2d04163af2aac34611eb4902731c4f2efd4f12cf5353a9163cf,7bc8a1ef223abcf69f35ea65420905ac12cb5dc9923184e7e698b4c994ccafa7,0,train,1
3249,[3249],0fcd89d09b052decfbd80a30eb41e6f10f14befd4d5edaf76bd4a415a8491a12,9a9332a4b0dd8c3a08bc9ef03cf68e8c83f8944b0e93423c7462e2f6a02b7d2e,0,test,
3251,[3251],821749fa0e31842268dacf0d03cf475cd7781e05ac07e418f84f239612f2dda8,f1c3018cfed59b67d8901c8bcd314561fb106119d71177bd67e700af0bbc49d7,0,train,1
3252,[3252],05724cb057ba76022b3744e98237e8324b4eafa49ce3556fdf6084b06d592a5f,c20b6f264ff87577ce1b05f766949248da491067845bad64fa0c843cb1273f31,0,validation,
3253,[3253],2089f63581bfef20b15e5a9d90d1b426a8892e2ee30e2970731b13781165f454,844e8352a7b55f305da6008646f48f859fb30a930d058d7ad9fe4a8969b0d01a,0,validation,
3254,[3254],7548d9855ed5b8119eac2d243d79e60efa6f6c62109b0235d9ad23140b3e7172,83b1dad1184779511f36203f2a823d0ce35ec3372430e57e8cb9aa06060406ee,0,train,2
3255,[3255],d71f9b9add9f511b0cb168f65dfd953075525dd2dcdd795765f82cdef013f46f,1d3fc21b3b2e5d27716b2fa12bd25aa6f02eee60eace1a81be7d5a7c966646f3,0,train,1
3256,[3256],d62a90053a4d5a45a1b5e2467e021087f07745838dde3c9a1826ba9dafc8a4e5,ad929d9bf7edcf2127a0959e008e37ab2bd9663c04a188c241851d771d8b61b6,0,test,
3257,[3257],59a679e10d1aee3fd95231cad91e0c9a11e5d5c1df2fe2bf2c748eaf41f22553,0138266e47405ab3bbee222960f189e31257bde76a004cd70be385bbf82d056a,0,train,1
3258,[3258],92e9ab9b4fbe899f209e7062658b6357f3443564882b203b3f6f10d60320c92b,26bfae468d89c5243907a22fda40e0f25ad7e3600d4e2f2829d7bd0de70e7abb,0,train,2
3259,[3259],67b7ef81ac3603bfb53bd709266f5f042bdd7bfdde651e968d4b4967adcce9ed,365e61b91373182ba4b4bc35184b6fdd10c6ae845341cf83f4b98923de535854,0,train,2
3260,[3260],5fb07306d876184816c9c1d5459e5e72db7e68bf6b905be0ba5ad37c0f3ebc94,d6a81e1a5e9dbbd397903dd9f6cdd4265241808ba4d58b8c065c32bd234568a1,1,train,0
3261,[3261],b00dfd5264a178b58f542600bf0807a8854a00c9d85e2924f61120d683d0fac1,4ac6f633fa24a195a1784b6b60da3b6498f38d933378bb03c21563772c270de6,0,train,0
3262,[3262],0c05c8adf3e2fd5da2763a0e375b9dfed85e0d7a1e74f2930e2f618b3f79db4c,dc9ed18d841ae0e41a8c9c9bcf5e478b791b3aa43829303e1d87768a9bff8755,0,train,1
3263,[3263],3fc16b9eaa98887ea9f9ca378d5299950fbcd95918bee7625fed81b42e43356a,0774f1e1be06b6b05a991a2563037f3df0f96acfd932119dcaf03b16a202dc14,0,train,0
3264,[3264],1c33020c916eedd63571bab2ddccfaa99cfa0eb028305617aef350aa5e19cc9f,560f4fa58853259e86ddf7da8e85b38581a8dbf36f3e6b0129a433d5bfad111a,0,train,1
3265,[3265],1b354c499f689ea2c2ac93c69e6ddaee0083fa9d1b210d658f3975a67a572bce,08f8bf414f6f07dc41d566465303fbc6c787333a16c34db186bc53fef13ec93e,0,train,1
3266,[3266],02d8b65f302d4d42987bc922d60ba01917ce252237ed547cefb73f83e6b93666,548240fcdce97c61727888b669b7db1546340246df812774fb8aa9d2144aecc7,1,train,4
3267,[3267],0253000dbf84ae6023c493339065d86387e5d31bc0c181f76c61912127ff4984,f730b9e0c5f692dc8fa6384d95bd54df442f1f51d22c599f47180a6e95bd48d9,0,test,
3268,[3268],dfcdc734628286939189426ae98868a0035e794e40280b4642cd46c630299e19,f7b1658db2b1e9508cc8256064033b781395c63ab551757fa0468d4ca082b17b,0,train,3
3269,[3269],56470ff14e26800dd0c2b8fb6d2656a84de4e230e78478de0a7880c34d242faa,7cd930ac6f20be6435ee7e4ccf0e67376f8b766631909567df2fc1a7039d319a,0,test,
3270,[3270],288b4d7471d8380f334c67f9edd5bf855d03d8592e66d54d201c7f95e79eeb5a,eb962fc8e291bdbc37c55242b7da9adfbc72d5f111d9bef6d88250067169b622,0,test,
3271,[3271],00a7a1439d06074ecbfa7b56acf76e7fba5a270b51f9daf886f7e3ffdf0c45be,689d99c371dafee29ef556bea58cbb86a82cc304b04699f771dc74d711644c05,0,train,0
3273,[3273],cd79ff166719ff94f9e3cf656137bc4918aefc330ff7823264e82fad366d9a2a,3ae5348df5905bb65e216abca6f9644ab12b6eca090b0d751f6ef722d25cf116,0,test,
3274,[3274],9091089e3123e494583546913755c117a728b96c76808baa1571dd5d79c0bfae,759cb3d3abceda848c979b070752d9d89955bb52b472339f4616bb1e77d67215,0,validation,
3275,[3275],e2178323092f1764f5784791642171f7a4d5b3debdb561bd21cc0e3b023ffc24,344836454d4ec65178504468068199900a50639c5a2f34efc51f9060aee020d6,0,validation,
3276,[3276],79099dd31f2bf34410a8547a310f3717c22e7486ce67e2c4a5b90fbef9564172,ab6b92831348c25005c46531fdfd34f0b168d5dc4c9b1f83d1e8637c7731f0a5,0,validation,
3277,[3277],1d9da655e34f2db96e452060376a391eb0e4ef4df88369980c4f737f44848d84,7c830e5934a88e0c7696f776602448b939807ffad3be67b378c6152c3566350f,0,train,3
3278,[3278],9a1c3b5d1d1836282b6b9be8611dc198d6dc91a7182459535a439d435d537630,e0458e53f66d6ffbab9aa2c937c8325662371f0e88f8661731637b17aee820b7,0,train,3
3279,[3279],973d7e692c8e631b91bf4b54e6169488557aae05dc4ec214af1e5a6bf32b04c8,93a3610dd3869d4259b313588a89ca71edcfd2a899d2ae338bf8036c7ae70fa3,0,test,
3281,[3281],d36a7219c3c5d9d3325ef02214c24d2b05fbdb47ac96cf150c88b9bb55e1e926,553dc296f5a4b1b63839824729455423cf45b7abfd9063d7c74a5419733d2e51,0,train,2
3282,[3282],b7e2b69315c4311b4c5202e02eccca0fb2f52fceb709a842a6fc87b153c5fdde,3ba26b2fae86c1afecf02d9a217772371c621590b81556e3c9506cc3415215e6,0,test,
3283,[3283],d3e388e85380791f0c980ea2b390c209fd5997a5f4343b9887a9150063041c66,9449777d5c479593f72e4d11ca94ed6157c3183aa9367984f3b018fe8e17d9a6,0,train,3
3284,[3284],724d933bb6574953517159302135f84e30d98f85365597d6ebd32df2b3adfb86,b44bf6730595913cc8e1d8249d43693455761ae9cad78ac3a369770ba83e98ec,0,test,
3285,[3285],f9e03a6429b550ace53b98a0031b29ea850dab98c832609f3a6af82045068b8f,a8977e4e68aa7f3d35ad8af075fb0c606c2a431dda415adaae854231c6f96691,0,train,4
3286,[3286],be9fbf49576e69b1315a100f4c351e04f6218650a5fac4ca775a4b887a519230,79644d2482d35815a2ae9e56c804b440c69e33056905aea3be10e3d520e9a110,0,train,2
3287,[3287],32599495a268864d52f7e73c945dd26a8aef81ce5afd26c0390235487fac3213,35aba9b15fc9c0d6240d37ae88780d2a4e61d22adbeb0436c2a83317b396ae86,0,train,0
3288,[3288],70f2c5296429a57bdaa8c32fac048adae1019ba718884530fc1770f7ad9852a9,e77d424aef2a043fa1b0e70536d640eece8c2771021e8a7b90cf5e753a5c83a5,0,test,
3289,[3289],89b14c710d79352132b8cbb11c7503211c575beb4ffdca0e3749cf65b510c052,bbd555ef7333bce8ef17a6ef0d80d9dd3238423ef25d3b36cd7b56d08e036283,1,test,
3290,[3290],5f68eb445f7dd7b8a6b5ee6f2324e5395c417fffa613a97c248987af0b4a4501,2880db9ff327c04be540d53884654aba7da046673552edef6b018b3ac10ab2b7,1,train,1
3291,[3291],043f976eaa691fb1ddaa205a5490babc887fb3236cd5e292b7b13db4ad615e6c,90a9a314850cc415058de059bb196a7fb27da9038de172c5e2e90050e11525bf,0,train,0
3292,[3292],471e9462ecc0593fa66dd0e0343bfdfa6edbc00e408be8e57573d62727774b27,9efdfe8ddbeff2aed48aa0dc125f745e762571db7756e51bbfe630b5d23343c2,0,train,0
3293,[3293],89dcbea3165887fd6f2a3110194b38caec9a2727d01b9152b2c2e5160f12ccb2,1d7b85bca8591f1f82c1aa93867b6b64e6af52cebc2205e9ff3c495930bd3b83,0,train,1
3294,[3294],9a996a6ebb5dd6bed6e43c039eb9595d9d612e9d80f168f35aa0c39580bd5d82,9ced33df8181941dd6511bc398da4bb379e75169e067f4974d00312a4a4140d4,0,test,
3295,[3295],93d1b427190dfc1a38f0ef64322ac6be02ede4e05b0f41f3eec6de07a72fc012,9f93c4713efb517e3791b6c59f362c1b212685794dbcf2e4a02c94305a5149ed,0,train,1
3296,[3296],991cbf6465b2a9a7593037fe872dd245d9224e66058b690b71bab43ae1c65458,6916d850b750921e38ad79e136b828ab188b6d87735284903c9d8488b6927649,0,train,4
3297,[3297],4d546eac9279b072ba131f624e7a2a8a615ed91c2d4b6b5728b43b79d2353072,ed60322f32e1e222a352ffeebe37b93c0393943ebf08b3acf24c4683b608e85e,0,train,2
3298,[3298],ff353e85a7f9cf5d1b199c48459c3c775c4afb7613a37e3b5832d5d0998907a7,b91a931602ffbcb71080f460df75c845db5a19d438a5914fe2f1d3ab1f5353ec,1,validation,
3299,[3299],90a3a58e524332d7af783760b824d3ba780fb8bbfadc1e8102bfcaf3e137bd92,5dffaafb8dce7430fec0dac9509a668d82fe344da91645b9d2428b20b072be42,1,test,
3301,[3301],8e3922d77af8b7e8f62f2a564bf82ecee79ddda165f95d4697b5756e3d25d910,feccd1ba2a41bc71a8fc02d7e15b02b4ebefe2bdfe677bfd37c1a0e36893d973,0,train,3
3302,[3302],8a1f0181ce2a294e9b668727c332b545d88166547953ef02ba5b253a67bdbb14,f03bd6ee30acc4ab7ea9c6db6391721a55debc5eaf3d36bc2e1394e6621e9fad,1,test,
3303,[3303],8539e905bd0ef38cad2efdad6d03c139d9ddea91096dd9052e7d085b0e7520d9,076fc6370c8b595ddf1d992f37849315a4419c69844aee278c69b10ae0cca857,0,train,1
3304,[3304],0ab9207b8f54012b7a9a939bcf34eea2b2dbcb3c9f0e0092260e617001f6ad2a,094a0e1aea8ee422316e3b68a9a2d5259c83f7c2e5c812935a76708dc8921908,0,test,
3305,[3305],5d9810fe199b753547d74a967e72ca49cead7b624fe7d9027c3320a307732812,33a8bd727829a911a0b81c38c43d9dc6a8655add3a56445c1169bf002fbec39f,0,train,1
3306,[3306],400673110cb0236987dc0b1f808fb0b94a5c2d982155366ed7a2b55e0721d0f2,fdca048afc47a26dddb9c173b3a9a017884725c0c3df9afb279a714576cfc299,0,validation,
3307,[3307],2072f014a44566c79d8859207c35459c5748d17da10a27ec9319837be55d4549,66f83dbb19fa189657af03aaf6e6b6910aaedd964b45c3eda95bf63ed6f8dada,0,train,2
3308,[3308],0a9b2315a951571ab1497d85b85fbbc2197df4dad87b853e3909255f03ae3523,5d95421aac2de4aeaa22d7c74a374281fe5bf7eee22e53d34af75fcef49b6698,0,test,
3309,[3309],a8395524cb59ec4f09e3d20eb0eaaf040c109ce84e0362bceddbd1647a6f2b3b,e055853ef645002fc0d2b9e469eb1fbd61ee4a9a6f5a08fa87b16cab7caa8265,0,test,
3310,[3310],db70c98782c7647e1987b8f29d7593cc45dde62f5741f9cdd44324e81aa693aa,728d8760e33bb90f488176f592e66d583ba6b4fdcd945d4f87a2ac666a8098f2,0,train,4
3312,[3312],2753534ead52111f5d73abd8c6f44f56856f046e19aab89000aa229f75d20add,eb19d12222f6a4a0d4ba5ffbc5236c47b8d2f7c8d56a1ea39b5ec80f63ba07e8,0,validation,
3313,[3313],db5c254fa44b1160b589fce7d57dbc86ff1cce9a23d860320901df7ed6d3e594,478ed7959ad0e6e01c3634f04f200e7b6138af758fc06521a7d3be923c3fca75,0,train,4
3314,[3314],f70136c8c94750260e57e085f7e5004cf290e48c314925e125bd51a62dbe96db,50f79299bbd2ff92f9b1c2af54104872e3517a8d130272689ba5e7630a04ce12,0,validation,
3315,[3315],d24b127725dc7ffd957bda4e9d3ab983f8c378bd008f05f76cbe3a5d11a15f33,4120bb1becfd6db0d1a4a62cabe45191701eec4c590c560a69b4298bec113996,0,test,
3317,[3317],44d2b8a133158a934893740c4000371a1540f9d9c2018c375d21ce78829ed895,575d674fddf3b7ffb4c3bd11cc0a42cd099aba4a3a1f8de602105a50e2a7eddd,0,train,2
3318,[3318],21d8ce57b88492a17a2e39f84cb56481d604aa63c70c8e4de2b1845e457e1b69,dc3f11fd87e89b69b9eb1a271f3c20ef9a5b17e49a732fb6c6bb6e194e69ef16,0,test,
3319,[3319],92c1e6b42b6a51698c5dacbe271e9511bea191ac50c87a92eb3c750fbae3a296,65b348ab8110732c1bc129072073c616b16b4189e2993ac11ce71f4d2bfde334,0,train,4
3320,[3320],f13887592ef7f26a7196b473048192d38d460893bd8470f1a0609cfb2097fce4,79125c178f06ea753339eb2e846a104a67fedbb863ac7330dcb8fc018d34260e,0,test,
3321,[3321],fd0d5be349ffb2f54619583e9b0b84d33c2e250267199156a6d85e90a87bd506,defebac553bac818fd884b93bce02a2838499f3f6c73994d1bb61a7c74c08434,0,test,
3322,[3322],1253be7f8572f510e26f08d7dcf0c6dade98ec9be9ee2be04faafc0be0ded7c9,a722db38b8bdbb870ec777fae44b6ac6216aac7a427b4afdbe4be239f5176a17,0,test,
3323,[3323],050fbba221c6b904685ebace06327d267dc75f5fd5e776411f1eba897a2f545f,d3f66ab71641b3de9ec65986bfe0241d5ef2da63de839d8a4cc50a4084247728,0,train,4
3325,[3325],8936aae9df0352862b0d5008740d454c432d3f0975444f69d4f12a54f2b4e030,d5ebfa18cb0c02d7e937703a9b9349dc96bd026060dba2357663377aa30ad17c,0,train,1
3326,[3326],af031a4b6321abbb53e213b97a0bab6bca40fb73c01efb65b68dbd02c0b7f123,a112dc2eabffd76099a418d0d6a07755b219bd84361bd1a08ae88498b7ddbd3b,0,test,
3327,[3327],86f973056e1ec7b4651b614c868c657263ad576efc9c9cdc2c707f4af4a000bc,6f15914df4de2e1767dc4dcdbd0c0af0575db70909a1812c5b1fd71e8a3f4f28,0,test,
3328,[3328],64520a82d09c78b687ee9789792eaa8c7e12d8522b3a9985da48b99f82c6032a,7746ee645049040c679156f62f9bf973a47e349014a27580d7c6e92ed6c553d5,0,train,3
3329,[3329],403fa9b563de2df1db5bf49c0bec3bd6cc2dca0e681ebb1e4b8e7f8dab1ed13a,21bd0f92a6ff05c76c0c3a0a44f831c1cd5ec44a94066d29684a5184ce81e5c4,0,train,2
3330,[3330],5b16a080a31ebdb97fe944501086392a842f4554fb42bf1f49b1ee44dafeefb8,9b293d071ab5cf430768b6ea6b72dcef1605fa04120c3cc261231d3d5c61d8d2,0,validation,
3331,[3331],19181cd5dac0be49d4ec2730400ff72a47af205ceb0657f8b222cfe3e7088559,65cb24becb1dccdd86c1750bf67de70181187c6f84de69d58fce1b30f94fcd2a,0,train,2
3332,[3332],9dd41851b4587d032da2861aa6ca519e079581158cc8c26c22284f410a1fca3e,bb06bbc0fc0f619f271c02629971dc46ed3bbc7489236be95b6bba273a17a5ba,0,test,
3333,[3333],2ef6e9e1541acf2c2cd147c0bd32371280f58dbb3d7ed14578bc8cb94bb7dbec,b8c412fa663ed27d264e711d47a70f3c8075be968e4d08685e81894cef020c80,0,test,
3334,[3334],4be2d3c1989ab08db59af3f70dcfa8ec150ee0045c50cf8bba5020a9fb3b0148,f493044552146462f19fe18a43d21968fca9fd9dce07a918488aa4dad3fafc67,1,train,3
3335,[3335],b14a2fe33c98566847ef26e0d1e7e63049072dc684aa00d9a5e403d87698eeca,7e5d2353decf7fbc28070d7f77ca1ae9be0aca83e0a16a7655c341c08806f8d9,0,test,
3336,[3336],0a8312fdf23682627377801df2d5fddd45b394d05bc7333ae2858162a408753b,7b564ea7435c98ff9eb7d079f63256dbe4ff023145ae073d0ae61080b5314307,0,test,
3337,[3337],303d0c3b272879db83e6679d41fd4c3d3aa998856ca188cbe0534aa907ec972d,51cc906bfaeb7c392209b75e7af557408570a84da38793187abce21bea9f7715,0,validation,
3338,[3338],bea12f79109e9bda1eed705dff094050b0f678216126a818e2b5b4ee98f2b7e6,e285ca96b9509621a439380a8fa50596c5c62836c21e11fd73bf075c9630701c,0,train,2
3339,[3339],8b02b6ebc9623980f7aa6ee2dc5a5d3ae26479d85179cdc40d2744c009067381,5776f19d641b6f672100582c39b68ad7bc6e79cb3a7c05932a5ed0c61537fd1c,0,train,2
3340,[3340],bc2b17647a7d29dd638f38f07b11c5640044c51249144ead83a504ff98ec499f,a916bb67d5eda43f9165513db9b2140f29560c10bc3f08583eed453f4bedd4ec,0,validation,
3341,[3341],e20e3f3ac0267308a19c5f4ca6150a677b989190de91559dacc4c34aaaaf2b3c,2149ed9150cdf2ac6544a299fc16f4e1b6dd57c2fe2cb91b26de44526b3d3940,0,train,0
3342,"[3342, 3489]",90738219703b803d7d0967da2b69df41dff5b30d79a139827af1f767ae1106e3,2dc08cf11e3a320396beca1f26358120d2c6a57b686cc4331d7bb04a7907efb2,0,train,1
3343,[3343],2f2d21a5c63737fafee2c598cbd2701d5c7274197fb7ccf0508ec0d874b0be01,ab8943123ea8307ae6348bc35fe3713a641c9ab4f7763608fed57f9b3547cd0a,0,validation,
3344,[3344],043d4550c42ca7584a372654007159fa6987674f947816d3f83c62cb8b71bf89,77f1ec3f67717ff4b053f6b2023e63927ce75100a44e1353689ed935359ae132,0,train,3
3345,[3345],d078771adb0bd744808e7eda9c7760af76e5a663c9661dcc57ad2dff189e147f,f5d1a38dc560820482c5168d74e4da951994d00b8fd5ea0cd1db6196689e68c2,0,test,
3346,"[3346, 4803]",20a29b2e7606f0fc68a8ad74d246cdfb39cf928c5533b3bc78c2423f2b46de80,f3dc8236a3cc89fc992193fbee724a1231a4bed01e3cabd1b00f15f15002b708,0,train,3
3347,[3347],07cc68417456330216324b7468f514193447c30663e9eb4d75294110518528f1,8f1d492d5451d0413e00875ced58e337ef8040d3fd258703c404de9a9fcdb94f,0,train,2
3348,[3348],a6d0b22ecd92736d51ba9ffcde444ce9450ff445595373b09f7ea3942a97f5f2,9c20d51f6a70726c7019cfecc76c87918df30abfc9d85a07bf749581e1e69ff6,0,train,2
3350,[3350],0b6c7f4f73d7cd9fdad0a17aa0d2df7cadbf0976a691eee98dbf662eae73f87e,ff8f46bf7c589a9d5628e27de19b20222649aeccf03dc359b5388ee6385fca02,0,validation,
3351,[3351],26b30dbb032615728b7b589caeac9424b6fbe7245953543ade2f284aa2f7a859,e9b62f1ec39904ec66b53b1d44de903470a67fe18bc44db8ab5092843895f98c,0,train,0
3352,[3352],b418be9c2c2d283b308f5869b64afd821c79b4414d6837d6c697df50f5c79f0f,73ca2aced0bce3b9c3002cec4118dec1b413644a97f8722687545144a857d015,0,train,0
3353,[3353],855e0f2e813a040d40e0d3adc49d1df8f942d0d0e711b48357869ff2bf260f07,adf628f793db6caff49f4af129b9d20c84590ff3a4cba1fe426a1fc8a8f62b14,0,validation,
3354,[3354],423fd45915ddd3302b08312f65e3c50c057e762a54cf0f6cf809bfa572a6933b,43924f4284008563f77245ebeb187062db6f0c77f20d770669d640dd9457efa6,0,train,0
3355,[3355],748d18a867d8976033e751ce5df58669b7a7b235a7dc399d711417c9daa61290,3aa8cb385e1d016bc6f2f79e6c55242cb1793542d09646018a062991e221afd0,0,train,3
3356,[3356],ea8ec6ad62d8e33cbed15ba25f8b7600e371ad727f05935a111fef954f93b3c9,e2f3e31b5b3af0a5ec0f824e6828056a52034214c3f64deb1070b901ec70c837,0,test,
3357,[3357],026588b63519029e7d2c7ce493034f6bfd812c7120e6e484c1e45ae1f12a01c6,6b0ddee4463b7d6dc6f0add80340b053b8d2853606011ede59806e84d845197d,0,train,0
3358,[3358],038a5d2c82dbd68eadd6c448bd7df089c4c89bcf5e0e01c2057f8753ac0b5f1e,02c9e26363b37b93c974eec6b20aa9d66564d41371db2f6ddb902099339b3cbc,0,train,4
3360,[3360],da9f5112639d31567937f0aeac7924a62752478c72ce73526b2e120d3415bbdc,fef5f3856e9d65df946a336a42a5773b5308382e821d0e02326875caccf4a22d,1,train,4
3361,[3361],90c52e860fae584f9cf847949f3ff5e62c26bdb241f0c4fa0583f9a1185834fd,0bcf907ff3255cd1c69a5c5256475ba780a9d55a2f82e253425ddf99dd4a606b,0,train,1
3362,[3362],3e3a24024c6dc5197ae7b65ae159a9b52f345486dd44e41f75ba6b56f240fe71,a0f6c0d2f161d5b5997d003958d22c70c3e100a180fd252d84cf147c60c0250e,0,train,3
3363,[3363],4e1ffee4d5525229d4af8989182f15767353ec36c6c8cc3fffc595db3477fb79,0a3d9684ba8d55e9e6aee1598929bb6026c8e253e2bd5472cc075e411cd09fe7,0,validation,
3364,[3364],c24e3e48c9aa24a73ab456be8de72fd415805f33c8ceb51820dbef0765875298,de6a94c3a860ea9cea1922f4708a04be35538b24d7feea177ce8016d50f328f1,0,validation,
3365,[3365],4fb8b992c2550ab0759e5b379fc21f0904764a28f0c7cc48d3c2d42ee841bbb3,d3ce2e07475613cc7638e9a9d869f63da5fe7e8f970a6e94932fbd4be9919a10,0,test,
3367,[3367],925aa8a5008e7d8e6eea73ab6479e49b96514bb026260bff74f85d3581ef5bb0,2dc539a6d8c51e3a9452f3a0a08e38061fc812f025105dce6600662844db2c88,0,test,
3368,[3368],cc1944bb1d485ff8e442fa325e75393205c94683f4c65c2273ce038753772c55,59c5250bb92f963c770ff6cefa935b05619df3a9374d073740610160bf141bb6,0,train,0
3369,[3369],5daaa6926e4fd5c68f247e3e7e351d0ed1ad74ea5ac05ec6cc654d20d8a437c2,7a88adbffbeba569c8ae1c8c1a87479ecaa2e5d623b7b83c141e7401a3e50165,0,train,1
3370,[3370],f11584a7fe6deb6c3d965e85fd8526d4eb659242b8b33cb5e78446000eb00061,933aff5af3efb15bdfbff0104cea51343f655cb33bf79cbc30e0d0c5650e88bd,0,test,
3371,[3371],0aaad2701288a1130cb545c391dcb129e4694d9b626e587c09728973b3d568c9,bcc5d7358281242145f77428f1b11197c8299c959c66da6a5af0b9d8e4e11093,0,train,2
3372,"[3372, 4591]",04191cd97c5ad405523361e425302073e9c644b5b27db88cbb6386010cbf4861,98188b498b9db0d6026877674f9c3068e079b77e01a133774bf1bc511bb25d11,0,test,
3373,[3373],3f06cd0a2388f73add77b4a6448715f7b44dcc762fbb885e13626e94c83e7ced,2cf56fcdc7dc6cabdaeff63bb2f7649781c3c262789f59315b78f727fb0baac5,0,train,4
3374,[3374],9fc6359efa01899a94f8cbab90afbfcdb63e1c51aacf28bba3c4ad0dc888fed1,06eab358af628b2a902c62745f7fdedbf1e7ec0c2bcb7017b6ad17590468be83,0,validation,
3375,[3375],dc6ffa98537d38e6df72f9d57a730ea0c8abd6abd9bcc1900b89c0ad187fcfac,622a6e3b0d330dc534e262c09462aad7e0fea57657d4980ee5fcf068458798de,0,test,
3376,[3376],664987a136580cbb2f4046631ef8950ea7f48b1ddd70cbac888691d2a89ab228,54d626e08c1c802b305dad30b7e54a82f102390cc92c7d4db112048935236e9c,0,test,
3377,[3377],55621f3e82dcd0ba4d6aeefe1b38b36447c0dec8c6f5f87cd79418fcfa37c928,9d6a17803f55dbd7db2b8ea29f7ccfb3cf7fb3fb385d06756e17383c60bb54da,0,validation,
3378,[3378],2efcf00a651dfaaca97e9fe20f819cbaba51d73286e99acd80ca346b45e991d7,a586c1fa8f56e6484d789faed2319d48627c4418e12c3bac747e103b1e1e3b19,0,test,
3379,[3379],4a8ec5d655614bb310aabf0f467ade31bcbcd08fa1518e44e1b816909d61470a,a1c5b5678bb5f71cece7d64f519bf396449ea792def833ab8d03a5876213abae,0,test,
3380,[3380],c578d0a99183f13525eb2e957c6b7b3c7141f56d6bf74420d939f4796dc73717,f47e24ca99e27e7a37483c1721a40298d8d384df4579469e3c235d0b9ecf2260,0,train,0
3381,[3381],ddf8e19866162c247353388226ba43c69195d0f43856c5ec91235bddf1993c2f,7e59410e645adaac12359e612d14336a34b32ecbca73b657a8109566b172d2a1,0,validation,
3382,[3382],e70f73d9848d6e8f7619a7bd8e43d449d400d523e397d1860f77e30078cf1350,acd6336c4e48c49791779ebbdd4976b8ba8ab28f45ad0622db267bc88cc2f473,1,train,0
3383,[3383],09742ed3944d0ebd9acdf4dd517f2bdf0f93c52cb4532a9954db3180db500576,94650826eade0836922eaff0e299b273a131223c8f25085f2126fe9554881960,0,train,3
3384,[3384],c6318b4a9f62c71732e6afeb260537897ba6aef82cbe357a3289ae448ac49b31,ce96279bcceb0c615cf044d41c837cd565b235fde3d6c0e6490ae743b73cf9fd,0,test,
3385,[3385],7453d456de364ceacde33b16ca1b22b396a79ea392017cc014aaea8a3569b2f5,e3a7a5a2fc2b3865229deb86a4b06806e191b5514b99ebb18962d58e8576ef22,1,test,
3386,[3386],6e2d78fe32a7a63a2b725a6cafe8323dc5bfb28df9c312e80ee448f8ae99eebe,b0d9a70f17e4969f9cc36dfb961d9e952d07f1d693393bd51a01c51028eab5ed,0,train,1
3387,[3387],efd71396819981e2ff857d97e43a89a12a77d73daae5137035553f8881198c84,e3800e8f40b8a7bb453cc549ae63f7e44779c7a9543ef8a60996d57f8bd949b4,0,train,3
3388,[3388],fb1960bd73e51db18325a964a0ac7faee98bb9a92adf87b9d1d0a0583855f653,03c11c972da8d47a481723b1c888d0dbfab9e3aa5e35f987bedb8b8ec9214617,0,validation,
3389,[3389],014c3cef798fe97ed950aaff97a898413674ddd4ff95695e06265a38983248eb,146c6949e7e0010b1843c65e007e9ac36abbdb8daad467a1298fe87775cfc1ec,0,train,0
3390,[3390],4dedf26230c3278e74c09856bb686e2d43ae66f0af8cec643b889c8de79dfabd,ac1e201af97d249b4543c1c4c38b478d63634b50c1e7ba12b93843677d787abe,0,test,
3391,[3391],e2bca8e71e00d46e73db78898eb4590c62751b1a2dde9d80d39d23401e830414,b2b82c3e3c6bb7f380d931730392f42138bd4d249658cc13630549daeff8f808,1,train,0
3393,[3393],ae2937e916c3d4800e2aa1a9bca388c6f58e3f4bc14154e84bf4bca49942b697,8c3e93af538949c81a94b8c2d155511c240bcb88c6952116b5e8de13b0b5e842,0,validation,
3395,[3395],a63cdef39fb0424d92718043d85c26bebb3e9f73ea9989713eebfb70c7f383f4,d53bddf9f599fff8f9ff459e6c13d29ec6614afe6a8648c1f94fcdb191b524b3,0,test,
3396,[3396],c35dfe158eddd713db45c6553983323277b5345c040468edafe4e862630e5bdb,893ef8cf50c706cb5ac3831a67d787e3a7436b7cf80b9c590c8955ee40c6813a,0,train,4
3397,[3397],a4ddf83c05a6d08b786aeabf73787786727321413fe5c983e749b3e6dad25ebf,23182ebf6cbe0e079f7936ba38ebe5fd9a39fbeb4b2f66ea485fd231a4b085f7,1,test,
3398,[3398],8fbef14595a3b1bab8720ad99c13b6b23eb6b1255c1d143fc334edd81ccc9a97,f73027919325520a522db009bf16a6e55cc65c04ebf48b902fa61f9b2d9c2b52,0,test,
3399,[3399],48709034a5381668f09665f4efe0581c188a21b43912bf248d5f6f42faaf0745,6fc81114718dedb5b27fe8b350fc3f7a272f6dfa5407adc23e9010c571eed26c,0,train,3
3400,[3400],7a3d0f0b259c85f6dd8565b062da93da6f4b52b85bece8d606182186c0269ca5,953aec3bfa939a2229d8481128c3626632ac7420b16cfa71919d333e48e4b4eb,0,validation,
3402,[3402],75f430001edd0df36ff6ba9002c79e1a950ce5ea91d4e3e8cfc46b7775ee27f0,9bce4284dee582a93a7cec2fc08d947e0fc654e48364b1045cfcdb6c93bbc651,0,train,0
3403,[3403],0b6030554d1fe56de68c1a9f273ff54a9d0b97e31fa572cbee070e9a5846eb48,28720a756ddbf85e9a57056c36beaef8b3007e17f89b7ba816bb44a7307fe194,0,validation,
3405,[3405],4c9ae3b3128e420bfe2a25a2748acf1b4c3710c9b5167a5db40f2b33526dc22c,b8b15d1d67892022113a286194b5aae0999e9104cd27b6680b081c1410ef2dc4,0,train,3
3406,[3406],ab2acb7dc7f9f9cab223367375824e5850dd8917810db2dafb41e56ade53e831,1dd9780914116aec2c6d8dac6df7feb30dd216759b032fcda5fe2ecc818e9e7e,0,train,1
3407,[3407],63b9e7b357fed2fd5364762588c830b950230362c221088bda6a0f29dea79461,426f7674004bafae23c221eff1f3ad37d1406e100433b6f4bc6a8b21b8651953,0,test,
3409,[3409],43b0ec6c2d21097448586007973c7b5b93e45a4285d2111861b28018fca92812,ce9165c6e10b7878f44261190ccebabb71949a83d989a619e04bc67ef45f1391,1,train,0
3410,[3410],d5c480d462939f7992e5845ddc3e472d435995296cb4f611faae5df81232299d,63d891ace6ebac1796d40bc804c0288201e6773d1ff6b8a746dacda5d504000a,0,train,3
3411,"[3411, 3610]",3eeecaac5be5bdc229aa5c2def122d9078432e6ad850bee50a68e4e226e473e8,5438c05268728f4445cbabaa2f2cf9527c5a1ecbbc643a94a3275768e29e555d,0,test,
3412,[3412],caff9be2b343e77e494b889315fc53a834486496b70fca6fadc7aa1b6ed2b464,e7eb7bd416b3e3f3c2e8f53811477354c0edc709c3753848cbfc406ca1de8d29,0,validation,
3413,[3413],ec3212791143c6011ded00e377bdcedc721bed1335cef80748be573cb62108bd,fde2114e61aeceb0df007db769b4665a31484251844dc1479c2db3d5e1800887,0,train,0
3414,[3414],02eff70ee168df91945a085b4dc1630b88399322ed773891937983e3b6182aab,3f1815ddd2e75fb139daf039a4b27014ee5d6b1f80aef1fa58b95848d121ca47,0,test,
3415,[3415],8c5d801ec76252f368969ea81e30e5656740f585ae7292a2ec754da655c4ad9a,f0666ccedcc65b3762af7cf9692cfbfdf35a03496d2c52a89fe1b50fb159433e,0,train,1
3417,[3417],a0f3a8f447c0cc458faea1d72472532f950143fca3cc504fc39f3f9a3a62bf6e,1129a2aba1c673f575946a07b2eb9cc5f43ac1baef6db9564490ff1d7a32643f,0,train,3
3418,[3418],6e3c03385424627a27f9dc1385abf664cd36e45be558c9aa0b3e91a160aeef79,ef416691ed4a70703b8810e1ba24c977ba6d1db3e7be0f6727c5ad1685dfd5f4,0,test,
3419,[3419],99b58503ba497f86419b6e282a4f574435861dbabb926f24059433f74f3a093e,98f1c20d8f90b2e3643ead9ddac8bae9ff07c333eaeb66eb931136c0fc7c9804,1,validation,
3420,[3420],17137a4c98a7179a9b18b273ea0fd954610c7cf6f33d7f21de6b2c00c535af3d,e83881672b8770645f535253fb5064abe9698fbfbdd7bf3d24f147e90f14e671,1,validation,
3421,[3421],6efd1ae00a21df2cba95063d5a34e8e51d0044dd7bd234372ce75fc9703eb5ac,9ba0ff028758325b7b20c41af1e940c7a5069a2ce194482dc55cada21e1851c0,1,train,1
3422,[3422],2c102816287a95d3ebcc075cee3de960d8fd560f1f9d66c0603055b190bb486e,135ea2995b4fb5fca6732a5a21feec87a59b109f49070c5b1d88ac7a74f0e2cd,1,test,
3423,[3423],554a259d5cc186c16724a15c85dc2e4fe4b0f873a153f6368435abac4bbb6436,c3611cdbe60ea1f60aef7d2be591053247b55c18739d58bc806bd25ef1bed27e,1,validation,
3424,[3424],0aa2911c6f9a936e307a95e2ec54911d73a2de888ba11efb889d5ea307a00241,824a3a4edd2323184be372a5f2b7ddbc0f1833844f7008c4eba561504fa3dbd7,1,train,3
3425,[3425],12f1cc3ddbe658b69c397fa988d9839610841aa6727c70e1b8f08bb1bc6e8911,0824f86d7e120342fbc58a6bd1f4e0d975c7c9e9845393a23e317c4ac68bbd1c,1,train,3
3426,[3426],b50588e047da3fbe201cf37a904acc663fe430e45694a747f70be15b3705b4b4,b69dd34e5efafe51b5c2467f88936409845a3c1b2935a44ea067cea8c8065ef7,0,train,2
3427,[3427],5a42f299e80d5e4de719ede68a7f2b2d6027910fbd4a05848a581414559c9b69,32ba0036091a16e1a355ebd1f9106feab18aa4868942e0aab79760275a63fad4,0,test,
3428,[3428],d7d715525447d6a66305d2a4f4812cf44b03009def3b30f801513fe020dcc4d4,c37ee94c068f720a2774b07c28ecbc909f3b375387fb6b00d574b39a2f82dc45,0,train,4
3429,[3429],f1e09d00802b451f56ebcc3edd2e78dc3bdf89801f432653a1258416cf11b6c8,09369eaab17362c0c4fb5f5ac08ee67a18df718185bfa831ee7a60c74cb68cd4,0,test,
3430,[3430],980b4e35f5dbbf6114ddf12a53ac86af943afbf2e0ea46561bbb87bc2e096c57,2b99a323ea98b52ef046929c5e0f1d0949be0509770ae68c010d0a09aabf680b,0,validation,
3431,[3431],7316856cc10a76602aaf19137e8cccbfcebb9f310b1aa04012228f929b47d854,1c23ba30d0b267c64d1537c0a5ecd5b0d824dc8e955b6211a83522418a3f63d9,0,train,2
3432,[3432],69be247effaa8e8120b2e6c7283c9be74be444a6cb3952270fa2d20b74cd611b,d0667b416c76aad3926ac6c5253212ab243606137c6726fee4746f1bf69a6975,0,train,0
3433,"[3433, 4746, 5367]",7c0f170b146fb294f2e860df038b8eebf4b6911b88aabe310be0f7b5508b3fb6,0e7690a0f864721ee3fa3e390f117457c5da9283d7f345adee90a083b3f9e97c,1,test,
3434,[3434],b14dd32983d11b8c4f9e7f27df5dd1a294ce12dcba911b72e1bfe3447e24a9ae,f56f0ca4d0113d8ab71f1222f74ad26d196ef9336ab8fc1ee81c71afedcdb8d0,0,train,1
3435,[3435],f5a6ca0bc93004b8c0a89d6ea5bca0ca3cded3bf71c99aba13dea2acb22e3b9c,fc1e68274d4d9134ac4c11f266c9cedb5181fe0e4c99ac1845ebc45eb6e4ad27,0,train,4
3436,[3436],f1c069d68fcb82a9e33aca0f830271d9938ff6e5d87fb7f4a219c8d3da78bb7e,a72de7b759af1263bf7acb5da70b105fa404a363417ede5a6fd2fc602fd0d7d0,0,test,
3437,[3437],9da3219c4c931d1480f491ebbced902540fed6a91f9aa1963fc4ab48035f2171,5b6e2fa98bf9e028b17b10c7872db6c06dc078ee7d36ce20196c16035963df0c,0,validation,
3438,[3438],2ad7dcc7a023a0a5535e45929be0c34ecf4409aeec4f56d7cf6fc5e090fe167f,6c997abfa345a83186abd42392d595b5e4d5cc4f0ad6e42ac72fe71eed512673,0,train,2
3439,[3439],d3058420299568619fc7ab44cf9f1d7668a5e006bf8b1fa611fa7b7b5f7bff59,2ab5026e40d5ced62005bcfc05034250453fadc8aca497092e3551a928899a19,0,train,1
3440,[3440],70d4ab0029a8523eb8b45b9bcda42c912f4988a4725a6d3c0d96538ce998875a,99d8ed74c1b769e28f7a14c31be49638923046e93ab7f02787688e2579375e70,0,train,1
3441,[3441],197abfd542a644fc58fe18dd07c72df547b42a9dcfc649e6ce6a0065c91a2d8f,b0e3536133b909640b58a5f69057dc016bb9344e372c4a6a8db2367eb45fa38f,0,validation,
3442,[3442],c4f82091773386157e83b3307f4af4425ef21ffbc73dd433d4421e5352da35a3,ce5ab71c9ad2b5e13759c8043251e503715c41a49aad9daf975515eac86e0af4,1,train,2
3443,[3443],5645eb60b0943d877c0e33d43a760ba432a2fb51a388b3cfdb500e38b3ee3e6a,fbd829b704c9629e4eb67aa3907fb4b0a750f5bccb8c22eb5c51973b53bc9757,1,train,4
3444,[3444],e041eb8fde28ba66326ff2c234e3caf284d4e9ae577ced147a186029800ad22b,e1ad4d07bb9eea1eb3cb7a4110b282ba49e66e4b7b0b80d9180f1719b0817a02,0,validation,
3445,[3445],53e58b26588f674f4e9556957d1eda186d0ed48cd2ded80ae4370864a9811877,df16a5214241b00739ccb63d722073d9cc7caf2edf45a3b64e904c19b646d920,0,test,
3447,[3447],d4a93082a21d1b05b3abb7a3046b3bc726639e118a0a4b71de7219b60c482cee,7df88f31cecdbe7adcb688da229940c9efe2e561649d7f61879b6e2744869aff,0,test,
3448,[3448],fe0124d15bea6803d3dbabe72cd9d72b4b97f6dda56a9749d5046b6034198c48,e2964693cb25a3f86bd1c29ad5a1e782c8fe7eed82b4a24e976cc3001a327151,0,train,0
3449,[3449],8beb3a605905b96211d7a9ef1324ec830d5b0e3f84173031418c19ee2d5dfef8,0c65d73d29274ed0d7c48a2eb43ad576e08835d39712b7ff8dd2edb4b4b8a645,0,train,3
3450,[3450],18d71dcdf29d5a62df4a9268b4c9a9ef304d91d356c49bf9354051a113914304,9c52973ed7f48c7a50fc8c22b14090dea83a57497992bc1f58ec677ec8319cf2,0,validation,
3451,[3451],1080198f986336db11234aee9f1784b7c28fcaf15dd1d4284997338bb85181d8,9802c99a6d61d35ef4eaa2fa3553d423935f89ab05a5508de28a057a91da327c,0,train,0
3452,[3452],c7235a17e035268464414112a16e8326eb1ea2fbe84b536476b3998773202e47,8692b106dde3d5e3afe25a731ff055ba5ce0b14dc2bc4cb04dfe9395ef11e262,0,validation,
3453,[3453],f3abbe958ffa64497c7bc4d2ea0d618a7bfc45b9356eea8006a1eff5ad5bfc24,3342d24a2986eb11b46c1a9a492ca2bd33871ace0aa629efa78b0b2d433cb9b5,0,test,
3454,[3454],17521d8f4900ab402b228ade55718f3ee6d4a84d65105c2e311d05042d5df0b2,a07737f113ce1f1a71d88b5f796f0a38d4fe371d0a28ef6158372a807e564dc8,0,test,
3456,[3456],e5ecf0b6046b7e4b4552efdeb6803a1e3c26a5b9fdb76937bed7274180878fbd,d391cba182431e330cac30ed3be85705bbf84d1f0d2c1ff64f8edefb57ef724b,0,train,1
3457,[3457],4ffb7644f36cc931d7188644d278b64911308256a76a944d72e918d6a08a9b70,8498bb592032f8e9a93b9b26a98c9c99be8996d0d731d6b21bb965ec67f4a325,0,test,
3459,[3459],7f0c4b7a965d8f140a640aabb55d434df25a2f5a07cb8479b450ec25370ffff8,1d8f0dc568c7d915d98446fb16ee2d2719149807fc775f5ba8dc1a10ab99a6c9,0,test,
3460,[3460],6f1de33433f4b623317de4026efe8ffc01eeb2af8eede87bcb7e742ffeadab0b,9937e05e1433300709d7b88c7a323b7753a94fb6c29e7d2afdb160fd30502c6c,1,train,2
3461,[3461],0eacd97f26049574e0b9d4da38d5f7ad91c5fe274455c26e3413f8fabbaf66db,1d3719cbe6cfe1a34725684a82c0b91ce1857cb832fee705cb79f976cbcaaf74,0,train,2
3462,[3462],6157a4892de6e162070272d9582cb43503dfd197413cb1c39bebd0952d0c1c96,795e2bda5d94d596c6041a1cc8436bd107ffce28679b333f2830728b5c9c2adf,0,train,2
3463,"[3463, 3755]",e0aca6bc2d48b8853784ae86e7f848cbdcab8cdab71a4eda217805dfa0055b41,017e7da7fb9d227ce20330355cdc75f8e180cd08a46c44dd201e13d90c91395b,1,validation,
3464,[3464],c44a8d11f262443028bc7505e73647f583d62ed396fb1ca432f5a2a9410b5ed1,c907d4bc39a99adb3bbf3f8011b6ce03a7585634faecf98fdb1c3a28a8977018,0,test,
3465,[3465],644d9e4829d46b90054e8c57e480a8a3df61971c788a151a797faaab44fa9e34,2c23f72e3ca8f7708ef56ff44251d6107c92512e517ad869ce6cf12ef08c3ff6,0,train,4
3466,[3466],56c656deefff2e5615abad2a829735a9614a5238e7b1a8af7b6b2cca1af7a95d,98b6347acdc02556a3cc4cd07c107912331d3ad2921288637d8962e402a394e6,0,train,4
3467,[3467],70153cbad38d6eaa8f923d44ce22bba12f5513e26c8b27b20408ddd3169590a7,a82f837e37fd30edf46e4f62a5a40b3b14933d9f3c72d487c5ab7cb284aff312,0,validation,
3469,[3469],5273c0dde58704cd7715fbb5b3596d45c37076598fb41bc6cc6441e80a000d78,33f22d004249f3b81c8ce0b3ce73f25d5ac98c5133e1a32f80d5fa08198eeb5b,0,test,
3470,[3470],366c9d9731b05639aa4fe2e54e3c45864006b6c915dbc77f0edd3d9b344c2352,52f01a76d43915d56328245f240defefa96ee9c67c896ccbe4c3a8d76d8c72e7,0,validation,
3472,"[3472, 3586]",99ca2fda0aeb5f54464eb9ab635287afee6cb70cf039e55a38bd558bdcdf28eb,b15fceec73673f69178222aab328f47fbf1805c087958a92259d774cf817c385,0,test,
3473,[3473],078c9a32b1e33da3dac01a72398895817954951167b2e8d9a0334b5756a65f16,1c2cd4a1bf676f7a8a1ea9df48f9b45ad7a43539b908cab6b8733a6fd5ecda33,0,validation,
3474,[3474],a130f2ac9bc80d5ae9517783dcb86e52ba32c38518202b452df03c0633013191,31195aada1b9c94c0414d4e72823fc206f37f847e66743e10f869eefde06e3eb,0,test,
3475,[3475],449a5737d0a42fb870a3cb29fc7e3e6b8ebb0d560f8af31d74f234f72d045b6a,35002d1bddba88cb510eae984eaa371c57f9d1297253125030faca1027807907,0,validation,
3477,[3477],e911606260b31cc99358790c725c97902a62e3e126b082b0aecec245f1d9f9d5,ba3968ccd43a2396cb0345b07653f258eb8e30c96ec7e3a94c7c4b9619c462aa,0,train,2
3478,[3478],31ff37c6090788e7ee12dfa9d0fa4b6d0f721f09b3229c5445fae63cb7df6a89,272e77ec884e7133dc96958cc178ab170063b23b096f7f1b41b8887e4f9be36e,0,train,4
3479,[3479],7be9e7c7168e6cf53b4b6777455fc0c65845e8ed8b82821a73f7ed57c2090c94,44f718853998637665b8f786c644aac1319d7eae492765924d8820f4d4b1c8b4,0,validation,
3480,[3480],b3aff9ca6a04e590a58dbcdcb1353384b754b74cf87f6bf6b3ff0ac08c230c00,32c2a7292d831fa8ad551bd4e9ff00bb851737a87421e6b041bd1fd347061d89,0,train,1
3481,[3481],042bd0031805fc5f59b566993025c7805ed7039c69de78d59bcd87c980812c4e,dd8396d3937c976b9b4b79239a49ab2d9bae084d39207b1705af032c4450d05b,0,test,
3482,[3482],3bc566c2aab5f85ae3df45dcfec6e1b1198a14f5b8e8e4909b629ded35000137,72d1ffca500210018baeb416ae3992787a1973f6463111bb5635441bb47c3e90,0,validation,
3483,[3483],5ff174f92d2ce3ec514b13ad6cf6080620fc9b11ae745d7e53d655ea21f5262b,6997369ea057976f99e04e5dd4b1c09d5862bf993ec6ddf9362a0c012dacdc4c,1,test,
3484,[3484],ded970aa2470b5e35e6a83f7aeba8613773ecdcb3f06530096642e3455464f64,da6113240c2280188adb205589d3f362cdee8f1e85d3145e9787963d283f8fb7,0,train,1
3485,[3485],740c6e9e5c5bbcac2ea97d1155bc7081783de8f75a26c02914060cf710b6fcc6,816047dff5d83c69cd337f3d919f17b8cb8b631fd001e674a0e0c406d002b56b,0,train,1
3487,[3487],5198e3e523670ff41c75bb4a58fa32b7970f452ffb425f64a8554d698bcfc6af,6bd30f4871b0b824b977c8a41165df66d6044e8680925efacf36faff20e3fb1c,0,validation,
3488,[3488],8eee1d3c4ada459008d38b0389a4cc29c2fcdfd1bcb7d5368d103bc7dcc563c0,3bf2fa55f0641ba7d1fe24e6dd7bc91a77118fbdd3d4c2e4d463923c298c0faa,0,train,0
3490,[3490],32204677d9a8f122185a1b71e4fb44d95fefff5b6a08e1a375d35b2c31a333c5,61d009725314479987550654989d5e35822a9d1d782eee385bbd1a5504b2b3d8,0,train,3
3491,[3491],12cdc3cb83bbbb2436c60915bbd7b1e77bbaad8bbd73a63008c9242185eb64be,8b22c8493251ff6ac4d7e21ce4a04703ece99ac9783a6f08b3b6895a9600b17e,0,train,4
3493,[3493],997b30869b824505ae567a847d191a354370e8e2b190fccf39026f2915207843,5a17f89878771256e9e311572a4a3cb9c75cd0fa5202424c76a2ebc3d9088100,0,train,1
3494,[3494],95ad7bab4e148cb6b4f1336d95f632e8e627f5bfd60f17702a007da2c60bf5d6,9d492fc7474429de0185b3e04b00c20a43f16f890230cd37acab98151db55d94,0,train,0
3495,[3495],51ad4fed3084f85c64d87530ba23ac4dc52f7d82457b7e984c8b15dc6799f1d9,f493044552146462f19fe18a43d21968fca9fd9dce07a918488aa4dad3fafc67,1,train,3
3496,"[3496, 4011]",6b092ef5d6317cf05918db4c465f221b9c1c6c1d52193cf43491fece752baae7,0155a5f5330fdec2a346549d0c5aa2e8a1915640f112811b4a4a213eb7f1e1f1,1,train,0
3497,[3497],0e319a6c486adb137a2068a695f985a587237890d20a0fddc1ee9b4e5bbf2378,cd1e268cbc220d5c6e2e9762a293a509abf981720af33d9a82d288b01b7dcb59,0,test,
3498,[3498],16ddc00ad85d9e6a2e3a6a3cc6fe6347259eff6fab29dce3550d4f6ce3c55cab,fee67ddcf4693dda3822f8c58aff1c91f1fb074af1fc1f697fb5df50f0aeda56,0,test,
3499,[3499],1d4b69537aa0c295a7c417fad75c84bca814f30bd41a21f0d259981df3eb185f,d9a25ad29198db091429336087ab7314afc893159d8adb8231b130a82318dfa2,0,test,
3500,[3500],5d42d163a83cffeaa92e1ab043ea790266ab5bf2f3d806c1a8070a8b9bf6edfd,513e8be017c4918f14b4db357d1c9a44f13dc9bfd4caff4efed1ce7a0a308f25,0,train,4
3501,[3501],5390d8f7edcce592abfcfc21ebf56f4da188e8f21c304c0a1e7b2a1be8b83c6f,18e1fa16f5b681badde11f77a498834a5908d20db7bc46f22645bd08b32cb428,1,train,0
3502,[3502],0b6455419ccf62776da70b2c95decd9482d3a8ee147d33818a59e2471b8e1b5c,1e94b4066f79c9fcbe6c7c998586518651881ac2a4c03a7b65365b4f4f95a336,0,validation,
3503,[3503],3d8b40bc13ef8f7df674e1b7937c515754b35f2b59109de313649b49f33d4e45,f0b2968ae7999aba135b480d802f0fafc74488ecfb9b0ff609d699972adc5d21,0,test,
3504,[3504],e26a9cbeb5cad4836e939910f73a22892a9e30a0490cafe610f0fa1075396a16,7dd06df3a52feb80e56306a334b22654f2f1666f040bfbce622b91abc93a56e0,0,train,2
3505,[3505],eaaf3549f0aa76cfe08e58e81d9583af459fc65bf1c008b12ee172a5cfe6bfa0,3c12e79019acd56c15f4b5fe8b2a5f2873a446250db38dd24b22ae84bb0fde6e,0,validation,
3506,[3506],198a214de4436ee332f4687785d9f24b055c1f43af4bd2b58ae71dc0322a30ab,a9d276d50f64753dc214f8c8ebf5e9b49226c387cc31524f4797ce11e99c88f6,0,train,0
3507,[3507],46110b01ac73b72a8df1b8693cea71b6008aff9f41550bc6169032c9109c14fa,44e3203b6708bfeeac2aa6d7f3849bd498a21aaad80d2fcb08cf7ba71ec57b2c,0,test,
3508,[3508],cd9a583a7a5c83a039f668d4c1e10bfce237cec34ae932d764e0df3ca809b741,448c9fe62500ca1e51bb3f55effd6019c4cb1f2d4a180f0ba801134275c896d7,0,train,4
3509,[3509],ae3f36a6d2735bb23608a0fc5e9ab43e0aa4ce22a3a0ac1cd582d7097373621a,923ef369402c00d4cc8b191efc33dcd9d34c9d6b8c021c5a8c729f0c407554c7,0,train,0
3510,[3510],628f5fa1a0946d960a031b0e45912a18084c0b327fd8166232694caf3520e9d8,21055272b89abe0ddb3a278b7d35d3311ae64615c0fe4c3152412ffd4841b539,0,train,0
3511,[3511],f1fe2b87efbd6375ee65eb55d04dfcd0c46e4792fe06bee38b5f6280f2f8e163,ed4f0f0059dab15c2f08b809c1d9b125bb13a7872c04a36d50377e960afb5bf6,0,validation,
3512,[3512],ce175808fb88d22f918205116a3faef16c5ba1b6eac1f336e69ee063ef7d383c,b4e5e817e28f16b1e2cbbd5f8d6e02e9515e36217d1404e4b9c835aa1cbd98b8,0,train,4
3513,[3513],d5267ea8551de1f4c52f1c52e284b2985e0699a0b8f2436dd4008bc791a5ce95,ed887d612acfd02b24303777356682bdce380628cc93747fee272a84e6ae060a,0,train,0
3514,[3514],6c29fd9bf1afb4e0559d03081f3c5f1ecab3f76e837bbc8edfb1c2fd805244d2,5dc50334e3baf827385e19be1aac289e2c701d1d25e9f18e259113074662582c,0,test,
3515,[3515],ee91b73d71d5eb5ad17fdfff47f3844aa30b71ce658955d6939293d1b139b40c,d3689aeebbb70813a3bcbe10d845d1b7221e625b9e5320f662e12f532ddf30b2,0,train,4
3516,[3516],716a3cad674fe80b58f8dd10375539f9b7d89c990e88c3c48c9d9d9b7e2fa11a,7fd1cc107271f5f0a467f529fc55d08a2187ce3b58b3b1e232fd8c952d798dbf,0,train,0
3517,[3517],edfe9c5178172df3342f834a85255c89a55c2bebdac60179b417686ea83d3db9,25b6cf52618b9046f25bb7f9761b820bd2c6b6a45a0182e25214e1f1167a4a4e,0,test,
3518,[3518],690ceaf146f459cfc4034ce72051ef13108d490977050d23d2012d5f3ef2c023,248a9fa4cbec4c5a0e190aab86e9ba20dc1e56b8b48bf4c0ff39fb420b1baf63,0,train,2
3519,[3519],3e989f1e6ea799268b8b84eb7839a997eab680be5ecb639ef0e1697cbeeb133a,ed2de1119cb21b06fbde6cf42eff54c890afc9f324f151dedfc41baaf3863d0a,0,validation,
3520,[3520],48425899fa014d50ab969576bd64fd2b769cc539085b0ae80363efb61278024e,5d4097ff5d36e32248bd78dac095d0f2ced618e3b50d735051b5ee90a8432957,0,train,4
3521,[3521],0086ee951ecd477e3f61be304e729474e49343abd4f4ca400b868b998238764b,4ca1fe2762a24ff3072067ab9d511563a72f01df0e7b1368d30f0a5722155d82,0,train,2
3522,[3522],a7691394a5ef9aa40c4c082debfb5d689ee29798d5adf4ebb0ecf5a5e4da4f27,78286b7aacfbbe1694212599a892ab81a73ea49d9bb51d3765207e5a1e50a09f,0,train,4
3523,[3523],8f5215bc158523182b93b38f9f3326fc6c2bcbaeea4e5f13593557b96a3e419b,c8103137176210aa392895f80676eb8e6411f6ed41eee3ff6d67581c4d39eca6,0,train,0
3524,[3524],50d1cd08831dde04f25f7caf7dd3a4a5115bb51ed80dea4f04cf41cc1725cb1b,4aa20199a787d36d59d0dc3bd8252fb0fd99c0df61ec0f560875b85e5c4baece,0,test,
3525,[3525],3d3b355bb615d6ea9ed7dc751b8d7ed3ea7539c7e2b9acc2c48dcff76a2e5fc5,00d7d8bdf55de75f40253a245bcac377f893e3827e5192684582031abd3d6f87,0,test,
3526,[3526],7e2b5f006a806806fb7a7cbf7986213bb23c2209a31c04f51927fcbbe92041ce,020de32e9773de8fe5ebb2491b6c55905a59ceae7fb5254e53e41a3a7eaae662,0,train,4
3527,[3527],61322d573095cdb6e80d4418f0a758ab658b647399fe123b2150160c84082196,721279772a2e85f9ad45d5cfa06ae4e66f2394c1ce9031e45a48643a1d3dc844,0,train,1
3528,[3528],60fb3053e66e023dfbc5bba08262c6912ebe34e07975268b915ce8540db5eb60,36a737ab354e631927bff5e1164f127160be302d29c665145647d8299490363c,0,train,1
3529,[3529],7dbaaeb5058d328ad4924ebcb885e6e487a5f4da2c05936f900e4663291e4b27,4c85145125160860e202cd62639428106ab88fc03c05c07299de0f9fe0a83317,1,validation,
3530,[3530],9c8b86ae6564a696e987d52ccf4519bffb3a7515c79d43168e9fe5531b5d52eb,a84fb62832669cba70296c60ad121c33fe838fda5bc5afb9f1d637ab19733d69,1,train,3
3531,[3531],e550f1d8f57b1632bae9e1f164f67a166a6a7bea2f11d09393319f0de2aafd7a,b3ae14482c38b4dbbefcf0df58f3a45f963f94eadd7123e5abe4d2211986ce05,0,test,
3532,[3532],cc8b452a1d1613073b11cad735aeb7f0ce80092bd3827d5a59fb90cc303212b5,8e15b308390ac0889e44f84eb0531d0306c17a986a97b90d59ebd343b481fcc2,0,test,
3533,[3533],d8009b86d048b13a58a8186991a863daadae4ecc14170d8f3bcd3e4b779c5b17,48364d3c1c05e6fc834321261c69565ccc727eae7ed5b3b3f6e06f4583400c59,0,train,2
3535,[3535],3304e06a2e944ea87890b3a35faa4e10a453c9d737a372c61401d20a8336f847,8bd56647f55eaaadae2271e78377dd0aba5aef152a916634885ec77ede265ac3,0,train,1
3536,"[3536, 3730, 4233]",6ce4d13b831f2bbdf32aea936a25c6d73b2ed8cf229902c04d432b947501e890,7396a94f9de1ba98be9840464ad72991c64cd4dcce23866ec67db8c89acc65c8,0,test,
3537,[3537],61e19ccaba17ff78f0c1a5268fccf79b362d803c104266ca41ead0bf82dea267,b57c79fdd43c4489bcb63d402f6ef304804d120ed2b8da508be5bc7be405811c,0,validation,
3538,[3538],fe4900217992d30d3e08b2ec2d0624a37452522034dd8b894d4a58f70b805489,53875cf8cc68ed71996af174e2588a6619b9eb93c777c57be9eb868d86f9f784,0,test,
3539,[3539],1a4a8a614a56d7a2c8a704792344efa94f85af8e191627b3310148644a9e03c6,cf7c8f33c0fcc2dca71dc1845d26aed30172c8e791e231bae34ea0a92b36aba9,0,train,4
3540,[3540],7c81363afe598e48fe4bb89ecce03095cc3134e49056a62c86fe08cc8f7b74a5,a1e92385df7017a7399bad29afc2f119db499534feb31de12ad0f6f10568aaec,0,train,2
3541,[3541],d1d83220d455c35690201d2445ab111a81b032cb234fcda92feb8477139cf07f,f9dc1ddd0d9588ceb6b1234c50d3302ec82cd9dec3e9cddb1336530e72df23c4,0,train,3
3542,[3542],ddfcf39bacb084f0f0448ce104332b74da3148d64633e181c0a772d4c7c55fdc,f1cda9baf04ba069fc7df7bb432a1427306860fdfe8ca92246cdc61a0ec52dd3,0,train,2
3543,[3543],2e2d4d715f40da7006d764c2bd3be3b939352edd9228e97b6d2804d0308bc4b6,bf32ef645ace20086268c8dd5727a854439edd49e0be8d40c9d35df6d233a907,0,test,
3544,[3544],c3e1ed39fa3a56729be0aaecd1b53af90b25088f79e8c006c648984a1f190450,251462c3ebbff297a2548f3ca221d50c7894a9976fc276812fd747d1c635eb0c,0,train,1
3545,[3545],ee4453d234c6f5445e5ceef50b2fb3dc2b728730ec62102061e0695bd9538211,d11a58d2efb34a861a697c56eff4a5a501945d172d4b28a65b0f7b3e6481e4f4,0,train,1
3546,[3546],0fec4fb4c5af96fc194a10de93739d49a63f0a0189f03c9b87620b99099d7ded,9b2ed95d90d4455a79bac1e67234343eddc81f9415250e95f0929087a4e2f7ae,0,test,
3547,[3547],49b6bd37c2edbb139680ab3f7942ac3239f4bd99fef2bf3851603cbca1395dce,42032fac94cb49ea6a41e724f6675202eb7cf3cff2eaf8d34b4d13d6849248ef,0,train,1
3548,[3548],f29bd5f51ca6fb60fdc9de3c218acd24f8ef21458601a1897d92a05bd5deaad1,a52b8da5c29daa4b72a58c0f2f95889e60bd85dccf247d844bf46f39456c9e93,1,validation,
3550,[3550],c52b8906fd71827e67bb0a26e20b54204b30757b7b19f8e4d0ff4b63503362f1,22a2a4abf636922ddb39f2c9b4cae4d483e4a5cd8a086056eaec0aae51add93a,0,validation,
3551,[3551],d6f8974cfd802af82a936555e03a0d1eeccc8a61fc219bd7f546303ae2db65b6,4106224f796db7e29f66abe34c7e145a15d7576e688f49cd89d25c6cf65bbfb5,0,train,2
3552,[3552],cacef78f7f4b67923ed219958df0f21aea5d147ba27688ed1adb300bacbb61e9,e2540f4bc129d7a787ae1c194583735d3a84dcf7d06cd3c446bd5114100726d7,0,validation,
3553,[3553],0c9db42a567ec2e584137a795b35b6da034d9624b21d57561a4c2bae4fd3f77a,a380d193346154de27f4cefb004918ac9c77a84564de73fddbc1aa91f478b175,0,test,
3554,[3554],0b4ea26b3b9568a74fd19f3027f65d9e16f01c4e760031af2171bb4979ad25a1,b79c7dd82a69fcee3f3260904dc782e673f046e5deddc81317b3b8458d37ab2f,0,validation,
3555,[3555],69282be2ffb3a88ede7966fd61396c3b81263c493c2ea11aa703007004696bd4,0b161f8ef2aae7af7a82cd69ce80e96a7724d8b7fd38b5e0551c90809fbea95b,0,validation,
3556,[3556],bff88a27a9d621705a63a087e7b17c27e3a226050b7401ad1c8dafed3985e5da,b000dfd4df483c8f594a6afbef0e446c37ac33706500d4450c886cfe40e4cf99,1,train,1
3557,[3557],5b34958d4281c0b969a90e68204308becb5f2cbc515742bc4e8138c1e5f7ad0d,f9a8af78fda696e1be8522d2fc12462fa6ce0a7bd3220a6c648aaed74fd75c89,0,validation,
3558,[3558],ca642f9201c88d90cd02ed53bbd2975c623011048bed316ad7e77a811f175930,ace0d718dc3a785c1c8892173fd619a060b213ab8f9877db8d0ba0634665053d,0,test,
3559,"[3559, 3741]",8400b16107adf78728973c4d73e99b13ebbd4810379b84811d5052ae9acf0dc0,9b05e631df197e2287e7a7e5bae5a927e6381db3cf105e9f299731ef02ed0911,0,train,2
3560,[3560],75fd9666d989270f0fff8e1982b4b293aee6ebe55b752dea1c5e37e06aa337b2,17043e052170497fc73021777aadf885fa9c9f0013cf5b31e30af11efef645aa,1,train,0
3561,[3561],c90ca6f52469bf79e3797baed448a1fd2f71eba2698ccee925dc9024c0f69ca0,2d6c5fe242cc4f5494f985a786a2c6b34244354c097216ac35bc8adb5b449338,0,train,1
3562,[3562],c8b261c402f5ae64fafc66e4c1533e7d9fb03c1bf60a14b5b429971f4545497a,1a442eae99befd343732970651b08c452b09e1336a7e626b6479e97382b29eae,1,validation,
3563,"[3563, 3628]",a3b3499d69ae350c4400096ab10369f69516d728043a0dbac2409372019068c1,c2cf9fcfe4dfb1369a004d3ff5698170e9c53de349992099cb776e47f704b4a6,0,validation,
3564,[3564],76369594478575133b413572a2212c412b07f9cb7e691d4b3d26dda3cf1b0a4a,21f93261a7e73c73aae0dc40af4f736e6aa39cfd166602676ff0acd3270eec58,1,train,1
3565,[3565],2687a7a96ced4875373f1c61c324c67a0ee864ac52179dfe986814f67267deaf,642c4abb213467d8d2f7643d2c38e1f4b82349c5adf7508733db68e69bb77448,0,validation,
3566,[3566],a64f6bff8711d95082eca6627e74e7c233d280de2e29e0ba2f08bba4ac644d87,70be717756d3bd0250d10059a66b7d4d80808e4bdff42525d474a9242a9b579a,0,train,0
3567,[3567],43ca8a806b43c274c70faad34e00e672e621e4203a54b528bba09e9d53b83051,732caf8e79d42e0eac99ac341351a18f412e66b0f9e5a9d4e9f9597aa6628d0a,0,validation,
3568,[3568],b3dc1ea615bc76e7560cceb72640c8288513c9bf53d5fc592dc8831306c6319d,f7fb3e11c437976b48e70a288b25020a5cc603386f3d044e042d3012704ad886,1,train,2
3569,[3569],5b51a7ff9d87e6d1346b9795ffd7c509cac762c0ac58160ab988fffe96f4f134,d3205338c5f3a9607909a55d35387f134e227f2375efa841d0beee1f4c54b227,0,test,
3570,[3570],60b1e09abf534d8c350defb060da84ba973c426e3c677062509cdc1faa9c40d0,b8d1d273d9a103e6aafbd0ae7d306dff6d31defce13da4b286d60f0589dd5ddc,0,test,
3571,[3571],73a5890e6198c12fcb02099ddbd9a90fee807339bcaca41037fd618137a14350,3fb3745dbebdedd248578d43e96d256d59187cf4b082a92629be477b723e3a11,1,train,0
3572,[3572],8813967938463727e2d2d312940c181c35750b8ee0d77f780736f8d1a1914cec,76c29d4661ec9f8a7aaaad371c0006c8d07ee39c50d9b32e82276199922063e0,0,train,4
3573,[3573],2c3ff623f6dc9c980ce40958571f8f614223a6b4d48ad1a06d3dee3b8ec6ffe6,83f0e0b8367f32f216e6c828c0188430085ea4bff2fae7d3308c042b0dc8a3a2,0,test,
3574,"[3574, 5037]",4bff5bfcaee500ac1b2d3357f908252a652b2e1ddba4a2055c05a085ecc29022,4ba695d9cac187385bb91bab9bb6eb77411a7e73ef89fcb8c12a9704fa028810,1,train,3
3575,[3575],409cfa3486d84e3ae35f3cdc28d67a474550b68d49dcb2e210a1967adefacb2a,536c14fdd8d8947926e97502e685f561ad734d3b73326c6bc32a68a2f6b34f18,0,validation,
3576,[3576],9e5bfcbf9a8ce289c865575f9d63be919c1ed8d8fa927b4f3f576775645f0f73,c2926ad18d1a6fa12c95a5b553b3e37d84cc5152da149750df73f57e9518e519,0,validation,
3577,"[3577, 5110]",37c14d8b155a6f6b6adaa434518e8498df92f1bf162b7a1f1b66ddc3fee92fef,2913dc435eab99dcc32a68f366b39b4c249e6cced3cafd67f31ab5ee83ead9b8,0,train,1
3578,[3578],ead9b60a9f3cd320f1103e584b02920d78afdef8cf5ca6fca889b3aac74be024,a6706f08671cf16721e4552e6575d99f40afbaee9dcf4ddae4ea0b7f4f921125,0,train,3
3579,[3579],8b4ea83527836018d9226613f966c677345080e49dde02a39718bbab39f35b4a,986f3d1230eabdc6b62760ef8d5bc6a571435238810e1ccbe31791ff34501bad,0,test,
3580,[3580],32c21e1f04e35bf5f27e162e67d3cf28b2c80cb3c193075d380aec4c50a43122,e2bcfccf4ec59fb1f52c420bb7b8714675f749e9b3479ad6ce3cff423db17bd5,0,train,0
3581,[3581],2db8048de6dd96599f63adf0bff9d52e3fa710d3aa3e91123979603e1eb07810,ecc7a4254907a1bd04018b64c89654067dcb692c16f9d52880a3bd34f4164bbe,0,train,2
3582,[3582],cbe55fc0829b9ab941b45b6945805776a5dc7cf691f71c8b60ed74d180ad4a64,c4ddf5324c2d92766b592ef5522a2ae10c882a55de8a532fb1f1a6ec7df35258,0,train,2
3583,[3583],ec3c383832204586d3664e19c1334a0c82072e3443d837ba4148ae7381e840cd,ca6e09f9c27c4cc75f42000ccc00926c6cfc97a30a0d55f4f46e70ff0e57311b,0,train,2
3584,[3584],bf238f684839a5de85dd8e0fbcf0914f925b233897575320774a5309e7cb3a70,079dfe63e81cb57224bde3660b46e482a690be3ae271ff7e246f0f912d472078,0,validation,
3587,[3587],671a5de4c29af2ebf8b730a63f7981147c89c2b322646cab05c83d922578fef0,073309c2e0aefdc89fe4aa214af5048b71f4754108eb173213ec3b8149d131b1,1,train,1
3588,[3588],4cae800182793de0fcb71e3a2d444a45cbc987a542dddbfca4b23df58cfb4079,630b681389cf471c4d00588d5b8d80918a65197cf222d584f677c9cb0918a447,0,train,4
3589,[3589],4c0acdc4cfcccd1ddecb1f89df7543d2993142ff6225d9d67f117df6db6b2bb9,d1fea3e0057e8267ccf615a1bb488c253727acd4ac8bbbd2f3f2d0e52016dd98,0,train,4
3590,[3590],d9f181eb7eb6cd5c08e8bd95c91f39d75ee9e0d9c4d9aa64b304ea90ed935fbe,61466404b7a94796e8856651f41872dc3aac22470d25bc6dad617dc14b7d8104,0,train,4
3591,"[3591, 4848]",51d22dba51f82d2e77eac69ca2ae11b9cc9f279b6c9ab230b51f2e0dc706b92e,5275307895e25987fcc34075369de2b1d5ff8b7217823bc17d0567e212121fa2,0,test,
3592,[3592],63420d46f8ed040682a65ccc6e04ece30d543ce2ef8f667d4991bf08336abf4c,aeaec858528da7496be5271a69a9f7f4cb0348da36d7c04f92077c2f05053258,0,train,2
3593,[3593],e6a9f9a2fb9072fec5608194c40e9a2a3d343ba2ee53d5df78d4c3042c3e1b62,751e45aa9e553a0651baa0c402558a6db1d69ac3d6d960bde510cc6fb58f610e,0,validation,
3595,[3595],07c526d608c016021679c7cce3c89351f64d98e5fea08a5a45d6250a0a54e9d7,6233deeb61a8443fc687528fe6a436e72d2af2af9ac6545ddbc81e24ac868da9,1,train,4
3596,[3596],ab74172e76e3b7c88d205b472aaba0e246b85eed4e23a37ea0d609b1601cbbda,044dffbf170c6c2096038879a24fa30e8d59639320746a9ce0c51fdbdfb8f862,0,test,
3597,[3597],3b8f156a0cb4096c2ac7782fc400607e090d2a4f2d7f0cc83d35e8694a9aa5b6,f78836ffc681d177db1aca88f0778c78681c1ce1cefc3745f748409eeeb1086b,0,train,4
3598,[3598],e819ba73551135c55f7a69d8776813933a1bd8b8041a910674e753b20d024bef,1db2309dda5a6ab394a17c7603ee727dc6d58dfbd13356902db794fbf4529cca,1,test,
3599,[3599],ee3b09f15a646fa079335e68a4103f242c54362edf2c52f37b84bd03304ecde7,53feb053ec19fe3a778030422896ba1e7c551eadbba9697b8ae0470c18e32ad0,0,train,2
3600,[3600],7020ac68c21ceb788cbbf305d2dcd5db01800f7af2b2ec74fbb4f3d782c3458a,8061ee5f9b77b555c22a3fb63263ec82d93a71f8deeea4be780ccc73c00c7344,0,train,0
3601,[3601],8bd4ddb6e9140baf4b08eac4b0b14daf07230212d54e5785792f1a634ba64e1f,e7f12251a83971d94e2651e098e78ad8ff2e6d2ce301d4d59520e332658eddf4,0,validation,
3602,[3602],f82dfcb5fedad82860d46f9408e2fa6321440568816c49da4b8eb8ef11253283,1c019ce041905d1b976a5ec165d226e57ab6e62cc0e805b1e7c5854481a87199,0,validation,
3603,[3603],76ac46570a470881613928025ef532dd46fd96cef5118f93d1defa3c794c29a5,2429f7466c5c2e4a8cda040e1f9284ccab487471cb2f3e2248f9138a42573a72,0,test,
3604,[3604],72e1f1bb14eb6bf9ddca331b0fc02a1a583787bacdda644df1246c6e57500e58,5d4761060011a0c2f6ff2e18038f281583b4029e197888128634139d0ffb134d,0,train,2
3605,[3605],3d5b73b874235bec64a785d822bef9916a9746b736b04d31fd653d9f4a6c4d2a,d5cebb019065cb45e7700fbb8443bf80e410e552aedeb4e155539089d0a7890b,0,train,4
3606,[3606],ea1a2bfcc3b3a6a30cd1a3715ebe0d6f381e1f7c6a241498f402cd09c615ab50,183f418b9f2e1c06eeff5113021dc7e1124940f5cb544f36005e0aabb5a42015,0,test,
3607,[3607],ee21825d98d2c1e176339baaf6710b949e095b9c590315890695af88136d21e7,ee74e3c4365791eb191d51e0072694bb93028c37074f88228cedde16f4ba61b3,0,test,
3608,[3608],1c0aeb017959f12443a0bda019dcf6728fd785e483cd93358765418649738e43,f60138878f65f2fb4448de15c263723b4484b28d1d300f83e19fe9a4e7848ca9,0,test,
3609,[3609],51a2ca30c75847e67c4b3f215d9c99d2b85ecc1bcbf1a76ba4e69912b4ca968b,f56f8efaf58b9aa7baaed7f837eaa06cf87f5a0df897451af20bb8ddc60553ac,0,train,1
3611,[3611],5ca9ab73433159c4329661ad69e35720f8767ff92b78fe515159ce925b980557,3232d8dc99909a3120e88cac9f9bcfe92c87f4ed508a159f0570612adc2cb431,0,train,4
3612,[3612],af538e6947337effb9bbe996e3df3fdc84b122967309aa6a173b457c12196369,6980c905fcac8af4f89649cb1e8778f35de53d558ec102bdf67ecfc7232225ce,0,validation,
3613,[3613],ba0ca93a169aab6c104d456f611ab3888824b841a50b3d52aeeb03fc95d2ad9b,e520ecf918b637bdf264a72fbcbc4f393a01a801275cba4a3ca90a11d0260f65,0,train,0
3614,[3614],9b16354739fad131f0cdca1a7114c30a535888f057879f5d8ea702fdc7484251,096e7dbb91cde1ad43575dc69b8fb76e0507bd19d3d4755cc4240c6d3bfd6397,0,test,
3615,[3615],f51d94a637fd80c85ad7f3111181f14fc82f1c18fd445e1c774581b7d0b4d9ea,1a43add2b5d2dd0e5f2cd322defc3da65eeb217026f0009751a626474782cce2,0,test,
3616,[3616],5baecbc9482064172bfade2ced7877398f555c3e72c21dd1f484544a0e1da4f5,0f028b15c7592641cd936a06399764d6a5f7faff754b673bd85fe5cda45feb6d,0,train,4
3617,[3617],4d7a66b4c04648247c03ff195cfebc6e7dc45d7910c8cca58aad7fbfb8883bca,cbff6339bd07fc75d4fa7a5c0d2be0db7d0293a37dedac533da0acb66fd35612,0,train,3
3618,[3618],bfa331a2cba114e878b11d706cb38365ca026e5a25c2dbc436ce8177d8965a88,cad7d8809aa766835de8cded456d7b928fcc319695e8d61b308a3e9811f2abfe,0,validation,
3619,[3619],4781a3bc721d655a080742288b4a6dcd1b58ee396b6b049edb2db8c87d64fad1,2cd84f983064400156b31f9c1ea7de35fddea75dc2e27419d285a49c90281d09,0,train,1
3620,[3620],a6d4f0b1e3436f37b0511dd1768f5729a3bfea3ff5e8fe8abe6bbc5be3484c32,e660d58b805c3e1a6c8f4bde18c75ea62d7ba809efa09ba9a84d0b7964ad8752,1,validation,
3621,[3621],594f131eb8af14f936b1fabd8bf5e7cccf3301ccb34989e787db003625a0ba87,c4d156f52e83b663a45766794e44377835f518ac110bd86d7db67a6db7f745f8,0,validation,
3622,[3622],93354c23aed99c0eaf7451b89c49e9392c1a0c5b22fec84baf2dfe978951a3f8,cf568fae125da68ca98303d5cdc3ba4e9cee06fd8f4d8bc9fd701597da2dd02f,0,train,3
3623,[3623],293296a06bc8208471d85a3b127ef666ea4ed765d3c861ddfd94b58e64f08f4d,c3cf31bbdd27ff21b376f87eb0b9f156ae59be9c88978d5117112bd97fdb5399,0,train,4
3624,[3624],a310f34695e5b65993b76a88a5650479c1c93683340ff84151689e377a3bfaa1,fd1a20b920442645b3cfb2ee91c137968635ca0ebc86abd4cf6ab5e2368a9eb6,0,test,
3626,[3626],c3a9642d39479fbb120049bb6b3c1e6abeec4db44b45d52798f3baf772126e0d,edf255188ea6fdf344f2164868c88aa6ecf1cf1a88328a9e0f09e9e9b4482530,0,test,
3627,[3627],1a1a3fe0036af3ad27a1775904643056d5414cf12b1ef3f621917aea1589c69d,5e75f2767eff1a40edf0a06fa7997b187c40c11ba9cb9d1b8a0b7812c1039476,0,train,4
3630,[3630],5614e24db7b251a9944f0d6b8702986813086b0ffc5dc7e8e206bab5f0390216,2156ac3b82f85ba69e0833e23f138773016be66d83662df00ac7900d45fb8600,0,train,2
3631,"[3631, 5316]",83bdfc5bfdb4aed9b8f65106881783eeef94cff776d1b820907dfeac35d2665d,897a5e23cc44ee9526ed4bea5db708b2087aa2c3da6dcfc48def073e643684ca,1,train,2
3632,[3632],3c852f6fb70f0adb82b4f411ea5efbd1b246f764eac35ad3f93dd0ebe455d6a8,23b5372d13fa5de0d1f8a0d7a69460dc199d47b263fc80dd08b7f2cdedadfab2,0,train,3
3633,[3633],ab9c4b12b274e98e7cb03aa3f3b30a7f97e8fc4070828c7fce8117a807d4ce80,39894bcad8fd9c226f7c5ac8bf27d9d1320fa4e68c907613d3d4b124de28d0c2,0,train,4
3634,[3634],ec92c047fc819646ee9e94f6532dfee4fec74a04a030f6888f414e4bf42165b3,c667a783cdde0d57a945f7c084add0773702650d1cc1429f84b47928a5d2fb22,0,validation,
3635,[3635],44e7183b45a196017fa4a64b80e70164d76e0917b3863631ff6d3fc24e547e7d,489bd6893f9252af5619db60f3528c2e64c4ce0e8842b2165063277a2e57b41d,0,test,
3636,[3636],a020310c792a516214644797458c28eaca1c1d635d3e933d475a753a39881417,c6990debcf689da6edf50b590d5fb0deb751336f07bee185eb7e5c3092140080,0,train,1
3637,[3637],1e0fe15d28d46910e6f0152a3047581aa546d27f2c1088e35363d70a45fcabb1,6e04bd164883098b9c236b40a84e6977402e71ce979efc29ec0adc9ccb35121c,0,validation,
3638,[3638],7cfbb2a3dfa6697149d8374a3bca05b048cc2c96c84830f42923cdb94180814c,1005c394e0bfa9bd2b5bfde054680292aedf3e7a8e32e5c2212583039686465c,0,train,2
3639,[3639],67b7714bfd72661a19220b14972d5936079d8391c5f2e14b6023504cb16c04cb,ed549358fd205f41356593627bc8c5c0e7c410bd4464d6a69de689b3b34a87b9,1,train,3
3640,[3640],2d73041864571bfff037a4d2a547d936c9005ce5dac68a76c2647c4f34ea192f,8725ba0c419b4b523dafa40b08d526bec7a7f7aafd89f00763dd47bdfcffd9bf,0,train,3
3641,[3641],9092fd9dc52f3b8ee9f7e0b6aba1aa0cffff4b252700e594087165dcb1abadc6,f5a3a22b42a56ba817edec1151c0b1a796a576324d794a99e859e6f276cc474d,0,train,2
3642,[3642],008501c3a03fd43e85b8c2495a8a5f5f3f2e90a50267abdb4932859bffe21823,94e2e5bbaf95bead1dd9bb468827d82924af6f4878bac48dc97ae6567c809457,1,train,4
3643,[3643],a2d723b1bde0e0728c584498aa5d4ab792ed57830b1829623c75ff475dabae11,348260ad4f387e8d044e5feeec94792e2af2f0f8de37f3608707dafce1cc6c91,0,train,3
3644,[3644],73226ebc5b46485426229c381e0ff09f696e0925e10bb6fec52f69d98d9492ae,fe4513d019f6e3f25f8d184ad3803ed18aad42d195b79855d75e12e9be50709e,0,validation,
3645,[3645],4cbd692f63ec3e6aaa8d1fe849a8dceffa92e1e99a8903174834c10901067443,6c64dbc3d62260697342c10c0f0128bcf1ed4b4476a507122b5b68937427a408,0,train,1
3646,[3646],d7a1234a74b09da3c72133aa646972d07feb34aa74b24052adc04a085ccafe5f,60cb692afc9112f246034418ba1d4e25761bc4ede1b7659ae2d934fbc7363572,1,train,0
3647,[3647],d82df0a0ca16770677308b6cb50ccfef5729c6ebcd522ab045ecfe14e2d1ec68,a317d151c458d8d5f2553bc409c21689799b7c82056be759c5861aec61d82b16,0,train,1
3648,[3648],d365c275fa6de91be0f84c0d29b90132dc653bc08bb22f6f0f10c1ad933cbc43,6bf12688ce7c4a88826b97014ccd18ea4cf037ffb7e324dae50a9dbe6df926a7,0,train,0
3650,[3650],161cbef3a90e096471f00e1e8148f9804fac02d1ec552a8762abc60b7a25637e,e28fa2cd0ba6771e3b12ec6cf0f1081bd89273bc927c5d4c4aa63ec2e280e9c3,0,test,
3651,[3651],15f44abd3fd2cef36eb0956b1583690b94c9d0273c4a1c3f938c8ff2bedb1c8c,b3f05c124cf57899ad07b0eb6d50e72ca4d10f02937fa216d734cf4863ab14d9,0,train,3
3652,[3652],4cacf72d9fece528974a9b9bad2c77ac11265baa114fc98a8faf01411c5419bf,40b55f86188c14f0cf52d13e3ad28301aed596af8a62fa632ea4931f00d44ead,0,test,
3653,[3653],8033554e0cbcb7ff0a775743279f7dfd4845f35e5ebde2b985d769b7473fa731,344d3c34617def357be37acd30a38a3cc77b86f39e1c7375881b2ecf0949cff4,0,validation,
3654,[3654],fca765ba3b752b92bbf4a1d10296d40f0fde9ea5898e1d73791e0cf99490b6d1,0e09f8c5381392fbfd253173e3f1ec52a904f577a6096e001cc082fd372ed3e5,0,validation,
3655,[3655],5e82c082b11264e23c9626fae21dcf5520a672ac7fc8842a469d02f296881f1f,8feb16a4d229229c57767d9ece51bb5cec55985df5adff13adb514c7564abd77,0,validation,
3656,[3656],25c8a9a14090625384b4184378c715557ed117293610d7614bed2f7125776390,bc7417fdc1c6d2dc3481636e1f8c4630b463e87d1f26d807c3be1442adf2cb89,0,test,
3657,[3657],9f5f41825809283cbc4116d2bb64e8681d8cf4ce95a0712240d2cd7de7b5def5,38c48e0fe60659a9b89edfe3ccd50ed64749c14605d5f96fcae421c2c2345e40,0,validation,
3658,[3658],154accd9efaef48f12f4fbcf3c4a43e432309e63f9b2fca44974cce41d38ce63,1baea3b2614d1d6e7630f5351a03673bdf1a10fa7fb8478a5e514bac95320bef,0,train,3
3659,[3659],b21c82023b7ce859576e054abfe667e7c0ea7e893ba63b1f43da478f98a76db1,65044ab3b69d3d88dc4f8a296041d9b128029b36129582aced71341202205477,0,train,4
3660,[3660],6f2552f8be7e208fcc92df188bf14623ae0498f8a4dbb4bd69343467fc4859b9,7dd6f2383f40c5f984e7399b3a068b0a2da66d7b074e6faf8a08b73dc1af0ab6,0,train,4
3661,"[3661, 5208]",5a1e086c8f60390c1870d148d84643c1fe4844eb9d41211e1005ebb740780430,e76daffa27784e95badc82efe6ab481e9423fc988936a9d49cdc59a4e9c207a3,0,train,0
3662,[3662],8b690ab98a9220259626711dbbd38bc7de31778e964ccca9cf669e946e34b370,107f1b33ae1a63945e10e3e647e078168aff979ae8639d210ce6c2983c924ed1,0,test,
3663,[3663],c73c640910e5c0bcb9a4d9fb031e477ea89dca0b09e8a93be3f8cf3288e18e17,dccf8317a7c201e4b528e47a32db5fe9236a96bf23471aac1edbbc5006ec7ae4,0,test,
3664,[3664],0d43f3f8450c0b0523e3fa211ba7a7a5ab9324e0f10a97479932c23135a5b2f4,cea057d316455a24eb0a4059e370a95ae61f58fb22e3d583493986b1b36a9d46,0,train,3
3665,[3665],c0dc11ee6e57f9abc5d5436555d66110348b6ca04f39fa3285ecd1be94112ca8,907b8bf1723d72f0b4fa54dada9554321a08bdcfae314e6b4316b812cfd1c418,0,train,1
3666,[3666],e7447fe6f9085a92d9fa950ddd7eaffc1c37c639e3c729b2de5218ee52c1f4cf,3d5bd7fd5302b7a452d0cfddff76fc1320ba3def649b621bbf60e06aa77c5e7e,0,test,
3667,[3667],a0999883aef1b3d6873d228e43b1b70ed641042b955489262ca981152b2e0753,df5ea34f28b4dfcd869bddd09fd188840b2636fe5ccaa6209c51574b3cc355bd,0,train,3
3668,[3668],efeacfedaf18d5d99824d989e7d520bb62dbc6d1b9cd4ea416f5ae4499a81121,cd22eedb991f9e118362c2091ec4783d727e5953719b2c2e2d82b11cd23149c1,0,train,4
3669,[3669],a01198e68a1f7646b9d1efeb16d55bc68c9761003322b08bb1ad0bca1ddd632c,48ee88ff061091d70117b175f0482146c6cd79fc56a3ca95030b51531f23f849,0,train,3
3670,[3670],85c214bd2be780c50a46f5a15848c0527d7157fc38902a36b8b83fc13d618412,18e15249d07a8852dce719a2be6c78bfe1ad754b183a1700b38225d8014d0b4e,0,train,0
3671,[3671],77b463a208273e15cd5bb7d93a77fa20a6dbb63df895a6b0e8c2357bad950465,f99677fa529d52e4cc6826c4a6d867758c7b1fbaadfa167e5b2c13cd7bbdd08c,0,train,1
3672,[3672],523b414965dfedcc34aea06dbc8c88eb15d9d5263ef41dd36dd70731e5cd671d,f19f51859996057a3645bdd4085c3d092c11dc168dc505c1f4d292cb8d72c79e,0,train,2
3673,[3673],d2210ed9c24bc75145ee5d29c120005592c115d465a5b7a9d530871ee6c325a1,21e1b74a3c4b313487ccd7b007fad551e58dbd35fc9b4f416b96cf529ad61070,0,validation,
3674,[3674],f5620263308edd5d582bf7468bfb4d3e0c36d236bc306dc80c966a5cbe20193f,32fe4a67c69e7cc7d186d0863363c864f7e4d9202c57f67f256782ac5c07139b,0,validation,
3676,[3676],a24da5dd29cc5c9d938a11ddee5e1ef7d14783036ab8b5eff127dc900a2ebd30,2bea45de0ab32e299f2419c74d4e3172a88495f10b74d114850562519157855b,0,test,
3677,[3677],a1ce3468cece10098e63a623068fb29cf02ba727b1a1f073418fee62cf6d3eaa,d719e3fe546103514fdd9ec89ebaa4d73b58a57fa76dcf3cee4d547043ccf909,0,test,
3678,[3678],433a4bcdb994dba1810cd3ffcec20bc5cdce688980199c1e8b96cae7fc198c40,fa925e4ce26cfe06560d68c5ff41b6b6c263ea54cada4e9bad4252210018c15f,0,train,3
3679,[3679],a4cb37e231e8fe0d88ca117a9dedd27644f94fc0043a11dfa370649134f5ac8b,00d610e514beb7c539861a2c4d677d89827cae745a041b1dd4e2b706cef25b1e,1,train,4
3682,[3682],5c453d1ac57e69296ea2883a8cd93031d8350233ac915f8c5d1aaac09319cd09,ade0fc13343c097371cfad627844d8d0065573d7ae3ba837002392b0c1c4d842,0,train,0
3683,[3683],124bf1aefbe34e7a40e290f3b467fba812f1f6ed0cf4503abb478a8b54c83555,511831eba3b50c8b469b619398c7a2d144adb1bd265e9eb49a659c89010f1c6c,0,train,1
3684,[3684],1f2af985432f5084bc6bf75ef33cfdf551ba3b32477e7d371f5ffcd67852588c,db7d9d01ca8942921078a88c69aeaaaa0b60f3864a10fd4f4d178e6467c320e2,0,train,0
3685,[3685],7bcf54cabb9eb03a87d687b8df18ba8120096e8c3b36cf73748d2ce44e856f42,30dddfb8d86674069dc2998dfa77f6058f560c9730938adae91f6d028fdee9b1,0,train,0
3686,[3686],2d8cef6ce47d837a83ac6a58414828a579b89223681721078a4bd92a2df39675,6d2924bb211800f04162057c8ae9fe0b252c399fbd1d45e354c838f1c6bef164,0,train,0
3687,[3687],5be28bf05469e9b1fc724001049e08b1ee83e1f6b112aa96673466882316f3fc,84b0402c298b64f19b5e26a3267e9ec804f3620a790a281adc4edecccd9ca164,0,train,2
3688,[3688],a995c112a36461159a29e1c8efbc6a818af7b6f4dc126247691540d1a4189b86,a9a427b84719b15546b308b9e2b0920e61e8ff1e2c66e134be27b5be2b73af6d,0,validation,
3689,[3689],9718a94f3f359ad8e1a37cc5acf077a86087c8325e621bb0d1fa90900fadaeee,95458bb396e582166d43557f23e91f429c98aac61fdf798e1180ed6c8dc8f38c,0,train,4
3690,[3690],46ec10263b770f26177bf1d578c7bc859d93187fce35d3e10f4ab38849812f2f,d53d9d73e408277451e9459efef3dccac08cbf2e7d95b4effc0fa503e6f4da5a,0,train,0
3691,[3691],1459b43c17b05f94acd421d9717faf065a85a88480d4a085b88f0a93880d92b6,d4f694a9d2f1e55eb0431945d0114ad80e7c5b01119794cf6663eb5f48e0031d,0,train,2
3692,[3692],0a7b03fdb716adafba39472c4782b8ff78e99bab571b222398d0ad2ebe723fb9,95b93a98618bedd079d7398db9cf1bf882215a2470aef4878c8d9c68ceef3adc,0,test,
3694,[3694],b02a6ae78aa8b50969fc5b2b84dfcc8545799dbeafef078d16d1c0894d36f7ad,9c3199b0a444a74cd54532f4328efe93ede401b89099fc2f3e745886215ee452,0,train,3
3695,[3695],4336dcd2ccf561b659eba4d0efb2a6849f1c86af3394b469583781d4fa6d7e15,eddf7e9aaa44814003f2abd477941fe693f2657952ce10771b191fabaea4fc2e,0,train,1
3696,[3696],768fa0b99b2013cd6e308d9ab396ffc19ff53d0421aedce0b282be5dd33439e5,7a0365cee5a16d6b4ec292e0db82c6973ee850f3822ed7ae6c0fb6898cea2ccd,0,train,2
3697,[3697],cea2e05ea39111fe3c811de38df7e17471402c6ebce737c0e9b34427fa8316db,73be361d2ad2cf3cf1459bbd2aab467aae547407f85b6d534367bef0c270a36c,0,train,3
3698,[3698],2719c476efca34eb71669dcfb1c01ece811802f7c6ba0458fb5a136b6bef204c,7276692e6a863b6c0dfe697f18c2c5d5f193dcf345a1474a71e36edba1af6032,1,test,
3699,[3699],4f50288c840084063bc7a56edcd17dfad5fabca8276f89cdacbec148a0b246cc,54492c79bd3c34e6299bd36cb8fad0acb992b5b31206d024263d32de3a71c110,0,validation,
3700,[3700],4bf73355a85d6b3b38fdf1d0d6a3524bfcf056f8dac041e828268d7c89f4406a,f45321c7e33ed0f42fc582145b07ba9ccb20d7d8ce9076744d2b1950ebcbd09a,0,test,
3701,[3701],e12e6bcf0561b1e940f11789de2bdc9774fa69013005968efc9b1909c42186e4,e844c8f11199fac13636d4217ef04f1454f30e57b27b02ce193b72f3dcdf4b8b,0,train,3
3702,[3702],1e27eefa7149439d386e920103572508fff768ca4feba220b6bfcfdc24670001,9d92ae9eee6730e1e7f119cefd8b8747d90c30cf8d969f6f590fccec875c71d0,0,train,0
3703,[3703],3b9ae15197410464fe5f08af5affd3b3fd2be8d578c536cc8ecd383ce71d8ca7,0dbe15fc0714f163b7dd12b1bc10b7fd363c25deea609e5bd4e4638d9bc52af4,0,validation,
3704,[3704],c09f93eda9e7add62b937108b975ac32e096dbc5b9d75876d4f38fe49189c8f3,7b7262e2e7dd54e6aff057e844ca55e709deba16b682864456cb6b4834e5fe38,0,train,4
3705,[3705],c89ffc3c598b30e7e1f07b1c4f43651e2adf66793a97f14784bb5abf96e53eee,8f916d6cbc083adcaa64725eef342931c40138c9188d9bb38787d1e413259f17,0,train,0
3706,[3706],44f3a0ef4a70c42bf1ff2c21332fc90885bacaaaef3202c3d3425cc19a7005c2,f69bcd45e1e5a20725abea75ea527e72ce47c486032624b1bea124364ffb31a5,0,train,1
3707,[3707],8bff8792ed5c3bd94b5dc75c2adc43c17515a1ea4eb783fb6987dfa400a05c4d,d9287e046b2ea2244634da224fce57aa4847bff692c8398863fd2f670596a4ea,0,test,
3708,[3708],522a9f989da918c0538ff50de8a3fdce983c5eecd5624334a3966ca1f1567685,73b656420d92f2c90aa8f83041191ae1ab0976cf7a5645e65c38f96333639233,0,train,0
3711,[3711],483e3cd5b93d7bd28fa2e67fd22498a548c75d41a38ff204473f90b217c18119,12e528fd7087739afa060d08955390590de588f067a6190295d440decb867b13,0,validation,
3712,[3712],863cc798450708aee9ebc8ca7251cbc4e58ff165c164d749dbeead3fd40474a0,f0c269f88ad5ad67db59a5293f2b2dd608dbbeab1095cb928201c8b00304dc4d,0,train,1
3713,[3713],0a68332ccb97bfed416ab40023bdc57aaa0bddfc49b46c8d53a01333348c91a3,0d60a613c59feeb45f946ca3c4677792a64f095db1b7ec6eb0000d12327dbf4a,0,train,4
3714,[3714],ff60bc93868faaa2bbd8c5775bd55907e009fcf223cb5b46545bac89f5838ae2,b12b75fe608d331f0b1a2333b02354fc1be7b49625c766f074811d18d1896e3c,0,train,3
3715,[3715],2204041abef013f3733033572a3c31ff04ac88b27ccc8e92b39747184d9bdb52,78a5baf7d424d5ff4cbe5ee8e7323c8541a09719017a15ba5558cc4ca7a2a019,0,train,3
3716,[3716],d3def287fe559b4ad029ee043c48d1493f465241e7d312ae6f19d4fde32e3b90,3228fb9ca6835c98bbc351d80981a9ba143ec3b8b91cc2f8d49cf720dbf0b839,0,test,
3717,[3717],4033fe2da3db05993103eae99be8d73e3a04c15175efb68eb628e8204f85faad,ffa146da176218de571bd6f616e3085226dfd2656eb5774ef514b16501270013,0,train,0
3718,[3718],b9241627b3dd61bf6e83362f99507f2e38c09afcfbd80e2b6a60ab0a7d288257,fa54a1b427da395d795807830c2cfdd9181cbdae19cd879048fcf1f2dd597419,0,train,4
3719,[3719],647fded9955ff2d64d7a5552a4a624af719e56216507dfee2acf33245b289f58,e14560c3839d6d5e03a3e48ff54aa296f15c0031e6cbc5ef5b772ef4deb3cea9,0,train,1
3720,[3720],f751669e34782e4e884821fa270e8ea1ed1a2f6793515ce4d0c248e3e3ecaa99,46a03d19fefdc910c2c95259a2d17fb8c1ad58df8acc3df65c4bba105c71d794,1,validation,
3721,[3721],ba52fdc05f2dbb99ee28dfe6eaa4bcc89ecb38ee1df7446d10ae5fd4eddf5d12,18b44d82062dc91f9832d1e5208a7626f9e069c9a80fc9e586b2de4cde30ce4a,0,train,4
3722,[3722],d9edcdd7f23f03a77945e85e8c1daab3abf17cfbef15ffac4b1a86b6fe139520,7ef7a72924f8e86b9cfa6db2c2e64e313de92d4e0dffe7dee164c26e43d8f525,0,train,0
3723,[3723],55e73a42f69bb7c4f93ab2f0abb0d410fc3bbc6a42e3fa4917ad04ba38ff8788,0b96351a9f05dd695f06a3088675666608ec8c43cfb20f1c83e656821b1a2a27,0,train,4
3724,[3724],ff6259cc6712b325fef242fdbe5e71a4ec167ee45e55edfbc0bee680c5f5039d,0d7727d031d096d7784e4a8adcbaa0b9e6552117a67ec10f0bd6967fdcfa23c6,0,train,2
3725,[3725],142d7ba5f4e4cc08aff08861de585e97496564c753274bf11f2cdc46219397da,8d4d7be2e2ee470e4169f9cf89ae0415e9d6e534d9505f60e7c822ba2607f518,1,test,
3726,[3726],2edc8be29bac931968730a30600f9af5fac95bd077f5d529ffbc0a8b49beff4e,5cedce05fccef537403aacb166aa2f924171943083f5e20e8293ce7b2f5638b9,0,test,
3727,[3727],f6b2a72d21f66735f34ad089a74f9e1ad65b5ca01a164b80eefb89bf9cca02e1,ee80faa25ec7b553395c28db32ca281d187aa6bee6bacc12f15294360a3d47c6,0,test,
3728,[3728],b6ff8177a6cff9be7e7358b0e2c38d7ef6eaa9dc3f037b6d8c8eb853ade723f7,23cdcbfc975d6ce933d6b6c78fabd0157b20e86471f902dd967165f9084e4426,0,train,1
3729,[3729],42019eb62eefca2c1f5538d40e36aeba1b2337d3f0bf614c0531dcc415c491f7,bd9f5a9df8c41ad14f415febb904097f1dcf8c6081e113ba5bed87180a8a424a,0,validation,
3731,[3731],b982cc830c9cab50bb8b202843e28d9ea25a424e962e541385c59d299e464135,a41d0ad0521cc0fe6f91779c03c21e80d9d508c6dfd708f0990bf479951fcc70,0,validation,
3732,[3732],e8b56d74ea6ee9ce9c659dc2a0287827ba1a8c84e8ac4d12af57eb2099c4644f,3b06dea03a4456ce6d6fac420838c2e5e6ee79dc4c5a99a372d7a47319896f04,0,train,2
3734,[3734],78299caaa23fe335e347c92856f89c4d77ee633f40fc095927f7937a4f0e72fc,c2178af92b210126fd16393949c63b457f198ccd85403048f999e2c7466101d3,0,validation,
3735,[3735],e7c4482560a42e9145fbb20ade804a064141761d4a8804ec0116506b87e5f1e1,933f6cd9a6c040d13b593047d8a5950a31016d2bced0dba67f2e1e9f2b868d10,0,train,1
3736,[3736],cb8de0d8882d3e1dda872cb6ee096ca390cf73ccb571fb2bb5abaa62e478e15b,e1d9dbb06bae3944bc54d4ba8c33aab5f2453f99f5d12b6639e4f8c18acf6062,0,test,
3737,[3737],6475a4384a14beea60a782b081bdeb6b4dabef054d13d14ceed775881bbe7bfc,dabca9d4cb4f24aa75e178d66dbdc7562948a4da01e96aa6e4c6939f385530b1,0,train,4
3738,"[3738, 4222]",f754cacaa8f3df440a7a2580ccee8d9e3c8eb8475563a27deb7c3bdc9f5d7d52,70f80bbd0cede38e12a93322e62687f3457f74edab1e04aa34ae080ba4395893,0,test,
3739,[3739],963ae8e4b186a12fc88cc4afa0ddfaef6c9d196753ee3c1429797105026f33d9,fb725ac16ace6b8c678eaebab852cf13892207d421ffdf0dcc0f85c79eb356a7,0,validation,
3740,[3740],bbd8fc64594e34faf13e25ec1493eb13ffb5d272b4cf009f7451d3467c8718a1,8d545134693c8ca1c069fe7e8e5796d7a7efafc4357c4b860c506e3c34b48e26,0,train,4
3742,[3742],85f4340dd31ce8b9aa0a4032bd839f7fb712b23caa276434627f05b8e5a90eec,ce8d44aabf50575fcc3290029f25ab2416efbdf429c6314058d6395789351afd,1,train,1
3743,[3743],63034695804f82ce20451816d3ca9dc8224254792497863415b140161c6a9c01,301f4eda1f3aad26d2f3e6903232071efe8838aee51c5c403a2a14f61fe8c546,0,test,
3744,[3744],ebb375c9413710712505b3b310784820879d988f505a7d903521b814c735d187,297be68d5e541d4fb3ed32765883b325f80eff952434074ba032bb6c4cf0b614,0,test,
3745,[3745],8f507aebeee5228c1dffb7f406cdf1c677ef133a8206607d2b669647f34a056e,07c79dea86fd1123d8a311f42d07eb1cc116fcd3f3620b87afe6d60c78826a3c,0,validation,
3746,[3746],c2e466c375f84d05f6dd347c2cfb78f8ba8a7b18d57c98bf2eb9b215a5eeaa81,5a591aa84e3761963a3d5c34bc51387d45ea400aac6a71bc45dc4af7ac130e0c,0,validation,
3747,[3747],6168643dde4148ed9115ae42508d3ddcc69c9c599f3584babf6080c9b327a76c,a77055c0f26bb2be93675289bacbc64b5ad42fea5e125231a74c73ae4e63a8b2,0,train,2
3748,[3748],2da4c9db2932f5b296abe95ebb239dade13ced89e7a2c7bdcac4ef88c561377e,6100146b038106ceec2926fc3096c923be74ae68b5f0f14dfb8c8fdd1fc8f4e1,0,train,1
3749,"[3749, 4962]",3a1b28eed21a5b0ecddb842149dacfa0fd3fdf1ef9758dffb03c7ac91743a0d2,bfbbbff7ce93bb3a50faef3d915e116bffbc7f688c3eb1ba962c52f6f4e4a2cf,0,train,2
3750,[3750],4c9ddbd4f3248f620ad7cb45d8088fb89f2c462cef36806110de6e55f0d20ebb,04c4843101b7d7f3a219e9050a60db5f9d6737df960743c3cbc71cadc1ab5ec0,1,validation,
3751,[3751],9cd403debf16b8ae626ac14bae57ab50bc2614970c945e34b471f61cfec70f82,1fbad09909f060c1be63f5e4b1a0f7f1da2508a2600fb1a1cb8047afa44071b6,0,validation,
3752,[3752],8f6b7436b58c31e9a4252ceb2b9ae55977692ea1c47d67c9ec9dfafc0169f34c,511f060f75bb462409241eaa45d74376b110f561d79108fcff44a75f05dcdf9e,0,test,
3753,[3753],a252cbf74a69661250e0cefd22fcbe50588557987e530b9a68af41499d8d7e5d,8e73078270251d71e71f262964818690536436bd3d46fda9069c1e853c99b7bc,0,train,4
3754,[3754],570e5beabf5a9ebbd58f830caba45fd7bee6274d23a69c5ddfd491cc3f9d561d,35c1a9de133a21ce6d16918c4e4d60ef3d4682fc07b80575a457d17b29b84373,0,train,1
3756,[3756],d7e68758b201d1adc4290810551886e876e5cb7fec792244c27d8da672393e20,76884c143ca4be0e7b90d636c0ca2a8eb953636a49af278447bfac37341c4f22,0,train,2
3759,[3759],426176e90af7636559c1955eb2006ca66c9fec24836938756dbd92db3df0c5bf,6a286c88f59c42d04b44d75dc55147df27c9e00a913672760f7995f3097e4f69,0,train,4
3760,[3760],a1beac407e2526fbcc6452961e06646230fafe59f8d0fde972e391957334494f,7e2ac53a5289dc607e4cca1d0f4326e6acb1c5bf6e829e4155b6605e9d7bc547,0,train,0
3761,[3761],882c91f7293f650d2eff0c8511d74ac7412fb6e4b18537eac3fe7ec7ef27cb46,fedfc29fbaeb835240496ac21a0a5c52adc411534181ae1fb792287b3814a60c,0,test,
3762,[3762],8ebb46eeb5d218854371ead2a22a4502396493eabf14fed185107e076a238635,b7725c371d26009ec694f748e6974ec66eff232edd530fba0d63223fb83927de,0,test,
3764,[3764],ee458b5a4a1b38865acf1c45736530321b03f74554004bd7893c9c948c425ff7,93b38162f41ff7b426cdf240d605709fba6e3098343e1cd6368e4b8d507750fb,0,train,0
3765,[3765],b7aa11dd900952a4402c0f21f6ef3c8017d0bdfde272da109c6134ab80fc5454,4321ab7e5e909b3e22ad5134ffb219d0d65432ce660af4b748431c743cd0f7f6,0,train,4
3766,[3766],b6d5f6ea929ea69dfeacad3aa6bece3a512353b68642287c81387feaac76a458,592b996213cb0467e8c842b8f06026bc88aefb3f077e31066df6c45f7e7f866e,1,validation,
3767,[3767],4f5e62b3427882c8d242f7477881a46367b79218c0069b32259b9bab99b9b81f,d1d2b78e55b95963f6534835a150be23046ffd7ade60b5fb2e655cef8be7b053,0,train,3
3768,[3768],71e0dcdf25eacb8b3a4eca88cce5c78eaa9da8bb47efbb872099e9f47297652e,52a2382685871616d4005295d4d51c8cf2fb407292b8d837eeeec24a97e20571,0,train,0
3769,[3769],176806cd8bc69a245c17915eea44e4351af9ec74e7dc4cc7783534793a1435f2,3cae6cbd136021f13eb43ccf6c7b47c2d31d43e658de37b44aaa8ce8b8b13ec3,0,test,
3771,[3771],170e1098bd64b386c3d6eb86ceccc745284157b0721628e17d6e31af88a6603b,519d821b3d78d5fbe0d58e0cc10a3de11c190a6242825612646923413d20bf49,0,train,3
3772,[3772],58cbed47dd9375e73a894017b252cd2ecfe94e0507710eb5ffae0abc2fa4f8f9,b116c8fdd0e4934d7a4be0d36cb7071bc21d68f86dcd4df883222dfdbb227378,0,test,
3773,[3773],fbf7bb98515e317d66d83397ac0b723a43dd8e6f7a9e0dd2790612a8afdf4154,ce3f15e3ada54a52082a8704a0732b7d646c385dad6611138907b93d9135c55c,0,train,3
3774,[3774],fd7b36430b6332031d98bbca06a2bdf49e526fad209295a46027424c46a97d0f,d2116713d400172d7f5aa823f323eb6dbaf219a7e4704e4ca45c5d6f37989364,0,test,
3775,[3775],b7414123ac2aa028b60de9a0c09634d9970c7cc9a88bf35d0ffb0b6ce5bfe283,a291bb3ac2c410621d178a0916a4c27703339b456c923b02472b90f027472a00,0,train,2
3777,[3777],5c2f6a58b2cbea467f07fed82bb8df8cfb85743f38d27b74dc0dab805eafa31f,9948966f08f775f657f26029fb210a7fa1938bff5643bc5274b15c65d9d0a740,0,train,3
3778,"[3778, 4587]",ddde541ad2fa664b438986efdfe3f25767bf90766449770ccf3d9617641b1d71,7948861cde2f9763c62d6e2bd32d4f842abbf64527086afa820b5f5a3573e239,1,train,0
3779,[3779],13d7df43ad98cf376413c9de152a77f259999a5151a759d0a6b2ac8cf420a9bd,30ba865d8ae41f775463a383c664fe4504bfc25da29e5baf47b6e86d708bd869,0,test,
3780,[3780],d2c65f77cb08526bfa663d6cb8ec473bc2255207961c8b2cd5fac48b24d21f55,c699e64c920a111bcf6931b25d939b04be3a25ccf160e51fd4505a09c3156a5e,1,test,
3781,[3781],71bf031c19e582312b4b37d29c41335ea503fb4445f1ebe3f10a9198da921cfe,09a8dc73350307a2dee7593767af688d1c94f831fc8ed0e87c4bcc6c3a201666,0,train,3
3782,[3782],fa066c8dd00c6ff393a0f6de172933e08482f20d69e31a3a0a5da0034b2662b7,09a72e42e9b7633b09bfb6c9c386fd5a12edd192edc37a5ed3daaa7fe915e6c2,0,train,3
3783,[3783],b7ec1ce6438d7f4e9e073b2717b152cde2f6fd46e5fe5938ff1d1318c5ffca06,da01448f789e35e545f8d7b6e6a64f7b149021fb9452039067b3b3c43a782467,0,train,0
3784,[3784],b0916048b80b3734bebdb86d5f47a777d096179f962ae1d32e01a3af11984703,140269d9ba75c086bc52a632da5bfc783e885cf9fc37443043a014bf5111ac01,0,train,3
3785,[3785],3b96d513826193d6bf5a1f7c1df33b53dd5cd8250e1de4cdc36fb488c876dd75,2173b5e7088d6311cd97b024985564ff6a4bda0d30cc12b176486cb3d7728894,0,test,
3786,[3786],03ae9c69fd14f4094d541aa34cb800975fe89b314233af7c0a2f4b37b6c75099,aaa5f3edda42fea2825af940cf21f9c7fca1ab1077313272410d86ec08679b48,0,train,0
3788,[3788],258e38ed2e435c21ad2e38aca3d502a46d1e827472b2b0705029ccb0708f91c1,1dac0b6e42a52f2f131384949ecc8065f8bd7e207e4712ec5eb1bbeb21433300,0,train,2
3789,"[3789, 4199]",9dbb6d15d50ad7676d9c005f5e534e9bf85eff39878c9a1a42ebbae5b55c2ea8,768aa5de409c3277ca69383471f9d7634dedb09d944dcb68d955452721a80e7d,1,validation,
3790,[3790],9133545edf1e5e3babdd726faf933f22f7cdd713c4b9d66c438dbcecf622547d,6b2ab4456335c12372e3c71b4439679d445dc559a442fcf8a1c9c3e4a18b32be,0,validation,
3791,[3791],ab63d543f8fb403fa9fdf3dc7c3e6ee4b49155a1fb9b74caf168e2d639496c60,26a94c2ace8445abfbe0348d003de99ede95d5c1f1284a65ccb8077d2901e36a,0,test,
3792,[3792],25dc3f44de342a0e31134ad4cd97f763d205dd88317be371beda2d5d3c5ab78b,914d257e69cdedff206f11bd3927e2bb9584855ed65aad6527608e308d72583f,1,validation,
3793,[3793],6458084cf73b33ca094078266549ea1093c5da2633b251dc5af111a8439aed4b,0f942a607c2186c6616780afcc10adef4e5ff70613c4860f80eb315614e8066f,0,train,3
3794,[3794],8c411fb147471bae470ef7ae052e68801c2a1204c418f5d815b201371c705dca,517fdb41479e45c5a0cb14804e51b29196a8cbf29ea75ae69e4fde9adf7601f5,0,train,3
3795,"[3795, 3883]",96610141d166b51b9f73b323855401cdc62ce9b0bc95acc640f780cb33cdb370,38e22e8b57bd00a4f7c9cda9b4bc9e40d774e96c83b31093e177dc75ce650464,0,train,4
3796,[3796],b07ded0980eb3e651b951c694891099a7ed22564478e744c3bef56cf482890d6,4ec002c0cef407e622b8aeb75e030c1b197994a5dc334ba3911e9c457fc66da9,0,train,0
3797,[3797],14d501e4da1bc2633d5f57b82aef83275a12f586dc5b05364839105f5ac8d477,33e0d82182033ee447dbe9a0dbd35efb671d87702e40c1fd04eef7e47c9a9ce1,0,train,0
3798,[3798],3f1cbed1e46ed047ba678b8a8f82b7d464311d2467e4e446a42d1f398927fca3,d412ee4087c8b699c243f1394cb27a088e1f43dd127201d003a36438af4a515e,0,train,2
3800,[3800],439090f7338b9ef33adf25a7601c9359ee12f63e898c9cbb42e909b7fb9979ef,9d4a1de92a114e0df0fb965c80bfd5fa18e7c8a02b028afc41b01c45bb3c261c,0,train,0
3801,[3801],5bb7c2b42c63e11d3b8096150cf490754333c82d150202650c9e25bd48739429,bcd49ed3de7a138a6537d09ac6080df25871fda2fa0df853e3a47f1c671f60a3,1,test,
3802,[3802],ee2f4c02c92ba389f0c9f32a43e6c3c555f8b092d0b0e768d05492942be243da,061494e8698fe3ce4d10f77b7a9ba2f8a2bd05d25c2796fce09bf1abcede8dcf,0,train,3
3803,[3803],50bcd9960943eaca941cc4dacbb0ac4ba164e15c37281e9e6bf20b9e5c383d70,7d2a4e87263a799ec192d2d29901f60a350254744ba6a36e42a8d75aa049b077,0,test,
3804,[3804],8960da1d1c523be4e2a494d46c03b4a41cc2e27db3a06a4008ff303957247a44,1daea5dce18d8e6753eda3dffa600dbf057b3794cab9baa51228460aca395aaf,0,test,
3805,[3805],af38a35539c63aa72087957dc6b01067001a89654b5a438fa4bf9aa560474bee,f365adc22603256bbf7f272487e96fd3f1abdf0d9aae4ad427c753459a69611e,0,train,4
3806,[3806],81c08e04a07f29c9a1c8aec508b9a4b7bafc141ce4d25f706c4bd1e9c4b3a40e,191746cabf1203a7e36dc85ce8e28c0541a01bfc3a9a08ccc98e478828106b93,0,test,
3807,[3807],330eff4a8cdaaaf99a2d43886d03d3bcfd0f57147dc0195ff7c707e80bfafb6f,18139fca881e53f2f2d1d105b69d864a4a3b8f900e371a7ba12e7ec5333dbba2,1,train,3
3808,[3808],c757d390b227dbc85684c4dc5a4f4f1b7aa9919191bc71bea7f1c13b79b0382b,701b18ff0676c7aa3d623e354bd3e6c99a16e583eb01db4e2caaf8c0224d32ad,0,train,4
3809,[3809],9c9841fa34699e167da368a082f80a2831e52b12405f6403e610d92d22faae43,723444e787d29ff5877b33e45ba7d723bf43bf5cad0638835d8e33675d77a1bc,0,test,
3810,[3810],1e53c0405a60bdfbbf1d13ebefce2f2f80c39da5b6f36319ef5945789060e3dc,23c6432f72020f390f80d12213fbaf5990720c690af0b6b92c860ea9cc900aff,0,train,3
3811,[3811],f9cf53f9e502b8daa3f8505bbfc3d6b69814b538c3162490702132c19c09c457,a43d7ce65e99c44947960e724b26ab484ea7c4414e763d1b90f4f96ddf4a709b,0,test,
3812,[3812],45ae624600f8e8200e7109a3976d0e4e454030395280375933cbece8bd43de45,9a722bab480563666dd26c50939b7d564f09971324b018faf63515b3caadb94a,0,train,0
3813,[3813],28184c73e408f873f723dc26081669f87d8325fde28223f1350e2f634bc7388d,3c7d9cca71c5202c5d649b6197e23c407b21235e9ef24f484dd738b9a01589bc,0,train,4
3814,[3814],12a7fe2cf71793324a96fd60aea430ac5d4666a0f8592a09981d728e44f3a661,3acd4c6307faca6e26be5d0e2a5edf633b6890a96ba5b7954957b3465eed02ec,0,train,0
3815,[3815],a2f810b777e2d3a3ab17a1a38e9c1dd7aa19a42b33c9901ba04f59cddb3e9ab7,e7fb89ee3f8505615540bd66ac4ab7bdc41e7f289bd428729a973a1df91d2c8d,0,validation,
3816,[3816],ff157166677d589e01dee174555975b2040f6c2cb08d24d424448f234777cb79,cd320b873a25c897456709a3728f36c2f7269e219ed69313fc3aa72f552bc906,0,train,1
3817,[3817],e08dd2d5dcadb4cd8c4a9361c9f3463efd0d77f02e1b356231b10e2ba4d9e396,480eb4e99a3c4c66f9bdf2a60e33c06964eb39628e7dc35a0fa1de390c4442dd,0,train,2
3818,[3818],7abbde62563d83a638a102ab4278ba4603178c6f8f87400219ffa2f496d15ae2,dd6d2bdd8decf77e5c6a8d64b0552b0c60a9a16a0cde01d8302007e111e2dbfc,0,validation,
3819,[3819],dc33cc95d22dab1d67828bb7f06d781415e91b3b5d2ce681ecfad27cfaeb0dc4,df48dc332e1866aa08751cd2b0674cd7e6ffb053699fcf56c9b04f88e0b24c0d,1,train,4
3820,[3820],23165d54c123c4888c3541f2fe09bd76ed6c24c437f5250454293b30f782acfc,bd86055a8808b068272318c1e765f3732444b46b0f783f813447ae33422c77d0,0,train,0
3821,[3821],07f27518ef859bb4d259fad1ed2265dbb291093ff3449ebd950a05f297f39cb8,f832ffda65a4f97791273a38d6dcf94e13f053d3ce91840f6020c4ac0b93347c,0,validation,
3822,[3822],f2f93c38e9a4a5a55ca188e726d901b3ec070cc24ce05a8b4bb01139656fd4e0,648213cb99fd7b4f5691d349455b73e5af59d266190f188a3c8ee00833c0b7d9,0,train,0
3823,[3823],402168a975661ca2525fea749f2fc80e62d999ddc471ed5b1b8dff717bcd26b4,8450e9ae59ff50f3cba7ea934845d567e2e9213abfbea89d56f1b1979885df11,0,train,1
3824,"[3824, 4650]",01d7b7d951426c1a39ad2683e91685b9d4f2bb260d483954cb6a61f359926727,05abd7f122fad86ea097fd715c99ab3548f06a37ee9ee44c6191dfa86e228219,0,test,
3825,[3825],9aa2ad84876e2b9f4e14330b6c38147c5eafc9f14387eacbb5e8e9bd1f654745,30cca250c519c8df5e7f3601294a1b0b9cab214b17449ab4b2c9238807d28cfb,0,train,1
3826,[3826],7c0454e1db43fdf80e189804a54c0e4087d681d336767549df1ba261605808ad,949eac618eed79194add8a44b24158df6e5c5ab43ebdac465ae532e4551a887c,0,train,4
3827,[3827],84c357eccbc23fd849c0885633715aac82c67c8993f50c68616dd1789835c343,646a1c796ebd53cf8f363d68bf4bc712c630891b7eb9aec3b57353cdb66266bb,0,train,4
3828,[3828],7151cfd43114a41cc775b978792db57ecd079c5072cb48ae259ab658546f36da,1cba7b90ac4d31837e2f8fc4a654757229f625b1575d4985faa27e210cf027be,1,train,4
3829,[3829],1fcd0610d227a617a1cc592dac551a9815f95a7864a435b56a904379d993476d,db3f430d2fb12050a10f742c8c879c0643606f49a065292844ee9250a475e4dc,0,test,
3830,[3830],bf5b031234f7c3cb64ba2a534cb47565b7f74b9d3fc59ec7b27cce9aa5d25743,6c629b59564017ed38bddb030c2dce705246f5e10198fe7641b3161a9685bfe6,0,test,
3831,[3831],0d01bde0a976f4ba9ca0ed233875ccd4a6ade0026a5914c9c62cb31493e25559,b545301a97a70a64f0f60339cb6eefd99c7bf42a57627287b729d2e7d97b978b,0,train,1
3832,[3832],c07f856121c970f0fc527def1cd41f2955a1ccd9989558fff6af70af0bef07a0,9261afb3c829cd77f9da54a56db149283780d87ac30a01dbd85b09d83c67f3e4,0,test,
3835,[3835],21336e2ffe0df20bb30db495cf0b7f11abb762459d48ec9318ef0392e4915e17,7af8c1f29e7d8ea80bd6986c1936e3fedeac7a09ca9ed3cc76b8412e84dca851,0,test,
3836,[3836],e598bec8f2a033fae6daf6b16eaad1246a8c44216f34be8fe6cdf4c440fd61c0,104ef689d713a26f270ee02449ed40fc89e7c693f2ab487701b2c12b8603c54f,0,test,
3837,[3837],d113bfea7f4214ac7c45e1906f8238b883e49ad2c62eab7c7e69032a15504355,47b925e5f5d4bd2025443b96d745bcaaccf6c0251cf99755a70a0f6ea6922c92,0,test,
3838,[3838],4b861ce33030b3b694e08c2de981e2f0d156f2ad14e0acf40a1590b9c0034ea1,a1d1475fb94b4b60926b37e29ca3df347e2fd2715b0a8d072d6b18468b35c4e9,0,test,
3839,[3839],94461fdec2eda69f1eadb5522a9c30fd809b7bc787ee07daa2cdf253b055227f,fcc1daeb92e5e2f5ce06dd3a4642054f0ba3d0f73423ca25f2d3e94708efdaa5,0,train,0
3840,[3840],e994f708a59c6808b70fecee01b96af08d439d30a306c9a79d4aa5a3461da6e2,8bdb7476dfe2fb983da143659b3229dae2427c27c68b5d28f014c4cedbde8df3,0,test,
3841,[3841],451785655b888b24f55aca00f9ea576184a2b63ee6a2daa0bed0ea629d773ea0,a219f5e07ac547e530029dc014ff711fe16eede0fe7b6f98ee61be5749b8e316,0,validation,
3842,[3842],ea21466ce9626df736b4955e3390d2baff81c41896d4663154984e953edb01d0,8f094d995894839a655acc3de9513ba76591a3e8b9bb612abad2bdf31d42217f,0,train,1
3843,[3843],214f05dfbc29f9eb273d35d52576212d89c0eda5112e6035a2b410c7afca4952,ea4411a3a347f4770a22b335a0aea6f048746f6d5e9f5874ac92f2526e7bc65d,0,test,
3844,[3844],a7612fe5adc44b16d83bc764b806b2511fc40187aaabc6f8cc92acc9c35738f7,f6e952e5e167d9cde2cfc9f914d0d54b0bd072a4eb4f611b8c3e50d6f9ef36fd,0,train,4
3845,[3845],583b1f5debb4d7ea63e821d8c7e6a6f1d5ee818e1f4a791fd977affe553ec69f,029e305a73227fb4d717b348b7c8d21239ba7ab7f1cd276c17ccf4142ee86419,0,train,4
3846,[3846],b84d7b4d7c45dba417b463c0a9d10089344d60a0af436cb3e029b475dafaad39,b812cd4a7eb7c698ba4c4ae91fc1f60ad89d692971709e172e02a996186ecc1e,0,train,0
3847,[3847],a1ed694b193945155d02994fa12297a002dd8da1f0bd2d639d5de9b2640f68a1,edcdfd5981f17282db08c21ea298ebde35a24a048f45ace734dd394d53077538,0,test,
3849,"[3849, 3882]",454d94211572cbd4df8d782902bb9bf0f842c72f502baeaf87a3da86822b9d56,e92b28fa4c630a7ec915b3e8c76b91c9a54ea4d44d1d3b7c20e5e43069b52c38,0,test,
3850,[3850],efe5ccd5a33789a8b2947d1eb5f1b0ec9ecc03c896b179ee9485390e7fd017a0,25432f6e5f27b582179bb8cc891ab62659fdc2921ddf590e7fec472bc087c7e9,0,train,3
3851,[3851],8e6f69165dc8f58baffc0cd02bcb6c4b799efecf78a98e82f129ad9f17475e2e,77949f4d71592badbf00bf7279f0d38e097882c32815b9ba41111e8127c06642,0,train,3
3852,[3852],1cf0e6299b0a43c963f5d8f4f14f966c953798fd04099c56307a57e10f819ecf,876ad762c2677c644de2e14ba6a945f45e5f27fbcf51b32bab6e86910c3c49ce,0,train,1
3853,[3853],465fe0e6825fccbe4f9be542dac3f0fb29d2a7868b3069bc55c9e9dc907f2d04,9dcb90f03283f48676a5cd0ef5e47fc4e76eaa3884684be92f5faef61b32ae56,0,train,4
3854,[3854],15247aae06e72fc36fd978ebf4055d8828b7144810d5999a55fb24ce1c4234b0,2da0105567f3cd916f9b4d71aee49af3130cd2c3df8766855b137abd2ff44205,0,validation,
3855,[3855],81e73cdb29d3e3ab7ec8307f882d2f481cde6ec4207041cca3f30a6c49793c24,875bb59ce10cef6ca83adc63623176ff1fc0c358330cbb6c89c56b6cf35da754,0,train,1
3856,[3856],81a0a3840050866545fd965bb273ff65faaacf3876fc583778b27a03c8225e31,0cedb85689184b5a3def9a60b19020fd17080ebd79f67055c451dba84ef414c0,1,train,3
3857,[3857],c4f7b2e247566f71fc6525ba3e21604c0c2f1520ea96312a30be2a75d18ec23d,8b7979a8976695878f67eecb8ae86871d60ef51ba0598ea19bcfa4490e6f8eaa,0,validation,
3858,[3858],928ab146b17dc0c65aab26671a63fe7b3f7d59ce169e047233b3ac0a02664ee0,aa6ddef7f32fa60ba01ad7e3d40ce0a541113e41a73bd950ac10692729da8641,0,validation,
3859,[3859],7d610bf992a3ac80ecd2e474998aedc9bdb3534391fca02decda012d6e376dd2,f57f689671c9a6457a292c46f60e1d58fb4e5d7e0befa7684cca7ab66856a970,0,train,1
3860,[3860],bab8a70fea399f214d2753d069487ef0890828af16f283a17dd023c1ce522ed9,63ec0a1acc82af446c165da0e0c9bf84f02041ef144aa2fe073cbae4ab709c2e,1,validation,
3861,[3861],698a522e8557a6fb3a51fa45d26ff0d00b203d7f3be705aa4fde9c47f4729df4,eee10b8c7bec9e1d49bb88a14a6987c058bcd8255513fb258da70df6c8bbef23,0,train,3
3862,[3862],417804cfa65eb791efad3ec3219187986186d5a680683662e94e3629c98a1a64,193060109957807b8e54701ae5487fc725bf77f3f78adff133c278e75087a6ab,1,test,
3863,[3863],d29e8c31772a257f85817bb9f464ebb429ae28a01a30dff18177138a9f4e41d0,877b3cca7d226ff33b61f6c949b84dddb4a1f1a87ad553598144fed1d47e46e8,0,validation,
3864,[3864],0082ebbf350a42d45fe10ed6afa6ebfa4bfff7bbb694d8238ac1d0a649efe9e4,c02273ed2a3455ca1178f55bc6bc0290a0d26bc2bc4c49a23657cca93171173a,1,train,1
3865,[3865],b59d4df4a6206f35e908c5989537fdadc7654156132e5291ecf4cecd71774ff6,5b221a577256e2b183a2f96c18561205208e96c3f9e2b48d26d71db56dc0e139,0,validation,
3866,[3866],9b3a54363cc2329d9a4d3b0f77fa7eaecfa961e8ba7fe972340123277bc850fd,ffdf7ff5a23fe489b79f018ef779971b280e1e2bfb4750244f0f21ae766c47f0,0,test,
3867,[3867],c9dcd902fd13cbdc8149998dbf4a4d1b514bdfc12cc2aa32dbe144443ac59d1a,01028a9212508efd40999cb8219e9459b157a75a56baf8ca850d2e508d2790e9,0,test,
3868,[3868],1add9ec633d59bf4c8b8dbeb819acdce790e36ed907c14a05619722e8cfb9c05,a075e3552bb395c5b4f01d91710863a4bed50c5849d36d39499876c026d53aba,0,train,3
3869,[3869],c0bd0c775c0d1779f284a880c12e27026d3756107cf30dc31c3777c0a9f336a1,3adb596f221fa11c730e9be92a00b50c3b868818fb3495652c77cb67d18dabf6,0,train,2
3870,[3870],fc535f05624dc675924325ad59d6d018b8e9e9f65c027c3b6be4c3a155b6f66b,f2ad18571bafa21f9de4872efe9d6ef35b0cf7c6a6908ae4cc2776b484d9e82d,0,train,3
3871,[3871],cc02ca3427f929f88b86b42a77a1c87f7878ae3ce82554d2a90ce9ac996fe57e,d2d623ea80b61668c9385a2909fd95d68951c7d3143ce572e54007f6e477c552,0,test,
3872,[3872],cc070161ba03edb5b4fce8a96889c75bec64f1e089294cf2d05dec2248813316,dc29e097bbf715470b8eb08efef514048ce8026f89e7b197836e82b75a23a6ee,0,train,1
3873,[3873],ea98eaf7e293e1bf88c9eb51d29d606864ab781c6641caf035e533eccf7e304b,abe3294bee34df8919acea441083dd2bbe2d723965384d2baa6c838930107673,0,test,
3874,[3874],ecd825b5c3e881a0ebfdef0eb9092477753f7ccb59705a9af1e189919d7b0e49,89cdbc1a8f94328befb9d4cec0a6989c453e8b8a561eac49f1b2ce6f8700c73c,0,train,1
3875,[3875],9079ee8cf0f5e01a8bd7ef6b338eb236d79a71965ea1e54e6d5eff0ffa371328,2574fb24fab522838f7a440fd1442a8ebec1df2d6862aaec9bc6f663588b19e8,0,validation,
3876,[3876],b9a552331ea04012beb598a8432abd33d82ed2a9dae2f36bb1748ac9e1e3790e,89cc525996b3d4a0c9b06378909131c1b8df6341455b4099dee33b47b60a79e6,0,train,2
3877,[3877],ad58aebcbed7cb7fd1c17d762f96c5694342ded6543b920d2a2d71d9ff472d1c,9d51ff613e925c37b3bf927ad2b8832b6aa6788c079bdc025e11b516ca7e1285,0,train,4
3878,[3878],3d12cdeffa83dd131752b03f73f7a6f53946417822741b3189701f14ec1d060b,381e81d8f0a5bdbadbb245899ba36ad4ea0a2f741c1ae90ca34ca3f217e54f81,0,train,0
3879,[3879],75984e2d86cbf2143ae5ba03dbd0d1a1fe732e94bf576116f2b27ad7725aabee,3518d80db2b892cb9220fd08cd9fa2fe9e95457aba7273d1eb101b8084147ae3,0,test,
3880,[3880],0242fa9c95e969f0275b700939c0a08ad29ee10b263f68bb3dca3982bef227d9,3a1180b513ae4863fc2e0583d475c8b69d9bd8f26e29b624e436e49a2d81cddc,0,train,2
3881,[3881],8da93fdca836453ad831c9a4ce3dd94517e626d69167ef6ade4f70637ce1057d,eb17078533c535a13ba8bcb131ac2da560430c468800659a0c43771e51bace5c,0,train,0
3884,[3884],8d3a513348669909347b647e0bd3c8e4ee051ecd3b091f1448aa00efd59b541a,f6380b39806a3ae87ddc7fe06ca0e61e4c7b042ba89d7c69d3aeece0b9613cfb,0,train,3
3885,[3885],1e7a8bcb399d55c9e9c585d1a9ba91876541c27b2cb0442db463d572dee2a1eb,5bd3a9cb5da756bd1cc9dd98040bce3f2a268c935a71b7020d25e56524857eb0,1,train,2
3886,[3886],c3a7135f298be604004e6038eed43a94fe033ad209e72f9c985fa8ce6255f2bf,0dbd15da02ac08b32fc183c7e21a01ecb1a1269b5a328f38dd58217f33c71f5d,0,train,4
3887,[3887],21351b5a4a148fb15a005afb62d58b1de035634029573feae336c8e893ddf423,07e8f1e53976110c5b2d837f1f4b38216f1db49be5445afdfab4953c3a768020,0,train,2
3888,[3888],f6413d79d2cd2fc9bf56f688417161ca16f5ddc5e9b55de5221a23bee68e11ef,d2bd0193a5b04151e72414613647e96ce51b3236c4065a923e7ed00271b3f4db,0,train,2
3889,[3889],409840c3aa878b75c2b455986102b0b7483241ec2a80bb3186fbf1b39c575d7a,6c47a4937d7a8f5e95a21f1f1bf032d74c6fc0d8ae656a23bb7260de45b59393,0,test,
3890,[3890],d5248cc8c69260ecc5c16ae5df7bda904a1153452acd16f585e81361a955d873,d2d559d7c2f2cb76faf880c09271341292f706fbe89a7479f238461d1eb78923,0,test,
3891,[3891],5eeeb965e7891582ca7468e35828b9ddde508f692df76d4c8f7699d87dff16eb,7ffa484ba7dece97f3787dd06789f45e2b38814d3e46d877370a05f488ef9e21,1,train,1
3892,[3892],ef41fae4044f3f4c84388c78fe90ba1940fdad662dc8a31818ef4e5f33e5b226,882d4f96fe76df9484f921b78d07fdea4ab9ded18793861ace768a2b07fc0b57,0,validation,
3893,[3893],05a89fb8a7b81f36c2ac357c9be6fdd56f6f14389951d585e88bba4202e55f71,c33a2ce9b9eeb8057eb7d7aaa7a966dc39223eb6742e7e0aabdc9aff3284b0e5,1,test,
3894,[3894],8f0094c32d1a5de2c45e24dbf9b33d7789f69ab56019b25e7542e9b2b7f8076f,179af86de12ef1809ffe4e0e8c06ded1b0eff8f42f34c0cbfede6ad6231318ef,0,train,3
3895,[3895],0753bf0e40e64d8654269c21ad3d6ea81ad473e0ca503a2779f1150cb579286c,e45bf51803967ae977316a88dffa1791d6f8d6c37988e515e54b1405819ea5b7,1,train,0
3896,[3896],f3348d83be2e094731ee3ff9052be8af0e638c6ebe1fa72ab5a53bc51bc8a019,327f80b160819fefc56d61806b9230097abe4110e0c4893c345694c1351f97bd,0,validation,
3897,[3897],cbcacae5b22eef19adef3633a373614411d77d89ad9e80334bd19eda2e28276b,3085e8272e476994642c53d7a41ec1d0a3b2892e7285d1787b9ea0f1857e3898,1,train,3
3898,[3898],a4073f17338be02fde841e64886202683d42eecd2e72b3be0dc6fe7d982afe53,1286039132262316a077b11bdedf69f369a4057568a2cdd67cc62d4c139b0a0b,0,train,2
3900,[3900],d566713cdd89ea9ae13446917982a73180bbdc9212623bfbe59e5ae85b7b6ba0,6f7e25c780a86093dfcdb519ef2d47be5b551a50f9f3ff044039d29ed81af9b2,0,train,2
3902,[3902],f9595931b41ce762cf83af533527bc65a12bd09797ce74ada0d90fb002c65c82,8c41a379dd2502c6aeba0ad264d1ef2ce4fcbfda2a710e37a1c2f028b5a0acd8,0,test,
3903,[3903],01fb92c1191c8fa7310d6ad000ac370111a5624dc84621eab93f145ebbd1156b,c3710935b2f1871d3314d31ab75183e835a98689055e6abc04c9d4d81d7c1673,0,train,2
3904,[3904],e885b4e2eb545839b6c80b7210d902a5218dcccfee8a1a196a906e6a6f0f1515,82b8e2b98e61a8c0df7a6ab14294316cbb66be063d569f2f707a8881aa78d1d9,0,train,1
3905,[3905],3e41dc6ca97c0bbc80250d7e2b2f4d200123a465faa0a7ed39db66d0865ad9fa,485fbcc322c1ec2b826d43bc625a30c686de1e16c6f7fab321201911cd558b61,1,test,
3906,[3906],02e3c894129bf7e7e7f16c77263e00428cd13a7ceaf98b8821d5eab1eeb9e2f9,ced9d6a32adda3016317f82b90773ac619678db1aa72041ae3407454a5b95f75,1,test,
3907,[3907],22d67e066ebe3acecb5beb7676bd46fcd11fde8ae61d4ed4becc7982adccf0e1,e484b24d596b012b2347d6ca98c05a8a8f4d9d37dd6ed4349db653fe42c15cce,0,train,0
3908,[3908],923c42714089366410cde90c469fa980e318ea6929d1c7ea0ffac0a6d46fc1aa,ef176a972d897cf5007d64b5329e23386d2c4885cae480131ffb28be0fe39ef0,0,train,1
3909,[3909],89e2fff039655412b185184128f523301150cc413ed78269d3acd6419d0e79e3,a9109dbcb7b14571776a991002882f1fec9046d3a87c97e4d0420e312c5f1dbc,0,test,
3910,[3910],2756dc06bada03ef2d33c74442e91ccec6b6dba5007fca0c1e1de00957cdd0c2,147e179c7baade81fc127a6758e42d99efcd47ba3590768251081e42b0145c67,0,train,3
3911,[3911],716c430561d607fc7b228e5191020cdeb1530665f105b89f0d618c3379cfa54a,a1add9c9af6f337b5b099e78a3d40f3015f6844b73ed8f566174c3ffb650bd85,0,validation,
3912,[3912],8c268e6ed92cfcbb9ceb9bcca4ee2fea8e2e15fc412ecfe7cb5218fc65e810c6,678e4fb65b713c6f294c4fbb718628eceb8155ffbf786ad578808f6414425531,0,train,1
3914,[3914],edc478cd67bed02dd143056f3ec27969c7cd16bd942d2d57186adef6a745e60f,4796642528e4ed8f35485f00f50cf013f9f07e02c607dd757be0e463f6498adb,0,train,4
3916,[3916],c67e9d519be98cb2936d44034514304f07ed9bd859cfbfa4c9577e44640c8206,b62dd662addeefa1355a96f7185e0f8ecac5ceb1becb70b9be8c26820e27a60a,0,train,1
3917,[3917],2aa908cb9bf42c00d1eb4382d565d14e5ea2c8dac0f2cf57667f7b8d20e3d720,9bd187da56b13d46e95c73e0a002a296aac39a2d1a0cf1952bd85c2d69a819a2,0,validation,
3918,[3918],5e49be413133d4908425868e6f3d7ca070e4ce13c96f117ebafdecaae926f802,220c5152eb0f49501f8d22f15e5b5e8fc64f43929b1ce30973df7f1b0dfb9d43,0,train,1
3919,[3919],f4975fabee0d330b365dcfdc501f6f3a5d41f5710a78c85e0230f774884f1518,326b52a930ff46476fa4a4f3d3a80f9f76a7dfce2db1ca5ae35304d209741c03,0,train,4
3920,[3920],c74e68214173deed0fc26cf3d816346ca36c16a175187344f948cc0f3055e686,138c9a178f126135574595cf947924c70c6bae3b5eef4c90bb3af56b696b29d6,0,train,2
3921,[3921],af51c37ef6a4a81dea513d3eb5b959134c76af1634891c745a12b360058df2d8,f93948d98282252e2a527b1c5f75e26a0d115a82c9a48924e93c012ff9218bd0,1,train,2
3923,[3923],96e07a13ccc861663f1a5aeb629f43b516af6dd75657e6cf0a8e8fd10106017c,6fc07bdd52f954eb247fad3465aa84c9400143a22c050ec659614f1e79513862,0,train,3
3924,[3924],09d6e15f88def1925c4a64fd38133ff139514ee146a045387f5865cdd3daaff0,0f46d1f9969a70a0fe072f5cc8e042bfd2c1b75414ce2fdb6ed5be3ab9f343f8,0,train,1
3925,[3925],6dd6803a32668eaa937f19fc1738a5336e74dfe1c9fc0a89844fe18a6f139506,be2ad4cd9c9f3c06f75539297c539e8baa94e2e590f84c9b1e671f360e4fc869,0,train,0
3926,[3926],9a5bdbde11e02cadc462ab61cc1934ab4094defe4873e41cecc57af3589a0d20,ecc7361c488d2e84fbb135270598320eb5cc2fe37bb9de7990c3e558746e2736,0,train,1
3927,[3927],ff86d298ae43ed536ca28a0a00fc13b8bc35a9c6ede6e6e3a2ffc1779f6082f5,2911221574b19f157929f531f4951804d69cf7631260daf99d29d4051ebaab07,0,test,
3928,[3928],03579db78cfb19cf5789d8e749c6d84e76a7f61e932f75470a80042540f78069,29b275d52f4b7ab52c9da92ae37ec4f01f229a94dcc6b66d13b596f791c45fb6,0,validation,
3929,[3929],4b0b731c06b9abccca5cd687a8ae27918e36e9b022095eea5e66782b2d77fa4e,1ad04b58fab2b9b22ed9b2c5ee1f205e30d6041d79df6a49c24f47ad7432c0e2,0,train,4
3930,[3930],a52ba38394729c7d71f32d6687a8d42a3f8c540fcc3aeaacea04038539df6995,f50e5ae6225e66f6f9df85d4387ec0e7766a3e032b508042ae9e48d985ad9b5e,0,test,
3931,[3931],121c5c189dc3995e9715735dd0542753b8191487277d243bcbb087842961c6b7,d90d78027ec460f2948c9b25d2aed91fbf7b5597a9355bcb6abb0f5eebad0718,0,train,0
3932,[3932],390a86d096532e368eb5dde5b0066803889a66c2e10413a021b8698b89b75404,7e52df92462d97b111eb0df47786599d5f539fa82a78134e3de572526cde8da5,0,train,2
3933,[3933],9e37a928470c6d82e9f2b26a74c945e2ac5925908ea7b17d2842cc5729eb29df,05872a18b963e993d20a6c73b7d73d025cabb17a9fb9cb0eaf226b7a97197798,0,test,
3934,[3934],aa54010bdf8fb9d5841386cde3d239d760ed9c01c96d6502a04fdd85c717e3a4,fed3b3e2dde1fcf20138b17afc11c42b0f927d33b5d813ed3421e2ec76e8f6f7,0,train,4
3935,[3935],20c8f954b5f226613de6801ad7a8d9b2f817cded4a9c1e33b1b5ffc1d75f2b34,06fae5e852f8cc0346a951ec0b9341a6fcac664fa9416a57116c6d2f95215789,0,train,2
3936,[3936],c1758a722d0939a832c6be71cf09ecd81862530bc806d3b7765d096ee73abfe3,febad734f61e37ca54bb4ebea9d64c738587f55f38756d46aa56d013353d792a,0,train,3
3937,[3937],63d815a49af5fc6e69a899026f04e4f3ae0c87edf7f5a29f051366230ceb88bc,8ad9b5651a405cbd216265c3c849f99019667cab0479dc647004b6d09e2ecd07,0,validation,
3938,[3938],c9a0c2851b0acfb04b81004348067001d5ef6ffa3ccd2b37fa183a6b9d27c74a,64a7a51d776d700eed617c30d1f63da923f933e38dafa3a355489dfbc17acdf4,0,train,2
3939,[3939],a65fe006d2953dcad749b579c9737ff274c215fa47b7010f966744715f8528ff,81d313ce1f1e243a7bc677ec9091076c67a3fd771bc5d1733b9517c5982e9312,0,train,4
3940,[3940],1905545d2636a316aa5deb9c8ed02392981f3c4cf7bca6bee00e2938867c00c5,a257261cc901b1580476910cf1e4a8ae818cbddb27f734dd2458026fff4f9ff8,0,train,3
3941,[3941],2e99133b71cef615e494083641991b1af011eec4b636d588cbc257ea0ea45846,d8e56b365cc25d2caddb97305ceeb49abe027183f3a88b52f393eb872482ce1e,0,train,0
3942,[3942],5ca041dbfe88f3985b87b4e2ee5cfae950d892351a3311c8bf02ef0ebe2e34b4,3d5c23c62e4183583d3142270059f1e985c657e22a090e66c8feadb826175c3c,1,train,1
3943,[3943],80d187809484fca3df8c3c403c0c1968a2078a4165d1138a62fc7c0b1b212ddf,6cf2c7b26e8d433e0a613451fe9c1583e8587df256be0b68197c99396b3e69a1,0,train,3
3945,[3945],0884ee3c34aa7aebd19bf7118fd09eb50eb2a6e7f7f7f6648e0506a15ce0762e,2052d5316f328047ac042e3c5f82114313377c65be5d623772555191819b1677,0,train,3
3946,[3946],a093a8122e9ed44d4eba05739692a6f601e50b9ffdc77e54ec398590b74d90c7,fa3827383542f32b8bd8f7b1f7f106b8307469bbdf71c4200e29c7cff7587aa9,0,train,2
3947,[3947],9108028a5dd1c606b8a86d50ed383e16b0e2cafd645d85f7491bfc549d2235ad,03986d21629f73c88832d0f74a9935963516be0fb587d6d11baaa8d15fddd63a,0,test,
3948,[3948],8fd34ba9d09dce9957bc088d4c6fa3a55e9c2ae8ca03eac7c9ff033d5dcac44e,70e71225b1d9bad41f594615d573127ddfd549cc5723e3f8c8cb2dd0a37b998c,0,train,0
3949,[3949],23c06d0ab6c94dcdac44f4dcb2fe9ac1a50d207e3c5603793a666ec776733786,1224769acede2c5a1fa4ca78956e6a18dd99dfa3d917cc33bb294efdf789e740,0,test,
3950,[3950],c9b61476b10f4d84e89c7c17e38e27793eeebdc18c2ccab12cd42faee43da719,dd92abcdd6ec29a13a24da826b99a86b5fa3e78d4830b8ad2842fd2fe59ada68,0,validation,
3951,[3951],1164e2aae766f4e994184f79bfde695011122559cb2954ef2223409806cb4f69,a4627e38f3695efdddf287a50b992158e099a997398c59102a206d0f984d4cdd,0,validation,
3952,[3952],98ac5f876e9f6de985f236d5db390a8912f2f62b8db93ada1c23d4e0fe7115c4,2d1db28d9e6b2c6b1c1983978a8721b311995cb3d04b7e7f948f121a60409f4e,0,train,4
3953,[3953],23dc21063a0b997c100c29e1d91dfea4e9d3226a5452ba83eac6b08068639071,e6f373faa2426b19d71d98763c923bba7a20c2fd584fd1408ea6d9544e48078a,0,train,1
3954,[3954],b59cd72d59bc70e9971fc98387512fa2efb0a4874a4f96894ee782c04c2e9289,f6c7a8f5feadbf25df07eb8ebe1b514f0065b26539719c848b97b595fe25c322,1,validation,
3955,[3955],cf011458560c6af3d77c249439adb626378cad2ae64a4c0a4bc73830cf08fea1,9b6ae9b86cf7754dfa321742caa573a4780ef15671064d0bca575014d6f131ed,0,validation,
3956,[3956],8825c575548a4a5da23cca117da96e5d1ddbf582bd02ad1ad6419d8f22942ea3,c169c57c18d8dbc257e8383f5430c0d1347b86a4b6b1ae593f4d1bd9d24aa5dc,0,test,
3957,[3957],e3c2ab709b7fb52e6bff90e149a947d4b76596edfe0a66bdf78d4aee38c60332,3cef182f8262844919d9dc740e8e408c84f512b63984eee2a667632ba10d6ed1,0,train,1
3958,[3958],03095adb1bc7c5268ebebaf859f799c154c2d9fa688dade6320ae3ab4fa16581,65d1af17e6c031808d181e32eceae80e8ba8d00e128d1bd7dd56d3f4f16a43b6,0,train,3
3959,[3959],0eee765093aafe40a9d901bb7faf5cba2a7ad20b950151146d6dd2277c174b11,d0aec3551fa532169fbfb76c1ea4a218a4a7b6d7d85a68d540ec8b30d3fb62c3,0,train,0
3960,[3960],9c7b333ee5660614249736f70ac9e6c6371dd5291024ff3b8fcda456a053cbe2,a1021b2fe1f90411774c4c307f18fc67ef46b1267eee4fa7f499900bba77d5a2,0,train,4
3961,[3961],392bf53ecbcc46cd0c524fd3b2c4382525767b81eaa3f4f08e279aa6d76b2c21,90659a46dace70ddf90e8bf605e64f3fff6b7844834030e71e80c7526421e133,0,train,2
3962,[3962],11db75889d8c586e46519cb247e0382b7743cfd435428cb8008dc4dafbaa3f4f,47adb03ee5474913590916f08d1d1d92c0b4ac1707c982bb3ed0c68699d7ecb4,0,train,3
3963,[3963],da201e109c73cbd476024b1c1af87ea25ea8f809ba7a8bbc9c9b796ab84b6411,99aa899ee065ea59d33807f12fd7a3f3109a1c8e5f4326fe8fad171372948966,1,validation,
3964,[3964],e8bd10d210c79ff9424bb873fb28a170857321d5c12e0336b29048a8c9df6343,4a7b2ff08a4a443cdc0d4719e8a716944c016e2eacf0bad735b498a5b6eddf70,0,test,
3965,[3965],851ab4999966489ff92f2288cb2144990f858c42c7e58acb98cb73a493ec4d9f,1c4a5463c1d106f2d96f7c6310aa54c16240a84e6d5fe77c39f11139454f5692,0,validation,
3967,[3967],e9c7f9b8284228579a6089010577061485d33b93e94df728512d6d85ebefc9fa,1076a298fdeb773fc41cf49e309cacc321868225660014a747efe19d033c4efb,0,test,
3968,[3968],d1a9d5c2e24ea84dcc9120af8df8c9e5bceb7ec1fce98e67e3c3a33f7cf0bc20,2262b8bac3e0efb9b21be45cc3a95e850fd44cd3d77e6d3f19efa778a175b3a3,1,train,0
3969,[3969],8992d61665f0d6b2d102ba0dfde7d2e9ae1df6c350174b42cc822531fefe482e,8148e0df8568fa1e82b7703919e5e68bdabf1b53647091545f6785e05c9cc255,0,train,2
3970,[3970],9bfcf89e182612f0bfdf5bc29e97feb93d88f9fa40183823c81b237ac8e1e1c1,39c230e495900373333f113d67dea378fbec254b3e18d82f03b12d3d9d7f2c9c,0,train,1
3971,[3971],5fc5fc0a2e86bfc1ae0e0faa83a9196dee43ea6660b9f6d538a1d17a96315a12,003b3dbaaae6b8043aab2cedfa15d7c8e98d9393645900384c671261fef879fa,0,test,
3972,[3972],90237030b20db8143abd07d303397516dcffe039057176a87125b0d3ae9c788a,c1a8697f9df611d87fca2a156c3cfa87f8510cf4e2699d0348811b4d4c214b64,1,validation,
3973,[3973],bf554939e0f71f865831efc99d6965c849d7b815e1377be8cba4ace31470df0e,19ef07b0df4e66102005a7c6de7634bc9d198e5d4e7864abb226c34bb6c8a21f,0,test,
3974,[3974],271aa9ebb8cb242bc5a234b033c6abe62812c4296b0a184c0d078453ed899da4,34f3482d59cfe1ec05019c09fbf77b1672a08cd9f0a9d8eab4635112fe40ed7c,0,train,3
3975,[3975],20868b51ebde1d47b06cb651165f1c1a2c88c9555078b15d0c5fcbf8e23cab56,6341b77c197df1ae90050960b5b9490287e06f716e2bd8c9720a408a1daf95e8,0,validation,
3976,[3976],c626b40ebd414fa44097c679472c143600879c77b5c1e1aaaa7d1a6cb878f679,2dba5074b3bb0a55e383d27f83eede403d01bc33730e2c39e404196b585b3d72,0,train,4
3977,[3977],20bfa299f376a1438b4817299654fc3e0f3024f01269d467afe13cb9960ad820,6c79c2528ddec1a0ebf64264c1a414700a27d9b66d233985d8dfea606d970cb1,0,train,4
3979,[3979],a97eab57ac77c7a152e0010f56a14cd47ceceaf0e2ae5d584d8d927c583027c5,52ec29a3df5898ea7fec1f88e216402ad80e1dc51d5964bdf59c70c9b8e039f5,0,validation,
3980,[3980],6caacd5f16d25535c43213fbeecb5673fe512d3c8e0268e93046f4f6eb606b25,804141f56941ba58d54570898fe6b2a899c912c4235c5377c99eb7d13480fa11,0,test,
3981,[3981],1c1cd70a44807dcc67205df1f7621d44d4e3c5f41b28f7c9c57a5231172fe1b3,02abbf9c353e8da0958921ae3834a6000972f1258b9772c43111e4b4bad250c9,1,train,4
3982,[3982],534bfdb81abdb0b0ff8a2a5915f197411405e432b88e27f4fa240e308096bfe1,4a888f1c8c5177a0dbffd490d30e95423b4b5449a25f18a0e741a5532a0a8de6,0,train,3
3983,[3983],f92311c09e12a00112fe4fc70508a353b48f39cd8850c591df6627af1e564f38,bd0303284aa6e38200353abd6ad4098e6bbe64c699bb807021436e95da3f662d,0,train,1
3984,[3984],f3209d0fe36b8606a289e37748be33e4b03585775efcc2c0ea2faae779d2bf9b,23bef53c7c38d7b4d85386846280fed14267f59445015b00660cf3f6466aea5d,0,train,2
3985,[3985],e45184e700660c2e1ee041c8d4cb9530ac46b5428dbd7527aa49a07c4f28f3c7,91ebdc794f3d859acc5c74713e8ade14bef42677602787fad1179dcb5436f106,0,validation,
3986,[3986],2828fd78ddc464ccd11daed9924275eea6b4fee796bb79582ba632cf1652a033,e5d4d03a7bf870de8c3b2d07beb58fc287ccf671703e820970cf4cc24d8e727a,0,test,
3988,[3988],c973bb682d7e999175e275be5379c2a34f1b9d5716adf43c71f732e0a5920af8,70c7140601054ad06d5fe9cd49c501315166af822e7c4e34ddda44c495e6820f,1,train,0
3989,[3989],70e37630708336977ef5093f5aac53802c0bf086c31da3b0f016f5a5d4f6d6cb,d9bfca28bbd84b343ed7c79901aaebde689bbf6ecc6e8dea55cb065251238c60,0,test,
3990,[3990],fc1ac05d8a73b566da979e4d63873c8a7c9f6264539bc72b443c966f1efdfd6a,94bc35a6842702b7b100b7049da62c57e6628afee450b6cd298ab7be91373471,0,train,0
3991,[3991],5658c8131d9732e84b19d3ae5c0742f035e40413e1dc63f2fcb8cb66883c112a,f48d84bde3621a6a68f186987cd93cbb3ddcf64eda230a99985e75239b634a79,1,train,3
3993,[3993],d574a511cf06c2e889f35c50ae15e0b141b0950f315b463d213b52caa366f804,de7690612e1ffc77fe15289c7dd401da72e2b961336a470f5f3663cc446d9130,0,validation,
3994,[3994],910d9dbb3843b9f3096e46f74588b4d43dbbc87fc821749776670de058adf526,0f26e5c14e49ffd76289f22fee36ad7e1087b2102d753d07771ff1b24eeaded4,0,train,3
3995,[3995],f1363da468b9d683d0897631af76c897325d002425317f943d83aa2dcafdc7ac,e1e1eeb8b85372bf35f9db911df87951bf696012f41b1bb6e34945e496c93a75,0,train,4
3996,[3996],7fb13358e989f6a84fe6a56708ae4257ea5e3b7fcdc27605088240c5a02a47e3,842eaa390ca590cf0ade4f0230d97342a6639db34e7c4d9c214cdcb8d9d0c09c,0,test,
3997,[3997],5ac98dce0fea94f08cf30e93c85a85bd22033ea996a9c5d48fe855ce78ab701f,081e0df6732c6e7cbb087efa9b629ffda88dacba84124ca8b944e6fbabcb3ec2,0,train,1
3998,"[3998, 4864]",9965f96b9982049208a3e41abb0d855a7baa109e1a40ce8bd7ecf32cf91009ba,53cc3d24b7d207228c90006648ac66790425d53b94c81d6419afb153a034ae55,1,train,2
3999,[3999],e5e275be0d94b372a6470a91575ee66c11232243091d9cfb976a68345c08deac,13a6710e0146fcf2d8a60c2497bc24e8e6745d80bfd87d80b4ca330d6145f563,1,test,
4000,[4000],ee86af79e827a81e9a72c6b959948e205e1b12b7efad4f06b1461f1a09b3d9d5,775b3c6eed65f529d562d9d543a2a01a173c2e4494031402404c63bc51a3907c,0,train,2
4001,[4001],38e2397f70b9ffc059904819bcffba5b9067db0d63e04b8e635a319a71db96a9,4a2cbc5ed99231bdb2fab8821e7a5dfa9fc2807af01e7bd62440c3aaeab3dad1,1,train,4
4002,[4002],9819e2f59ba3154071d05f303d06b50d2b04e525333a94d8f626ed2cf4676dd7,44663a17595848f4e06d8f6c1692d1df922c188d069a18ebc8b171402f94a3fe,0,train,3
4003,[4003],12e1bddb4bc8a7b65059610d0db24291d96b08045724ece2875c2cb7d433c59e,fb777f8b1dccaf8d9ae9d98e48d2c12d4c82d343b6a75a12d642fe8f71694397,0,train,2
4005,[4005],258c80c1ceaff6b370ab409b3a457e49c8a8dc980d062a839869a193cd041f11,0b4c127dea169ca3f7818f15df96321d613ef361eee395efef71939b34b3b58d,0,train,3
4006,[4006],2b1fe4bd8463518a7bd5d5dee568ad9540b0b86d6e16a3cd6938253691ae661d,58c3a182dc9b55187520d7025d1d8563beece0ba69201ec784db41ba58ffb8ed,0,test,
4007,[4007],7d05681088582b3b11614f5346c163f2eba5df01c2398e36c24f0eda3ff4eaa9,6eb2afed8a9815907e024242e41038238566febe87ef842e4179e6f4a3de9529,0,train,4
4008,[4008],afa6874e942d9f85dc7991b58c0948db5c6363c38125920a0dc3f06dd66b20b5,1ec1b34f4d6831e9bc86eb7656edb98ca23725de14da2d10a562b84ff729d6c3,0,train,4
4009,[4009],f1cb699d1ec93663e1090687b8614f00de15f901f520500b8f043103349ff78b,2aedf3d41afaf75846a3cfd0b0a9f7a98ae313eedb1564a6e987787ec4a0a384,0,train,2
4010,[4010],baf76e4a99fbde6ef2c2fc1f6deb914a77ae45b1129d4379f92ea97c452e1b2a,ba515fac0a32a4ecfecd8b68d4e7b6f0c037e7478b64d9a8a525e7141794de9e,0,validation,
4013,[4013],4bc96efdf45253dfb56f2762917ff6ca02218322d747a62ceac65cc315defde1,109b1dff58a1906fa23a53acf1867c0cc21d09463a986904c6589f93b7fdb8b0,0,test,
4015,[4015],dc69f47806441e6e26c8762d724e9f7f49dd8683b0a8890b3934dcac4b197b6b,3d8fdd17871cf516cc60ce655b874c92f89cbd9e24cb697210db084f58b958e9,0,test,
4016,[4016],d91e7605846d48c9107bccf824e0db27bfa647e628aadd8169e6f722c004a977,697f27482b4f98688000076355b4317b689b2e5c7e314fd37db357844ad6baba,1,train,1
4017,[4017],faac85517ba3416585eae25d3583d0544a71e09c7b461d109407450449d98136,4e9a157dd182f9efa14c56f3f22952c584f596e7b8353e20c431d332fe04c380,0,train,0
4018,[4018],bee4032a72471c967fd6daa1040f989baa52bf855bc197dfa877b14dab0caee5,6292027725698c47ac8906d1fcfc95ddcbdc0443ab737c1a947aa8f1c83841f3,0,train,1
4019,[4019],6fb9dd5840d4e0a8a637a407c50887390e1b3ac03241dc0ceee0239156fb249c,67a1b175cd9fffc7b25be7a200061a299d5be492855d8d0a05dd1f42766e0e47,0,test,
4020,[4020],67f6eefce8688f4ac21cdd2cc4b58961ee5640132eaae4de649110be42083292,f82531edd8d8601d26c958c3523fc65de5b31ab3e79da245741b8912cb1764c5,1,validation,
4021,[4021],4a7487dba22e6dd1083e3a1f97f3521aa1fe77ea71cbe1d8494e45c693e5f294,0509879247dfd1fbfee025696a9879ba58d2ed44a5c1a00acc71610db1dc97a9,0,train,4
4022,[4022],ffce0791e199520ca5c2eec0d76f840c849a7188955423c84d59c0c7a546bfb9,f587a14cef70fabc0b0e665c9a3b8703a7721b159f5b44f33bf2687595341017,0,validation,
4023,[4023],8c13cde55a9a075b60e86393d404e64b53b0cba30ee82cb37ed77cb2dc971137,be38ab64c41d6b25d1da9054a76f9c37f7d56da419b90ec4ce2236caf881bc50,0,train,4
4024,[4024],da49b30c243512ca6de786613f6b7e2ce2fbed0e55afc24578921eab6790f7dc,260f4c70da88591c68dd5cd1f3bc7afaf89a011da563195e82c76864120d62bb,0,train,1
4025,[4025],1d0b5394d84c7cd26ae41d535dd54ea3fa9adafaa6520b7dccaf42449335b9de,e45f57680edb17ed7c10fe311b86c157019815e04ea67ad1325d052645ca685b,0,train,4
4026,[4026],bfb354f29332ed7e57704f5ca1fcecbd919cb11a8ad22a2c94c5419fd12c8cb8,78f35c45ea420283a708dcef83458cb784e6b63d3c94812f8412125dc3dfb21f,0,train,2
4027,[4027],4ee54ed5b4d4c3b819f3f8d0d7b775cfa0359dfb62864c9763041576769a7235,8e3cd79b84e42bcfd924f76704a7f315fe6a82510ad758c404fc90eda1c8cbd8,0,test,
4028,[4028],25becc5b1cedad28a6bd735692b028c1073cdfa00f812d39893a73600ab8dfac,3e4ce292f4b0f9535c83269fb5a7b676daf9cfe92c4616fe29d90d82ccba7c2f,0,validation,
4029,[4029],9cf876c43990b32890f5993faa1f69e071e3a8e868779f2c152f0b3544802a01,a4f39af937e422a9fdced4b3eaf83561d08a5cbcc0f109bbe621b328aee497dd,0,train,2
4030,[4030],d977704275d7aaf9bed11171dd7e41e4d457dbd1201f5ef829744399e2fd85c3,e85f368916a02e535844901674d504cade44bd0f6965083784b0ba8bedb5efd2,0,train,2
4031,[4031],6f6b869d5c4cce654e89edb5159c5924deb34b283ad6722c8a65475dcd4e8952,17d31907639b14410ef9e5b10f336dcc1208a4afabf3d5b03c932826a28f80b4,0,validation,
4032,[4032],761c641900c5b7da688cc70fcf991a7c620c53ce2c1ff2b62a486d06bfd4b921,a908cb4efff570cb6db1becc8f4c4c5cd54320d54db480b0bb26dbbc90cf0d97,0,train,2
4033,[4033],13b7b544855299c9cfed5693d1ba3529325cd6b51c2aeca3ef1827117ff6e250,bd0b883dad6151df23b49ecfd9026d6bbf09d54a4eff3912de086dda88cf3275,0,train,0
4034,[4034],873e90791c00dafda95911acfcea79baa675f7c9e2bcf8fc42b1d895dd9218be,8d9eda69dd48ced71f2e017b029111453db1f41057759c0cf0f33fb0dcfc10ce,0,test,
4035,[4035],db08462c065dde165947cc3f097398b883bc99c11fc7ff3cba6901eb1d838163,8288cac33bb4ed8f8eea82290506f4d6ffef8374dc135b2a36cbdf4614122962,0,test,
4036,"[4036, 5234]",9c2fb8a1bcb31f018ff125fd1a9ba80de6d070023711cb57dad9cb8270de3d11,172129d741ace68a6d3052a32304caefea5f31a39d161edc94daf59f82a5286c,1,train,3
4037,[4037],eb076a4b790fb701ad87dcd439a40ac74630d444d6e589a14d7bb4dfc28882bb,a60262bce05a43cdb3044bb05b2bb004816ec41236f218bcb5a5ea577c0afd75,0,train,2
4038,[4038],751f47614f20a833f29080ddb234cab6dde4fd596f933748901837174fd42bc0,18f0e1830ee48236e7359b230d7e2355cb9312adfc2dc4b569e0e214e3f68516,0,test,
4039,[4039],a27a83e9de1e8c8b4fd35ad6a2f941812e4eeabf81179e63352ab55ebe674d5a,1e7d39310acc42706e627d3fec93445eb4a31a61dbb3eb0d1b7b77e86847664e,0,train,0
4041,[4041],7dbebad7d649d755b1eb3fe2cc0d06f5b932a17138978f15bc7e0c660dcc8846,d10abdc7691341166a7bde21fcf21b672cbccc134ba698ee170cda8401db8c84,0,train,3
4043,[4043],9dcdbecf919e91763055a13f31054c568d0fd412fb751000add2b28f63df287e,5ae8ed62badacc0b40b0d562963671d4001792a70d9dbd76ee1a57861de81e64,0,train,1
4044,[4044],09aa4ef7e27a9c1040e1455ebd676d1a52b55e003462343577e7ca3333c2b506,a50f9e170cfe0b03c6ea551cdd802a65bacfaeb0836cc1e19119c298f4753e9e,0,train,1
4045,[4045],c0f60ecfbed0854db2e4c6bfd2a09563a0f75c5c62431634a4bc11fc2c1ed59d,698d1f585e99584e84e70a83a9994df6fbb4b90a26a8b241e874a42522545c83,0,train,3
4046,[4046],287b4aa6c09cfacb86e440b619cd86c390ef89fc5a0fc934ba68d05323346959,5df8bd71d16ea6940cdbe09e2de0eb48f9991b6ddcb9318a08ef9290012912d9,0,train,0
4047,[4047],e637918c6fa544cd134f77ee11efc7e9cbefce78f231205aebfe675ba5673f2d,e0b2bbe0a144ffeeb64c0a7459eaa578555f7b923de83f7194d2ee9bc99431e0,1,train,3
4048,[4048],2c85d6046f8e13c3fc9a41a39c65ec13c3393f1a413eaec35f36f30b009087df,05b1bcb2f277d0648fdbb7eb13866ee4d535b67e7525a48fa5cb97eef33efc27,1,train,4
4049,[4049],5c7401faaa879b938b99e7248f2bb711321142a375e514ad321fceee41d61de2,27b188bdd1c298a806a5a1aceb5a861d73103bb3e755ce3fe289351513393b4d,0,train,3
4050,[4050],8262ed18b75fabacd3b03ef4193e26378033a25ac9bc62c337c19625bea44d80,473111ac4c3b80498d13577eeeb3ff58f30303586e65e582b39becd9ca3267cb,0,train,4
4051,[4051],e27f655cdbcc9a53c71b3209e1069fc954496e4121ee6c90b3d3d993e53395f4,d3e9bc496db438a787c673cced77b183819479249443379ab963beb462bb1270,0,test,
4052,[4052],ca27ca31592aea0adc88124c61843929cdb4f7cd8dead2362e58366b92c1b3f0,7aa61a377e2129f66977f6b879d19400a472a0105ec27a562cc055b979fc194a,0,test,
4053,[4053],f949e413adbe45db1be772c87d6d073104c83f94d16e738e592a9ac002899022,93832833f265e61aca558d8ebb590c6e8eb6e78b9b58b08d93a0cb0ffa726a87,0,train,0
4054,[4054],ab104faa23103acbfff52b5aa05b71114f869310c99cc8ce43cfa207f1061f56,b30fe5f8e81e8ec5542bb41873c3e95bec5228f1775877c2b753f01bcb352107,0,train,2
4055,[4055],f166049bd79380d35460a82715770aac9b1c4d433e468609c438512e2e1b2d65,15fd28d605750b90f57dde7409067c32d06c75490a3ed67df96edda8bdcc829d,0,train,2
4056,[4056],c59778d217297e0a10272ac39a32e95da00a172364454f883b541f97befc64a0,def5de143671075504ca7e92bc9f4525fa07dabb5cbf364af8378063704ee249,0,train,3
4057,[4057],8d14f135c5442f043cccacc5d2afdfa4e5dc2fcae97e62c8cad2ffa22868981b,af74c43c7080f1732c8cc2de398cb849a52fe2e4cadf55e2846d23014afbc5ad,0,validation,
4058,[4058],49391643d84078f0105f7fa577bad91a43096f43bd3e68f8c8839f11db5086b7,482d0ba05a7dc79566ca7d37ba669503ed42f8327e6d07065b515fc1da89557a,0,train,3
4059,[4059],6ecc94987bc78649f60953fb6757cda052e21287abe1a2d70e57c8545a1b82db,b59a33666d4e78cb1ecc503ca01dc5f615589ac639964da9d1d9020fd397dc3e,0,validation,
4060,[4060],389607a391d0e20ace4543bb79e47dd36998ae161e8453bbc959a4d82d98f637,ea47a9f177202541eb2164b3022fa3c04ff295c419e8ca1ed090c96ea3ae5413,1,validation,
4061,[4061],4c555048cbe0a0ef07da6951bd27557bc8a699fa7ac28a41bf3390bf7c1bc889,5d26cb82a5fe3b249a9c402e96ff469cf70eb7179436dffe0170c18d72d3fafb,1,train,2
4062,[4062],2be23e63c1d4ed4594945b33d1c85e8797f56d13d4bf437107530d6aab804c9e,116a1c8f39e675ad3dbefa4ecb423392bcd66424100c449d239f61e937c3aad5,0,test,
4063,[4063],9ea4dffd966c874b7d98ef002920f1f7bb9c74d9a4968c46342f9653ea1ded30,6873d537a14839ab38cfcf3b07dea2452c43523868321bac910a660ded5a1d06,0,test,
4064,[4064],c7fdce8563211c1726367d7f7eb372cf595471c1b51b6a05942389e136b496df,b427ce01a3107240925b520cc959dc905dbac2de41324ded2cbcb6c61dc6d485,0,test,
4065,[4065],7ac8dbf88eaf0b42fa30629b380ca0026f243dbf248d3ddf905e95570b0752bb,9d96a854bd8789356b40d72a254a1b0ff10d207eb9fde5e69b48e080f1cec966,0,validation,
4066,[4066],54229c672ade735c27dad2f6247d2f815abb04e8ec67d7b702f912746373ae71,61d37320ac91c0cd69ba4dbbab5eb0537df2a8b2982e88cf6c614b724c1951c0,0,validation,
4067,[4067],838cbc6092427c37fcac5e820641521ab3796acb43150c14ecea7bb06b690bbd,e88ce4684d92059b4dea283cbfb15301714d3fe2f04939907845eea2207317aa,0,test,
4068,[4068],577d6dd467a8f7ae0f75072b4d602513d51b59cc8409593f7df0141472b891eb,532b748bbbe61bfa054790c0090d72b8739856ea1c149ff2a37ab910db27e85d,1,test,
4069,[4069],c26103bee44c926384e753eaa4738cba0ee2395d34e6d593470df9cdedaa68a3,f4d78f9547f16f6818ac06377704ec0f0f329ec96d625f6217f81eb3913f08f5,1,test,
4070,[4070],868e5db855af941f9ef938037ec89fc1b35f13c812084e484a98228f976f1cc1,9fc284d2d13473e791b3e0add3efc36d15a7ee17699584b83e410da202dccfab,0,train,3
4071,[4071],615ea5caedd78586040c3498b3423cf2a2b205d61d818938a914bb7cf82eca77,d4bcd56eca3cf9b496a365e2094df613ca6457f4b324c20b4c5b885b58320704,0,train,4
4072,[4072],7aa7878c57f368a4bd30d83b0c93fc348a2750b4d5ecb14955026c3c6dcd816b,34a19dd7726703fa89fdb52a314142b971e5a2558b2f150fac022d0704e729b4,0,test,
4073,[4073],0cc4dc215c9c3085466605308aa4b62b60fe66f9fc16cbeaf2674032c9dde082,770143a5e54494736484fd0cc8ebb23ffcb31182321c235ba13291ec7123835d,1,validation,
4074,[4074],974ff8ab33966a7811a5f4a3874570b3904cb437ca683bb59b8fe9428818b9b3,c3de36f415f18e15784664669ccb91a7204b86143cbb1945d86933d4c404c40c,0,train,1
4075,[4075],462bc3a2dde190a12fdd171532d9cab3701207dccb2bcc0902b663151aa98cb3,246fa07822220acc59395ec1daef00fcaa94233e6f56ca6647816fa485115c03,0,validation,
4077,[4077],3389885c64b4e2828d04eec40fb675cb8c218f12d039aba5fd52d4dbb6d2cf84,6819df31f67d16e4952c2a49b14f5170106c7673e23f6d30c76b43dc1f3bf28b,1,test,
4078,[4078],4db00b78ead786b1a02ab774572f5446a4ddd629bb8146b83b1b9ff504d2b796,023726216e1ecdea69d2b272610e804814d203aeeb841cead608172ceb982d20,0,train,1
4079,[4079],f966186d48ca0cc97d75da1aedb8a98006a5a03cf6926409951ee220a4ffa603,64d84cbd4b57aec1005911e4f04b915dc10e40fa25c0964b9c087bc79178f286,0,train,3
4080,[4080],eb51fe9cd55c4cde741e67e8d2d2561ee9aa5c8ad61ce1c942654745d4337b58,7b77116b1a1f61b66ebb2161a10483f8407e82feec130846dbc84e0b49c85e0b,0,train,4
4081,[4081],342e8f301e509d6071c9713f6545c945b23bf6718a61e01df34a534123fcaf8d,4f135bca18df630c50e75d82e402b7f28d3adb522cf213be44966f715f001ea8,0,train,1
4082,[4082],140036c17224e562d8a33de1b0be69f659996a61b7062ccc091eb4f641dd9d56,4c0adfab9ad1dd0adc3bfbf51067c0b258b8df6d867e2d4d0a146cebd658f903,0,train,4
4084,[4084],aa297beab4ce1af5ba823469947ce167358224c0904ed181b157cd4bc25459b3,2492b4213bf6ab24691929de9f52886a5aa37ef0c7049b478a82068ce81b1b8e,0,validation,
4085,[4085],dc553d6d364c7214d67224de9b3899cb93be69e8ac4d89b5611ea1d559244ca3,6acfa535d2dca939bfd478fc21cba63ddc459b9aaa3b0eaf5334bd25de4dfbe8,0,train,1
4086,[4086],16dc042d1393c481c4f2647f4e2f0933ed51a9cf86c78ffddffa481fef265882,e3a86052e5377ec60882bdf82d4000182a7a81cb33cf63e3eca0d1df9e7e3815,1,train,0
4087,[4087],d3fb1d3fca597502b7abd16369fba25782933e0f89665fc748bc552ef2f2f79e,56d70210ad91cb553b01c8dc53a2b2d58bf0599dd4489720afa58b01cb1bd4e8,0,train,4
4088,[4088],7de84b7a0827d918ed8465f8c7de88674f781cb4a2f91658f9edba06b984b7e5,76cae5e8cc81e27ee2053bcd0e75a7d2df7ddcca83dc892f6ca7455d4a40bb9c,1,validation,
4089,[4089],0c06a587c7371596352da21d1f90a18c530d89095db51834def31ecab9895fd0,c5fc228fb7a29ce18ba6cbf9a629c66ed0f8defdd538a0f0afd6ebc4a5988052,0,validation,
4090,[4090],865e1c31e88c858a3befb27682e782aa67fe0150bf3bf18268cb03d07b387284,bdbc61910801619a8cd85643b369a611593ce487c482b9653fa78cb7371473eb,0,test,
4091,[4091],f158a17ad62d44090193f200f3e96e1f7251da10f3c5fe1c49d3d232059accf8,44466c9c750f089728da9854731dad9ffa39dac8d476e25d76d73fdcc4ee861a,1,train,3
4092,[4092],febf79a6f00f0f13adcc0fc75ca7cf942a514553fa0bb7142a30f2875397e5a5,a4cad9d70deee91d2f8525b3e8c8584ff67ad21d1d59e3bf7214b49eb1bea5d1,0,test,
4093,[4093],fc51a947bbacac11bad8d203613ca73ba8333aa6b7c7f92be94b427ccf65e71c,771d2075b115fce954be4a5bf33c13077dfebd8c13f6c678869a1447c98adb8c,0,train,1
4094,[4094],e60659da782e4f8dda3e0409b0d6a4cf91c051ab5498e679742f3ee392426a1b,5b00d4f71a35668e79fd45916cd526122bf7a5a3b20f25d9c6b2abbb5fc60bdb,0,test,
4095,[4095],8596d05b2e4d8a273885554943a2f0987899c08b0dfa5d89fb7e7b8dcf31fdb3,be6fa8ef6858a458028f6fdbfa330c2cecefd65cbf021d72a3874555506a208e,0,train,3
4096,[4096],a680e5e557358af070c50388c99ff41b62f0e7bc66284e38ceb159568e0d5a39,a7223b50496188a6f73d5e99c329158e9c340ebce86461a5d4e25c2bfb0c8151,0,train,1
4097,[4097],aa7f1374cc401fa83103a80990fe343f670f6dab850a48a04dd734372e92514f,63e44891f98d11a8f6f060b7fe6df241fab2fcc66b0c577c379b4cfd1fee9e29,0,test,
4098,[4098],a4bd5fe555a6aa47c0682d2a3ffb4fc6260c101f0079f9eda83278b912f6cb8d,3edf167f6e0cd1d46dd2cb550b4b01fbfc05a0fa511c28b4d37efdd12e1777ca,0,train,3
4099,[4099],a3337fdf0fea801c834fe1fe28694eb386a1d00df48d71fe1fb783fa20f56592,ef6487562f242197e8d097afc25e4691dbc85b40cc7830585acf60721288f1d8,0,validation,
4100,[4100],f6ee6d99881b2ac3b67c226f8b12a9f2fae27a32782bdd3323e976b07dd7180d,fc4a374dee9229323b596b16dcc7d7679de8b383fa2b8cf392bc6f8bc21d1d37,0,train,2
4101,[4101],9adc8eae726ad532d0e91716e122339b18d851ae4d9572862795c885af856d79,8d95b1e48927396375b862da82d57c88f722033c3ec5d9f81ecd70ab8e042624,0,train,1
4102,[4102],c5dfbdbbe18f5f9403a0275b1910df5bbadb7e08412c00c700b6d57e1ca334f3,d13d0da8e26946c4c630234680b8e0fe50670f345260241a126c367af003c300,1,test,
4105,[4105],59bdd873af05c0ee886437f6c626c41320c366a334290e2802e8c728c7f588dd,bc73453640aef2c45550f2c914d458ca4e2998328f206a8b288bfdd5a7f79360,0,test,
4106,[4106],16451cdc9215810dd212d94d78cf46ccedb5000efd6839b89ed7d27c17e1c458,cc109acd24d226f476c671bb0fd65b4907f816a38e843ad028e4f143acfc2d57,0,test,
4107,[4107],df85cd3d3ae14af10be66fe65052b8b94e7b6db0a025ad100b4e3673710ee88c,208bda730b8a39936bd7664536809a7fc53db11ff57a99e064cbc7cd137a7d64,0,train,2
4108,[4108],5914bcc9a24c17c91cb439d08859223d96428247f554af5f0f9b64d9445f43ce,7fcdded0db38797b14fde4dd5ee3b4f0eb9dc205123153ea8aea16dc1d43db11,1,train,4
4109,[4109],794df80de01916d408339befe7bfe70c9097996a13b786f62ecfb8c7504174a6,55fd8991de9f4935d1d90d22088db7a92ad556a9cdc3aa606a5fbc5a4c83a6c2,0,test,
4110,[4110],6270928170bc0839c41e8140f7b264aeb1699450c262b2a952298b6ceb87f889,b69fcefea3a81a309f27c2927f3d82999efc34986c3afcfe7c66552d94babeac,0,validation,
4111,[4111],003cb2d3f81a0a1760d2700565c609e94e665c2ea568df6c4cf7fee6e6533fb5,22d3452941ede993484fd9e87faac996d13f2a497ed90639da4fe3a45e65e362,0,train,1
4112,[4112],b131f08bef764dfc6bc6e2fe7d71f39a49fc92c029631c19c8810be07fd2c5e4,efdbbbc77431d7153a74e8a54500c5941af9c55311a134c463417985627b66a7,1,train,4
4113,[4113],90cec78c6a2a4dd1a7986e340904eaf96eddcd96599db40e9acad2ebda2fa184,84f76ea49b2cefe8301643d825c5b79cee484332caf268e8fbd319722700d686,0,validation,
4114,[4114],7d0845cbaa0f0b2d75c78d82d3b94355c45beafb4b3be906d5e06608d67ee650,dd19d840f8fecfb86ae17b1b652861861f28015dfee41e0fcf4ada928287da4b,0,train,4
4115,[4115],30c7540c6581fb19e2138f0bafa0945a508b6ef5caa7348ed59ae155d65b24fb,c31da20a3966d4b0d6933cee6d35e714039264edd04bf26d46b5a4ec0f09aed0,0,validation,
4116,[4116],61427b7191021eb15d5306cf974cf6db470ea542995e33a777ca937fbd3e1ff4,398bc1ce793fc8d98a2c2f7cb9bd7336b6083920dabcf39abacb53b6d8be94ab,0,train,2
4118,[4118],0353b6d696977934adb0f9ca2e1f6d6ab7d71ea365853021408a137565aa5525,c9a51585e32562e5cc1eef4b36c4ce74178b849e22d0b86281a39db673e27b63,0,train,2
4119,[4119],269a6230f2850e76da9a3d94644297b624a941060ff60df8ca26fe9050062bb5,fa29be02332d851e3f7c174645edccca1d201a4aab4398b374672fb0e6dbe89f,0,train,3
4120,[4120],795b16eb93ee9a1c069e2d5e79459b0ef02e543aaad5c06b85846a668e8c3fb4,c2697d0e75316bd2b51dae8e8f172aa5220a6c21674a95c2442a55ee62f619ce,0,train,2
4121,[4121],37ad2a3a80027bc169ba44e8f4a9b54d1baf2e03abeb016142f1532b9d573911,b4b2d6597f13a53841c1382dd8af93ac93373bb9b0981faef5570b16b80ee17b,0,train,0
4122,[4122],43a9b3fc450d2f03d066378ba6307aa6abd84f1ad3b58bdd569a4ac315261f14,aca357ac4697761ba62ae60092fb4e70149f9140b3fdfb5a799f94f471eabb90,0,train,1
4123,[4123],ef9676a971b43376398e7fea64fa36a4f34dfa8a84deb57b729b65a4667040b5,2fc70e64c0aa7deddd5ef274ef11380d28cbee94c832fe89f1f01b582f191487,0,train,0
4124,[4124],6795b2443172bd7e1f210304d35632f81adddbc666565a5045034a4e0c5f306b,d9fbd1628d7c95fe1ec9151b2900815cb8aa542ab76be0cd3e1e93c447269466,0,test,
4125,[4125],a780c08a73137f4783e6a4b437fbd6e0ac3a7dc6772c0beecf3c210df58d3173,ccf69b71397fe12d305df402bb9a30fb4375ec419030c8c5618a39da17fbc349,0,validation,
4126,[4126],4d9ce47874a1d3cefcf0d31466a7d97f1128e2148ada4cc9cf9762fb1cd22316,941a5777731fcbed8192ae9002cbd3246e5dd2d4f255c7e7cb4de2e74f7a6670,0,validation,
4127,[4127],8c87fa70f4ca08b71fe5161b03d52c14278da59473b4274ec32d4138d9d8f721,767e247663a01d9367e88b504e38b911b05710aa829eec4fde19bca6a7a9ab53,1,train,1
4130,[4130],1667b98fc8b83e1a42804fab18849d9c62f63ff65072463e0e97180d94f53c5c,544760caa3fa7b06b5982ac690fa44ce51a340889a890f375d24bd27f343b1f7,0,train,2
4131,[4131],2fe4a2a854ba5ef4fffd088202294258eec336d680ca7cfdccf90f452e156ac9,ce03bda231382aa1c3f394b57caea1ea8663f134cc1d327f3671a6eb084b9043,0,test,
4132,[4132],6f23a9a085a727991c4c82066ca8a52cbcb41103f39c5e736ffe8164c3925214,d2a79592aa6e16a0e7abbd9a19dd00794f2d60d113b0ab6769da4205eb776654,0,test,
4133,[4133],e59f2c8e9d8600ece43559849d109851a99c43b119da8e0abc94d66559a4fcc7,3c482c1a255c99e804dd05e57c8a57a1570210aad57e75873c5a1d33fd02b683,0,validation,
4134,[4134],0c4da03f61507189b40ea30db87e77af4711aab36a76aaf629f1570de7875b10,d3b0bf5ee1a447aff200b8f2d1b8f6b282dd01a8807bd02fefdf20bd9cc0204b,1,train,4
4135,[4135],cf107868884520945044b7c4c85da7651d5fbd48ecca9ef6cffd4b9c358dd954,965f247fa2e64acea1e7dab98d428f40c57f1f307c4a5ca545c2741eca942e37,0,test,
4136,[4136],dce7e089b4ab3715b8c6e1865a728b3c96e4181613e7aceb3852c7161a7b1550,27cc314d8457ffa31570ed3eb469d6289b36b0d55d1de1f071d8df7a0b579814,0,test,
4137,[4137],ab953827b2cfa5da501e9d1235c9c729444cd96aacda86c3d2560a3fe0ac7c51,4034b7dc488142ef7304e08417fc2fcb9efcb3cfbb622130c7af434aa7c45740,0,validation,
4138,[4138],2013623572f8fa8310a8397c67106d524a18d33efb465e71726c41d384cb81e8,5bdda73bb5e04cf8afe1f2cba544abed34d7fa255ff9dca6b609ffda4c1fa5a5,0,train,0
4139,[4139],26f17b57a698b3804897ba35702703f79ce0f3c42c37e77fa7b942cd176c28dc,30cf17290394adc0f794f45ea2202cc165321b958595e9108a2c3a1c88eaa63d,0,train,1
4141,[4141],1ecbd4a0d96986e990fd9b53774a447c7bc68e85b385b17007d03c681a195e5c,91e47a866c22ff9828967e77caf6526f4d4b346f5f4aca803ada2d051ef7d4e6,0,train,0
4142,[4142],87406788d96e450469ffffd29a10e608b52e0fbe4671237c2b1184ec6eeb345d,e74c078b30e2204f64b4fdacb46fbae7afd4bf2082df3a33afa6b400d92183a0,0,train,0
4143,[4143],49ea11a9b5d6d3a15abf5a5991621679c0b8ceed0e35ca33171b8cd4c9f1fad8,c084c75382f94a968c7a27d427728062793518c367f92bc4075d461a809ae21f,0,validation,
4144,[4144],e0d2d1c6147473e7048605c35549e1623eaff3ec9c3c6bf868fd715b9ebbb152,ee8e7126fb6071cc69b4e7ff6edf9ab9e3b3d19b80a1df95f2ed3b442a36df84,1,train,3
4145,[4145],ea064d3af75209f06c72874a377ee60ce21400b2e11178e0aad339c9648101f3,3f4e9320309849f3a9c4de11564934b2825c6edc9d83f81f7fb2e4335aa16392,0,train,3
4146,[4146],757f660a604086cc3ca5750ca3bc8fbe14993ccb3e8f6e5ef4a65950506f418b,dcd9fab00bcb91e30d97e8506f8bf00627cbfedda1d970b35ed52f4deee9b6f3,0,test,
4147,[4147],94ab9b2b9ff63f6748553268f712314be8ff8dc7b99e533580adb93d08c0e720,9d4eb5401b108a77fa421f5dedff41cfa5c14851680d5e84d9eee1e3d26175bc,0,validation,
4148,[4148],0a59500c51d96efcaf01d731c027e693b483b8172fec003ceedfc8d602f569d4,60a254b5e262d9c35421a5b0325f8979a0f6d40fac9acf1e95a2a65bbe06173f,0,test,
4149,[4149],0b70193a515666fafce9dd32cacf50fb5e302bb4d9a4b2e77d8bea11105dec76,93f75b5d58440ea68c2d156cae01ff5f66164dfb602521bec624cb987fe1f69f,1,test,
4150,[4150],3b685220f0dc2fb81e9281651d49feeb1b9480fc1254c2ac3c9fc58d87dfa6c3,fc5b0d02eb8384d2b70ad1569e1e1fad376c4433d26084204a52a45fd9c0deae,0,train,1
4151,[4151],0787407677035672442418cb3d042c70a29a11f12a69ea98863ce9dcae73cbb2,0bdafe0424f8a82064b7043d3fcd3bc3cff5ea4c9151a6181227dd78c384c1d7,0,train,3
4152,[4152],8b64e5aa6194a560b73cb16305c34861bad6f41dd53c270aa20a7584fcadf416,71751214e69623dd4cdd913f52d79eed75d49f767ecfb9de169cb55a2820f7a0,0,validation,
4153,[4153],40d1edd2010be802d0f72f3a7173b6c1433c7ed086bdda666d3d48933e767581,fa759ad30544db4bb803dbe41edc5e5ca627320e9a996edf8bf876db9d6bdcb3,0,test,
4155,[4155],2a2874ba76855c39c5db75db39271b43980f23b16c0c292a287ef0491814d7bb,7b1fa2b3f5a73f668cd2c41a21c441f0c98f3e099bcf08f3d2d6252d1ce17438,0,validation,
4156,[4156],503c2871a8b1bd8309c8954ec8451b5b6a79697b897d7f757951b45366003e2d,290c9de9db8310283e9952e90384ae1e134339268dc45355275349150c027583,1,validation,
4157,[4157],2dc006950b120796c1da1e2b92f93f493955669e2fda7df88d2a18358a70a515,c62d0b043f9d5fd7677125011d8098e6bcb8b4d8581ebc899021c357ae51b93c,0,validation,
4158,[4158],c342b9f4f25e8fece990979b5db3ed9c65741a35a25dbe47e46cdfc5fa6dad63,b8c621cb114bdecd6405cc77fe944a254d6161e3cdc5e35cfb04514bc52a9dc5,0,test,
4159,[4159],bae4eca1e07a1dc61ced0b4c5b6fc1132cf582d3778028eec65fd9ae363229e9,a556883330a5aaf8225dfbc42512576e03d1fe28046509b332d2e7147e466591,0,validation,
4160,[4160],8eb583c359d566a42e64151ce2c1d4d5c97d20951f1895ba11372f4f346fd39e,b062e7d02723a48f0d10664dcd906b0c39bec8bd9865af76369cfa934d578aea,0,validation,
4161,[4161],c005436b1417d3b9540944dc0ccf0a039f1620877932854a4663fe5f47a72cda,cc50c148282dcb55cd0b5bf62acf62f21117cbe59ddd252f74c2fb177d8055d9,0,test,
4163,[4163],f2cd37bdca5bdfd6315f4bb7b4b0ddd70e939b60ce36e15c77e862e31c47dafa,53a624c12ebbca669c69a05197c09660ab72c5343901f70b6bc7b6eaeb72b106,0,test,
4164,[4164],9466eb525e0f5d90f74572c7cc43c5891e9524da698ea8da36fffca2885ea947,82be0c4b87c3559ab962396c7e498b10ef378e4e3edffb4baa566db78001325a,0,train,0
4165,[4165],6471e53ab4286a7f30594acbaad603cb15ba2b85744a0844440359ce4f6bc4cf,780c55bb7c736650f4d1fb9978a07bca16effccda29f636d4ba8c0ee799c54a4,0,train,3
4166,[4166],daa8dd7eb977391bfe66533556b8ba2f3ba1fe4103bc45204830b88b97c326b5,675d98f8929183beb9f278f3089aeb0504fe1e0936243ef6e454537bdfe8ee3f,1,train,1
4167,[4167],24b130c2bd79a6d15fc69139ffd0fca1cab1e4bfd7d8213455027ddfe7ac9b24,3587bf3e3ce990ba042e847377cfb4641b130369dddc944eaa541dae704af2ae,0,validation,
4168,[4168],5aa18fdc4fa624b8de0225326d21068321fd2182bb33d78c698967c897ad65f1,111adb0f1addb9b48ef1451e73fa3bf67024f5b2cfe715faf0b15e2e3098ef4b,0,train,1
4170,[4170],b928f82b56ce97cc84fbc003054c0a022df814af133e977f0c85baf1a0255a9b,6490db090fb86ba499d85e50dbd9286d6b595f23016838645717d07d45166cf7,0,train,4
4171,[4171],29be2d87e7b98a1ed0a34156c29e1cfdc59bf4d0ea5fa40f897c56abe625b599,63bf1d60c89e9e12c1702d9990acf3815fe347edf0fac3630a2be2c3393928ef,0,train,4
4172,[4172],ab500e93cf59a80e63c42d6be54d6bed0fab505f91fd017e2ae0787b6c742e89,1d96bb867d4a884dffaf4c075e6b138f11ac769fd2e9f22c68089c0939e9b188,0,train,4
4174,[4174],c17faef1033d5103c3012dd0555f690eaa7047aa028328812d08f1c0e8ae3402,c7caf3d18b245dd2bb224b713c82449fef0a7e92b418cfe89ff4e85910385723,0,train,2
4175,[4175],1e67f49c04714429c1ec251f5d14e9180a377470dd7955bd9205fcd962694d42,684a7fcedfa8e17daab1b904065eb71aee761bf12bf61a6aaf1d58d70fe7fe5e,0,train,0
4176,[4176],7b1cdb4517865b5b384cac2053620d24d1209aba1ac7bcb5758b4d242cbb1401,4e5b2836a26a8e732fccacadb3ca1480c2c4b326f8dab50f5b8923bd5d0d6663,0,train,1
4177,[4177],ada0db09b02f4a3864d27bade2fece6ace092630393ab721141e17c2408e0742,7d667aa8d9ac7a47b57657fd4d974cd69e6cddc6de903fa48f3803bbd886ce3c,0,validation,
4178,[4178],872ec3a72d3aa8ec6d84c36186cb18e46f1c1259f8a811915f6510fce68f0ccf,3ea5f2b2d4935f566a352f37708eecd401b5553e4454981b2dc5b304ef23550a,0,train,3
4179,[4179],46f1a053310c6c17a105be817f36a7c31ede425567d54990454c989234af60d3,4662061a63b5425222e62658bb0d9efc66af9fdf3c79fc459fefcf66461b822b,0,train,0
4180,[4180],027a245989268d7891e2b6c1c6698ebd40017497b83b6a8abea88e6a43fba5b0,8a8313798c8b15432f89c098f763d152435ff26d0f41406bd6e81b6ed7fd595e,0,train,1
4181,[4181],54fbc6b9c36b65fcdb3ce22f9c9a726935ea212e63b804f86c62f1bb9d5cbfa9,384671d08276c432ef8cf39ab13e76000a5169b71f04bc61120e4716c24a072c,0,train,4
4182,[4182],2a169fcbc43eb129d48650d08ce47e1882d899d2d9771317cef5b1078f44f8ab,399fd228fe719bb15e54c4b07c8ec41695b37ebc712ff8b62b00deef20b5dcfd,0,train,2
4183,[4183],94886e960fd440ca1b659e6ff71b7322604b56de5df61580162c82f4a5f469f3,6b0e2d592523112409fce36437fad6e37c7c7adbd22760614e22c4e9cc63adce,1,train,2
4185,[4185],9ae0d51547f712cd16d2dfbbeca52830ebd140eb528a181d87029a8304ff0291,9950c8d03c74d3a58a2e64c0b27ba8a5e83f157bf3545cec483a5975769abb6f,0,train,0
4186,[4186],a2d0383b7596ddc101212ece7ca4e40ccf58d65f227d0e7e5a2cd02b61dc5851,82fef6b52c09786d24839084f1631fe14bda59f14521be5b365e45d1c4947623,0,validation,
4187,[4187],e80b542eb885f3f2a0bc35617e090340b4f7acef1c28ba76de64a5befc86ec60,1382ab297504da99e9facdd3cff87807ff98ace41a1ab8ad71e3d52611954f3f,0,validation,
4188,[4188],607ce48b24a1a1413e6bc180326078b20465fe0e4b421856b11c850ecb63b1e3,fd2979fbdd264848770ec189cbd23b580083dc1687271c9494665cb3604e0a45,0,train,2
4189,[4189],32535600955b5a91ec721b14316a8b354fc3051a465c4eeac6bbf021ac7d5dc1,3fd9bb76ad02d8371a037e5eb73fb8d3105634695e014d6eb2f54dec8b4ab7b9,0,test,
4190,[4190],2e41e11bdc825bcb1b97f07e99d5668d9be516a253049167b9cbd8cec1f480e8,3b5f9fda78da2ff45abb919b65ec6860f0d62fff3c14f98e433c8abee0fe112c,0,test,
4192,[4192],f19da51c9e9b876f51007614a4a6cab57e6c3dfa0f87941617516874498014f5,799e15e528c6508059e69b49b26a0f9a3eae5cc5e74355015263eea21e717de1,0,train,1
4193,[4193],ad890252ffda9f5f329fc4fe0649be9d58bcc544620b72e2e71e2e7fabb17f64,5f7fb75773ef80b623f37aad696fb23577280a2424a70f7447b4cb8d1a67c501,0,validation,
4194,[4194],83e8215b040c749884c8679494d30b89bbfe95d733497cfee3d55158d8bcefbc,d65ad46eb641a0b70a330253b4cfc2d7a7feeacf798f106189fed06cd8bcb48b,0,train,3
4195,[4195],7af81fc1510c3bb72549015e1ae1a0c56fbfe8b94c10acb3d70cdf108b873967,1e17d69a6db3c101d01bd59fd355f2c7680dd560d883f8bc0b1bc6f3ee7cd424,0,train,4
4197,[4197],4b18e6e21d595c35a62c3941ac648d2051bab440d188bee1fd7543a7b81365c6,6313ca6b47ded987a9f63e0aefee5c862cbc4500db7f6adc63380664f1beab1b,0,validation,
4200,[4200],8e5dcbe1332e300caea1dea28f0f0e7d62d2f96305f2069abf38a6ad814176e3,582696880b8f41b3ca326c53c5e99d311cbeb4c52e847778b43b1f0fbaa33b9f,1,validation,
4202,[4202],94084587f397d0398cdeef0fa21bb4db6e756fd6ad65cec6862f516f3988034b,521605b9b9db29d65989683f4ccd349971d4c592ce6992c9b2a99ad74a9bbe23,0,train,1
4203,[4203],91c54b10e93cd27d33e916a3bc3911ac742b1e3dcdc4598c48abf3201e78d952,51bf7b74c667973f03c31c9fc4eb4403571aebea4bab34903801121001089916,0,validation,
4204,[4204],b4269f3a8f02780018096daed3bb710d50993d72d959fe8c5069f7024170af6a,bcd28fd8bb0955f244862b09b38744e9c5109c6b3c7dca18501ab951ad5265c1,0,train,2
4205,[4205],c0a6469aa5f18b7071e1e06c9b17021bf45c01b7775ca337d45f217e8bf485b7,ece8d2235100b377a0110bf6255d18e042f3af86356e94b82267e69f73f7bb24,0,validation,
4206,[4206],dd3792dacb7c277e49e537f6db4af0ac05361b63eabf680d09d1f50813c609bd,40b1d55bbc96bceb168e292870cc60c329579a776433d8b21d974e1ea014b815,1,train,2
4207,[4207],f7bcc4dd49b545dae0e4ac58037c14a3db8733d5af563fed3a8f475eccce820c,be62b1471ab15072ed038e31cc9fc5bbcc75bc9fa148877cdac9703218eefe8c,0,train,3
4208,[4208],1f891776577b1c9f9f7c62ea119bc2574594a10da88dedd03a746350c471b058,d3071c0466e88fe7a48635c22d553bc7577ff8223a0229f5fbe3a6cca9f605de,0,train,0
4209,[4209],62f1662a1503a8f9d650469d167a1320bcbe78e500c928477fcac8782d2aa511,f78eacb0745796c54580118bd46f674338d38840d369a081a3e56202008aacb9,0,train,1
4210,[4210],5d20aafb503170f51a56ed4ab7be3b93b7e349d82dc263a96f1af975b709fff5,3e3f1dc0254e740bb7a8174005f3404801621a0a73c3060397d8b26712946b17,0,train,4
4211,[4211],3693d4a5456916f3a0bc26deb00552b0a3e08632900b20d53ff0ad4d7edc29ff,4832e835c6082bc828fa3e51dfbda651dd52061f8aa842d520919b7bffc4c5a9,0,train,1
4212,[4212],f36af14e3a39e4465385e8e390622be1adf55e4c85799ae54129a2ddfdfca5e1,91c309f726bb057a173e2e228ad14f785c8b8ba78f0ddff2f2c6130527424589,0,validation,
4213,[4213],fc5f45e0dc9c922593b22704d6394663fec6266493434eaeaa3f4ad55f618315,ced10617d46b4339ffb4300a44f319633d317aef1a224edabbf37abe0f9b4ad8,1,train,1
4214,[4214],ca16e8b216a322be0afb4d122bc7895bf54e7e59be8927746560eb5b47ccb487,b404f5c7c9685799a5f4064a93e2c96db8b0cde2657c9a36cee95deb5daea670,0,test,
4215,[4215],a972e3ce3b04888e6e0642844ac516348e4b5870155a53af5eccaa3d624c5988,068c715c8af5b008f1b9963b23d15b643b5769bc128d5014aca9e9c26b662b13,0,validation,
4216,[4216],929690c3482ecb98ea34b569f819c991cbf1426c17be4ce0e485d15a74b7a2ba,112f66fdd6064f744db2b08878deb1815af6c00bbc8fc15b6dd02b1c88973337,0,validation,
4217,[4217],8865632808af513db42e6d92b8f499f4b7c23779f1f541fffe9b17a39354630d,72af2e7b53bf0429d74b14811a67278294aa63f15b4d7baecdbb791c13d1049a,0,validation,
4218,[4218],9c662c4641cd8d37f3ec6540df9dc3c4870360169983b005197449dd075bb7b0,4abc30eacb6bf55560a23ac841f4b2f1d8c300552090aae22da50a77bafc04dc,0,test,
4219,[4219],137ded01665af842e3e5d021fb7ba8ed26096de41a5f0c9ca552f3ceb5489553,4bcf905953c753116889b6c0f10f4097559e337488c8b68ee6625fbe3e70d8d1,0,train,3
4220,[4220],c0240c0c4d00da46f07c38abf7f338964a72e487e4bf9ca974a861ed093922ac,de6b390b7b97b4e190cac0de0fa26aacd54cfaa1bd6ca5f5f5b562fba540f3d1,0,train,1
4221,[4221],5fcb95c5767018afacf6c754388e5955f327852c712dbe6e18b14c22695738d4,2d52586c9d5fbe94d8090b693ca51d07f1cdb7d7c4dd35942e51b2db0a766373,0,train,0
4223,[4223],826b5d0781acfcf3552c25f1d5da121d146f57882c9af8abc24d3e03e2e9833e,5d6a16d57037c2e2ea12e8594bc0e9dc3a10f44e5a36f04a1acc9f193d8ad4f0,0,test,
4224,[4224],8cdaf36c7ea749d6a4eb439fd933959a702bf039a793f7fd4213b03c79955b53,6d95a09c5dcb9c37df7b05af5adde3106170777e6bdcdacd32a9e9d4e2690eb1,0,test,
4225,[4225],904e47b8b09ab4c4dfb66ba260c8b5765bf629a313635b9dc9331b06c271ed95,edbd07f414105b3b6b3c460f773d89039fe92ec015d4b726a0f89fecd3701110,0,test,
4226,[4226],ef01aad28d32602703bf73b3f5384c359501e43fa178743c791d4a82413cc76e,8a3e169cd1462cace916cefef52ba4c27ef2a1deb7b7d55665e8fd8db3013bd7,0,train,2
4227,[4227],8e84095a7498b79f0ac1108f8eab9586c5aa3afdb7e2b8d3d4af5680f0824380,73d5761dd23ea1113a677114274ea6adf2eeded8c0ba35e3d8c5ca24d13b6a3a,0,test,
4228,[4228],f79afde2feda4251203177748a70be9e59e41c92608d8f01612aa73a433ffbec,17a9f320abfa4fa14a3d304185ad1e1072cbbb8c75f4d45cc5ef64dfc0861971,0,train,2
4229,[4229],72bb1f61ef8c425e6ef207b10ca1d1b48aa24b643ffa77cf3e5fa1599fe193a4,927de4f0066690179516daf02927cb67c8254e80b0660c03978fe2c1887aae08,0,train,2
4230,[4230],519fec3c93c5549873379a07177fa001c81bc978eac7a805651898dfdbefee0b,36f7648419bf65af434a39adc5e550459f134d8d5ad4c6d7d28d2cfb5159b980,0,train,2
4231,[4231],1cd6ddc72296929d2406fd2d59a44a9c6278ab9fba9b0ae224c0de7c41d11cbd,a763c2dc47fd8acd2460ba4ed5a7ab836edd07f7def0eacce2d736b011534901,0,train,0
4232,[4232],b02b1505ad90192203eb757852dc5e96048b57276aa623cbc7e1cb2916320e65,054473c8eeffb64e2373077dd55ffead829dcc838b212a8dbd61c7bf0281a977,0,train,2
4234,[4234],d4b087c173803e8d9ff018f4fd677bc24de775efad79668f65a8bce767e809e6,bf56f917ade9d791070462fc4b12809ccfef1b087b3646fc039e12b93967d9d6,0,validation,
4236,[4236],6c5e2fe0b8249ee5f6c4ed609b29285a48029799b8939a0f69f6f70350124901,bde58d6fcb14368053989415fcae8787a4cbd4761dc9d64f05ca201823cd0432,1,train,0
4238,[4238],ac3595fd128f229f451b9c3fa4effeb649a99e4dd6c0b139c7f90549fa30f144,de90291c4052fdc47131aee76f4232b16156fac411fbdb0ce68c65d5eee6f8ff,0,test,
4239,[4239],156b14792ed75f07654284dd1f86797610e3944fa2fab47b23dd586fce60719e,6bc61a78a72c0392403d213cbdd34756d68a7b3a72aba326d339b3d81c1b6f56,0,validation,
4240,[4240],383e36c3c4a14e64a5accb37f3cdeba6ac4b5cf1fc5bde99249aa88b05831ff5,aca2a8dc0ccbfd71d050d179b2d171f046ca53b96b48bf240b1f0a5d71ee7a4d,0,test,
4241,[4241],69bf55eeaba76e09a4c0d3196f11edb4e6349c340d0050155ac321abe92820c9,001e42173e4913dc542ae37310b2f17d00471ff15bf87b3a75ec693aed9e0104,0,validation,
4242,[4242],15e550239f544729199195ea7d3559b82112defb4d960f92aa66b53918b5f28e,5e0666d7d9f68182d9cd35e698b5b68166af25ed756b41e7976fb13229794d91,0,train,1
4243,[4243],d90bd13baff6be09390338248e729c8aa6ac1c60c847e6510dd3f37736eba061,18276924ee192481128098e59710f2ddaf758b958fd8c6aa10dc16d16689ebbf,1,train,1
4245,[4245],a42c1b78e51f23f70295f0f7718e099d633ddfb5c46deb21d209f483a097045c,b8c305a1f8619b1aa9bf74c2eba3015a0dec9de4f88f55894ed4ad268ed1bbce,0,train,4
4246,[4246],e3964c0ba2b5e1706699b6ffbef1df0fc2b8dc45323b4af75a40f0f298de4ff0,a0a854327183a8e86a0b284df155cc2f97180c76b07a1fe7928b15b0656da186,0,test,
4247,[4247],410df52ed08c4999d427051cd1b1747c470eac9e72cc7175453432014025ecf3,fc0bb1cc4711d1db60c0a78c6a50416b847e09a4a28ce48c33cf0fb57b42d4ba,0,train,1
4248,[4248],1870e599946d9663f1b8e4b3e76a68d611e69b1720f43f28565e8e78b198fc0f,b016e896a98cbef4f3beca94f1f01457a5fc65b4082b1fa79a009ba78438198e,1,train,4
4249,[4249],d5c03cb2355eb70d8ddd4d105085d4e78ceb55bc94d5f1501fa0a761be00b1a0,6d0325d78f9d93e1c638eb26231854163a6c44a380596acb5bbc1a52dbe1bf62,1,test,
4250,[4250],0c88eb38f25aaed7a36a860191d2c07b01366c3ae66d40f28cc52db2972917ee,5f085a41107536f38b2c8466e972afe2082161564e556e0ad9a21a78cc6d4e2f,0,train,1
4251,[4251],c9e66cdfdd6d314ee965ab86141d619528ff91384cec5bc2708d78d93c006d14,2e8cfbf051244247a63a93c90691c56971555e9c6d413d0a3e42778c86b06c2b,0,validation,
4252,[4252],a89470cf684759d5dceee166b9fcbd6a62484df979b3509eb5daa1e50dfc3446,19935109f938d6942038204043ddfa696bb38806e42a47619ffebc2b775a2ed4,0,test,
4253,[4253],31555aaadbca27031c3906813f4ac45516107d0ffb6ad83f45d063ea82af2947,fcda59c271bacad544d29ad3794e663914cd988e5cff79b2324b192dab00c7d9,0,train,3
4254,[4254],3b4a88e96806d9a91f6fadd936bfd541f057f6e351e9507e868d647b59384c2f,dcf020de1daa8221a382fd77879c9a76f105bd2f1b2ef29518f9eeabbfba8bce,0,train,4
4255,[4255],3fdc13e6614ce061945bac099d7dfb3a00db03177ff3f02a17f87bfec268b67a,4fb04fe83a9a19570cce78f08e71fc9cd7b14322efefe5ac25217b1a22c95a37,0,train,1
4256,[4256],fcc3448b9a10bad1b8bbe3ae316f87dd97273b66827573ff26ee83ee0f4dc422,76cbe5f34f3058bff564ff28b1ae07db9c47416247e66724874f575b93f7459e,1,validation,
4257,[4257],fb587d51849fb099b8c88edddf2db64f640ffdd71c189289a50eb5d53511daf8,0fb33bf236fa7404907eb715fa1f35cd32407e3c4dab6eb13d6aad143ce3b81a,0,train,1
4258,[4258],14e55cb9aa1ba4c112c92f95cbd004b0e5852b2f817987fdd1e3edbf3fc4830d,39ccb7c56585784915c9df12d5b3ec11ad72bd3493aeded86808afd0ed67ea98,1,train,3
4261,[4261],c9e7c758a90a0c70a70fa6607563478e7919ecb2f50ac38693b52bf394ba786b,2d0e30f43ad9d2844555aa33ab8c4ea4d5e5d37eaca83093eebc1ee9a5fb9c30,0,train,2
4262,[4262],788a3713fd03821c929e15374c278cb925b7b004571cf4e7e9be93773f4d605f,0f21f2f04022113b4acd48253bedd4c751f9ac7e8ee959521c3e20877646246d,0,train,4
4263,[4263],7273249076678852b10a141ad78bff6e552a0a40d7534642f7866e2878abed74,2228fa5eb3532a2034483dc2d319f7814be973d8ff54f4e8c2acecaef005e0b4,0,test,
4264,[4264],3e148d75aeb1e88846e65320eb3d71788ba7ab615971414a8c4365964569dd01,8277a2ef04718e5c823dab9c4519231ee335f4c50840267d21ccc28a2f8f4750,0,test,
4265,[4265],31f4b986f636507db729b9cfbe3c022f2c60fa20feaa394bde837ea6f950382b,52e9cda9cc673edad4636b59abf3c50bacc69d2a3326849f08e2ce5f571eceae,0,test,
4266,[4266],dad34f6f3bec3234988c9b6a58efde97f11333e84ca458ef0a79e5d02f065fb5,f51ce1b38d339cc8797a3f92b2d238a2eab47f85f11e3c9a58c2a46f3941c19e,0,train,4
4267,"[4267, 4392]",fcba71b0b82a026dbe71b82a3889d5e572fdc7545eabdcdfdd57c0a1502f9cf5,1797338e1a62ea2fc5995be67983d37b6ca726de85df1b4c2f12bbac84faf0ab,0,train,4
4268,[4268],b923acb29c8393a98b958300f5a9cdaada4ee721fbe06c3eb7462d47dac9d660,874727329bb1deea2c9bee51382f4531c745cdea9e32ac878ddba691af27915c,0,train,3
4269,[4269],e054b8d2680a6fdf19f7944a35605b689ae309fac1844e9de2d4114818cdc993,984272e25378830db1d5ce7728a25d577df2515c86df6c5602e828d50b90e7b4,0,train,0
4270,[4270],e7d9cfd14d9b2b913219ea247b673026b5aec7f9156ad617813d4383b638c69f,32a63ec86272cf27ebda90456d2f318d0500ed2676dfbd90db368e95edb69f59,0,test,
4271,[4271],baf8b48cd6a96f8532a814c8fc3c796a0170808fb7c0a8b19537480e84822b8e,26a5992964d36210f33eebda855dc97de2d064f3e394b63a92540c42ca2d8266,0,test,
4272,"[4272, 5216]",3c198f06bef2c84d2635dea0112a4280ea3e721a83ab4be232766d3a1b2c7547,6291c0609967500fef71fb8a5ea4c17ebd4be8b5bd15afcfa6081fd4d3b5f729,1,train,1
4273,[4273],910818e439c48ff25a6029d4001d554a87cbb7a85872005f7ff0aa00287600a2,ecf222ec09958c9ee0fe1ec4736df3d52648911ee6a81c2e3cfc3b656b096ab7,0,validation,
4274,[4274],f54879347eb5257ccad80f37de6ee8950ab326b409769c5af21cd364de5b1951,657f77af551c858a9870ea1c3302a0195a6d95dff0bdf801bc9da6471338e536,0,train,2
4275,[4275],318fef2c38b473390e41ec9ba22159605d12e46064d250b922d9afe7165ee2a4,67408a1d1e21ad2485947e513ccacb0d037b845cbf7be14a9cb7e210ed378d7d,0,train,0
4276,[4276],aa5124b828fecc462da10c03f7bf9c4aa461bfd1d38cafe83a1140e9758b3984,f3bee1e79939b5a7d10608de490b3b7377d07de5be5041dc82772a184711136e,0,train,3
4277,[4277],e12484902fb6038c4bb93e5676c8fd5ea3c0db1c194ccdd8c5e6f0822a4fd7a4,9443b3fac77a0925a7130e019e56606904e92b4900358b0b8b390c9de29e8985,0,train,1
4278,[4278],e1caead6057cd9511ab61fc239537a258bff20825649099cab1b55899aa9d169,57b3af2545a34621a92a8a05627e22ab6c242c727cb293a3f617d0cc2270edb3,0,test,
4279,[4279],3c4ea25ad602e7b4c52d4135e4fb8d28ffa6ff63e36148e5ebe653c9d8eee782,e5441a686cb066ba10fe635f1c9983b1f8a670cd8a343bf7fbca4a4167adf8a5,0,train,4
4280,[4280],b31c841991f142f646a3638e0e596765ae43466088cb201972c9a58735c1254b,989b0ff0031139bb93089c3ee93b358f0608f6eb5cfe69aa0a563fe2b12d7b96,1,test,
4282,[4282],6ca45bc8b43974147c66194642e9bab95eedd776107767bcecef5b00ffe401d0,8d3789724b73d28e6e861266b3c9bcd9ae2dc512a7f24c7d1fbbfe9a096bda55,0,train,4
4283,[4283],39b684bb33caa7a583b0df16a81e68467f3cb517bd144cc02ae0996d1ace798f,cf786cc45c0052f8a3b11b363e77bd7d8808f392c895af2fc79b6f58fdc8512d,0,train,4
4284,[4284],17e679227644d22c9175578a6c0b7acf129b8fbb461382bcc21ff85d9d7b54ef,c297ce68c87a1b39c5e48c5947cbead4bd42fcd23034bd5b44ba71bf50c7242c,0,validation,
4285,[4285],9766442de4d977d0b36f01c9be680e41db6acb2ddb8573b0020566aec2a96bf4,02d5d22609a1e3c564e5e3bddb6416303a9b4710f8e6c7727b7095663a338328,0,validation,
4286,[4286],85401ae110db388a5cdad996d3d07698a599a551f36fef0b973bb731e7547e0d,e8ea8b22793c3b4d2d000d8a9853348c2e0ee096781c9cbe56ec6030200d8706,0,validation,
4287,[4287],221742832b323346f4035116ac882cabd761361139d27ee92db3317070ca1f7e,0d023976865e189ad489424ba1949c012046a2c171c4f39659f50f318c0c3c9d,0,test,
4288,[4288],812876e508d691b3e2357e00fdb31e2b872f4ffbbd642b323c8cf2e4529df441,dbabd3ae8921cb4c197d94bb4059a1198259212ba7fb7f667cc54a775cca76dd,0,validation,
4289,[4289],1bc48d0baf4b1bbe37c28cfcf87ca121b07d3708fcf2deea9de6cd1c9ab804d3,0a23779cac4b458cf9c45dcb8e23e564ecb4f7971a712aa334e0a36d47588983,0,train,0
4290,[4290],2a2a12c876ed02be539a9e161d8c78aaf9d08fc4f89b0aa6246c1dfdcb71bb04,733486314fe32ff377426bae9e29e95168914e7c0c52a4b70b059389eacdb725,0,train,1
4291,[4291],3623983480abb2ac769ba88ce9b4e8095c863c55d7088d6e82831357e3756d98,51ba9779c118193b287a340d8b95edcc9ea3c8daf2715c88c59c2814446648d3,0,train,4
4292,[4292],484d681e6f11994a907d445981c68da0350d28fce44aa245e33dd81624ebfcc9,ca0d015852f9707b5312998a72f13851fb90af62faf48371ced1043ba86d6feb,0,test,
4293,[4293],7dc6e63108b0f5acb01cda1257fab3c876d664f8ed8fef994b8e420c9d0fbd3e,c0834ff126edbada1027ff0183ea7b7d8083238df8e12da669de35700aed5462,0,train,2
4294,[4294],688958735a2037c7f9152c12e7b4539be2c502734faaa6219740cae24c9d148b,217a473ebbda0a8193ba5299fbf9a02b4a96093949050be0c51ac1bf3dbd3d27,0,train,2
4295,[4295],fd373b919555018a204ba600c0e23c11768a594a1fce94795243b0290d76e3aa,5f6e585887a7106a14480e750730f24a9f29590605a0d99ccdedd065c309e012,1,test,
4297,[4297],4eae2ed1a257c240905c1be3477c3f5f0149c51504837babdde11e1a39d36ad5,b2b82c3e3c6bb7f380d931730392f42138bd4d249658cc13630549daeff8f808,1,train,0
4298,[4298],d8f15c9488f16fa3f21fb15d41044428552e31da8eb48619a1676b38a85c32da,b5e52a8112858d3385a96b35e2e8eb1ac6be5c1ac8e1d58537a8463ab6d9e321,1,train,3
4301,[4301],fc6f9b46b32295728668554c89a4c23b24d43fbe5ce775decf929b9a119cc8b6,da916c022b93ca84a9f4c2f965e1ab8c9e3b46c34285218d7b4507cd845d115a,0,train,2
4302,[4302],9087fc85230d6e66ef877c84f17da2771f504399e6569cfe7cc06b75dab6ad72,5ba3f50c49eefe20aa14f784f601f4fa3361a0b0dd3506ed8034e44f676c8839,0,train,1
4303,[4303],c0e73fd8fa0c3690d39fe89fa4de1e926b8ab6afce6452515a259067089621ef,ab51f08afd5830560688c3e5762c468cb1f4ef1c06e015d357fb9eff582f1932,0,train,4
4304,[4304],467a2e62a959d192f7d2dc393171fb9ad14bb0e2aa849d655c0504aa2abd4dcc,f26bd7e5d100aff34427242521542073668a332f3e9a3e35d8268078a941fad2,0,train,1
4305,[4305],e867678c5e1d5cee4cd37f8e17d9a361bffde3c88df2763064abf2caae6aaf1d,1b1fcae082c22cf1a127b152a2c2ea2f7a3482a3e2451dee4e2065f509600d6e,0,train,3
4306,[4306],38721f0fc9f95e00e93b3d20a6147c4e186db2eb1fe34897640167922243a350,bd624fd021e5596313baf7316598f65ac65c9da98f7b7866af8ebe65e02fb227,0,test,
4307,[4307],ffda578c439409fad9e7dce114ddadef157dbc1db957b197a032afe70045f158,cbd9ff80336cbf55dd182ba0fd3c344a0d4582dcbc1f0d87bb08931c57ed9f84,0,train,0
4308,[4308],47f1d86e863309431e44b68a29985ef2cacc7e16676aaaf21fb789b3cda4709c,9d9ed48b7f5a02709839c4b4c154241581daa56184faa23e0ea057d0649c0733,0,train,0
4309,[4309],44ce168cdd3321a157818f460ba5d5b31b3acf18a83979d82f48bda38e22a187,e49d3456e2d583d59a8205e5a35979b384e5232f0e1555c683e66204b9aaf89b,0,train,1
4310,[4310],e1b46c0e86360d37371921c80623a05f9d3a51cb705f744a4ec3255f6ffee9df,0c5ad9fd3cdb09ee25a0f0b3ae09b298dee01805f172f382c88eb826a7b6507a,0,test,
4312,[4312],8e0705f177e6c9ef6c89eda9f8f06078711ff960702091cdd83127c77ddb9aa7,698d59c3ecbd9e031f6872846120caa09662e257382eab7cc083db4abf5c1875,0,train,2
4313,"[4313, 5217]",0439c4a106fce7b0f486eb4e8e10c64aac15c75d5ffde079d9561dbc4b0c74ce,4bbe7cde715c7dc52bf4386afe1012e90ec376c1faef2e207d8653e50fdb116c,0,test,
4314,[4314],73af702d030a10c911a7f202adce08810588a6f6ed0076d4f1191b65c0c65689,ff8c2cb9a937744aee002b444b3bc2754442a9feb5849fc8e5cdbe06e5d4640b,0,train,3
4315,[4315],2b3d3cff432bf5ee6afb18a659b69eebaae74509f7245ba07eec90d6912cb707,4e78ee0a2a99b1dd31b5cb5def2c4abec741ff36189ceb6ab7ac22647d93482c,0,test,
4316,[4316],b11495653da0f613bc15fd71825e23a4e67f968abface0d1749750f25031136c,989242b4ca8e33b6dfea8f60a277d51015c2f92dc542eb2cc2bb2f4f3ebb598b,0,validation,
4317,[4317],add14e52f0a79ea9a0276dc6d438321cb99b2d73475533bb97d2476dc70dae88,703498d260b8fc1bd3017921c145b31e69c8f98720fe84d91397c92990ce01bb,0,train,4
4318,[4318],ef9962a9d46a1d58c359819d6cae7218775c8a901ebc31320bbe39bf3e25fe36,aaa62b424a126f68ce4c8ff3117cdc676b0c4407bff69d7351c292be298e3075,0,train,0
4319,[4319],e378226544dae983533964f4f2929fc6443384b016c6e6ff3c4fdce11d6d9c72,aa542d1c7837df0806ef04c3e138f1bd987a41c90d0dd7e8f3595ee0263afea6,0,train,0
4320,[4320],d94fa014f0b8dcdf83854f597eecc480f93c787c40c7031d547d8f1ea04384cd,df8b54f92d695057e12236279a04cd0131cef2bd9795defc5afacf28341c2150,0,train,2
4321,[4321],e2251aae739f992e58d0703ec0be0e1a877d0900b86590a9fef6280b642f8537,ae09fabc703eef2470161467d72a495f4c24186bf101b53239d5ef71ab76f40e,0,train,3
4322,[4322],b5dcfeca711c2ca27b1067ca968e069ce5cce15539fc435824ec4321b6e77c6b,985f0c0d5c0aa0ecfa8290bebfa71c1180c1ba7518b1b7898db26e6174ac305f,0,train,4
4323,[4323],88a65c91494f5f555a4e07a3cf15f2f0d7de09cc27069217835c35cb781440ed,df7eae8f07006ceb3ce9e190a582170f04a5b7c1e4a9facf007c5955a028d172,0,test,
4324,[4324],38ae8fa5fe9b47a5642677b62a48bc2f99886acac81cecbfec537c732a33f518,63c639a2daae30d8357fdf1f524ec0808a5ee401a60d317541d1d5ae95bbc52c,0,train,2
4326,[4326],972d9326f530b000877f41d07b5c069b9633237cda8a0b4eb6b47ea00df0acd1,991e32fa4110ae1d075581e0eb2649297712d5d9ca25bc00700625a1272834b0,0,validation,
4327,[4327],e432af39d232385c6f9b550a755194aa4dd1af595326170bc8f81701eb2e7a23,f11b7dc1bf239abd7422a47a3161156cf9f3a35e2f0c44aef33f6a38cfaca5ef,0,train,2
4328,[4328],7ec75b0c29eb2b63613e65b739431aea39e60bc1fcb3c495533769007417cb06,252ce123649c47354c48bb41e211f80bbbbbb120a069707e112767005c7f2e9c,0,train,0
4329,"[4329, 4517]",54febcbaa565a9f509ba52e580aef215b5164fdd756824e8ce9d3f14ce96eb19,e8a49147f38e1c234324aad6964cb5483ec31b9bd0fedca3db74e684344202a8,1,test,
4330,[4330],b5723c1cd2b4c27d773bb121dfdcb18e6953244f92181964f1bc1da596d6477c,d34ad6049b1dfc766745f836b916c6941bcd3e1b500143556658a3d3c5f5402a,0,train,1
4331,[4331],5c74bff054fb5f759b70d89bbeac91eff38908c80793ea78db76cfb6e9e60790,81d09a2f76fc2ee40602a7d7d07e16d201cb84deb9fe8c206dc168a08bad0f11,0,train,4
4332,[4332],984ceb5d75890bb7667908aee4b5ba9991687f381000ac91babdff4a0709353c,2e3d87d06495dac8bb7ad73fc488688b9e64754a578d0b4be064a4256ada5dee,0,test,
4333,[4333],a9aa74c351e576c03281eee3136cf4ae68ec5d8039cd86c0d5ca822cddf0a804,f1f120c4b737dc570052441b71b6779ae1269bf5d7daa98e54606e709c8850b9,0,validation,
4334,[4334],49c8b4c484e037bf742db02d4083bdb219c7ed5af5765d3386da284b01cf28ed,7117017b9cbb491b9af54eda5dd76a47d576348da2de653f458742f7e1e6de2b,0,train,3
4335,[4335],82c2f2f7e1446e85245ce0022ca1dcd98a14a7792b7dd67bc50332cbf148e050,ad6d2d4b354e8d7b2b46ad3ef0ff47cf069f5419caba60a3cc50afb0ecbcfa57,0,train,0
4336,[4336],91dbbd17809ba7fe0e98ad28cdfde4fe810abfc311f46611790c283097ac12be,d1b28edb0039f29e06adaf59957ef4a62c4e70d3d33c7c1c1ca7448915b94198,0,train,2
4337,[4337],8ab40dff776582c6b400656434eac805408fbd7275bdce780ce7034f92f8b648,1eafb0fb898a14677448bbb750cb08d4f8011967ecd6853414a7aaf97ac49a7d,0,train,4
4338,[4338],262277d929ae0ab4d3a5b5831eeb3446bdc9ed4d6caae79fa57e497c0124fb8b,15f9c487fcce4d3f02e424613e9cf91333603e1b6b289d99a36b0a1365b50640,0,train,3
4339,[4339],860c3813fb3eb881cfe53fce312e20f470ff01cefe5a45d8f4224d14b4dfcf1e,084390991e049f6905b2b0a7738bf3f1acfc7f693dcc116c5661d8eccb54dbf1,0,train,3
4340,[4340],5df244e236b46ac84ff53ba12f051b4570744c3cb198cf6b89772880245ade9c,9444c6acfce051cdc6014dc8c17acb8f5502bb3600bf42c51b0ad2645d4a6d8a,0,train,2
4341,"[4341, 5075]",670373d9b7b23911760135921f04a4ba72a4a3f3c2ff7393cb60333d3e8ceebc,63524006d16d3f5c784c9c0aea828d56ad8b326f18624a09c1c65d646a98d706,0,validation,
4342,[4342],8ce2e75d5cfd0446b48cb3f0d082056475ab71c46dca4f83e1d247f97805ccf2,ee35ecd804598d800ded1b01f9394093b69f5189c526d13b9842ed06a32eb6ea,0,train,4
4343,[4343],b0449369925f27e8e8b8936026d7b70471caa7c6ee5d07131972c48095cd982e,d221122f436266f69a1609db88768833ffb8bf369a2c5a6436b983665e0d72a5,0,train,3
4344,[4344],0e721997fe2de8248b95d8ef9c0db08b433c033af079e7197820b82af4e6f782,f54410154980a2777b90ccb1e9e250af83c8993feb4edaa4f3bef9bc0e5ede09,0,train,0
4345,[4345],ecf875cbc13c8c27c20f1bc0ca9ed3207e4fdef649a1e85afb502cdc6e68dac3,bfcaa091e2c44ad8cef5614368ce73582aef2b0b16fa1ce1c704c9b3a422deb5,0,train,2
4346,[4346],32252fe847eb5701c69045f2352a40344f0cc20399c05a88db47c109b964c434,35e093afb37b3439de560190d1cdbbc77a73c5e8096b62302e67525136bce57f,0,train,0
4347,[4347],6c51cf4af9d0de798f6cbdff730a0b6f9b0a9cd7365e022b56d5dcc8e08cd1c0,22b94f7b7b97d8bce4926aa6a2c25fc16c94b6aacb760abf1f73cfe95b5a6a35,0,train,3
4349,[4349],e9bd0cdd0d66be82ed9df38ae08e926b6adb8def72eec0e217b8a72f301caec9,3fbacc3e15272314e478ede813f4f1a2a2459c5eb3071d107a311fda8f56ba51,0,test,
4350,[4350],cf0602932468584465a52b4adfbe745b2127012aad6bdbeefd7519b0fc720a8f,f964530998450de25cedf7e453227db177562a37204fc40f09e522fa3c2ca0fc,0,test,
4351,[4351],5404e6b1a28e7670588ad6ade14f8aed371486987fbf47b2ce2de02010c1628a,97b958a3ed03769a85423d63b663d5af858d3eb649f613f2e1dc1f3e3084c309,0,train,3
4353,[4353],52886a726a7f8849cdcfab750ed6ef2724166c12f43c9702e1b0be068c67b7f9,bc1209a584c6a3c2c8aa1c655c257bb9638f4de5c3e9834ef5324e8208dad390,0,validation,
4354,[4354],a7370728ef78b918ea38c7afa5289ff5886ef09e45afcec4b3f3aee06a0483fb,f0e413ec849d0b08afccf6263ea4d304a749a756dbe48f7cd9c6389762f4c14e,0,train,3
4355,[4355],04c08bbcedccdbb4826a8fe0b16944a10656ea5e408a3f8ccddd333293eed13b,f5f31796ad79b15b210073ae5d0c3f92e752acdb9b9508265233e2e58009a0ac,1,validation,
4357,[4357],5a244ee918a57a9e78ef62501889652f9cdd3edb4c60ef5bd9a88c8d18cbb434,fd3ea519b5ae310abe1b9b3192f790b0ea869036397409ad97a4e77c7de3fcb9,0,train,4
4358,[4358],63d322a848620feca9b2b3d1cd0b3c3107c7d3220dbeb65d0cd173666cbc51a8,64c52b7d748837356a70794bb50540780bd5e814c50ba06436be16ab61b07db4,0,validation,
4359,[4359],db3e32a3c18940aff52d3a1f56277e079b42f2ac550e7f82487e9b3cf7c55327,2c2054634ba3dac5722dce54183c0a3a8bd87f112cc6a01ea5f891c9fa00dbc9,1,train,4
4360,[4360],c5b48188119a584689fdf16135f20c0fe3725c590b28c963b83ba3352f8ad302,18320bfe7647e317528c934d7b2f03d981e8da2d7b23679142bb8cfb6d5e722a,0,test,
4361,[4361],272d4380fa6b2b1c80ae45bafbcd0e2abba6bb0e82a3d095a249a153d60b5369,7179c738b612921ed022fcaef18903c59f5913b8c9beb016de7b7a903da36cb2,0,validation,
4362,[4362],2dfb0f1df38c854a50eab72e331d39f75a88545367778ba3cab6e8711cb4b17f,03806aa964676af660c7a08745c77c0cf3132fc97e5f489b2ab7c8eebff3d595,0,train,0
4363,[4363],7db9814cb9929808ce559c5ce955c209c0df5c05a5f88e3ca162f1f81ba3002f,e5a92a6f01502d74854248dd9934bce73b729c49c184524a8f44a379e9951f8e,0,test,
4364,[4364],496c94396a908dec20e5383705685f916ef6504e1fd2df06a55a92f1ddae1554,8fa6f1580eeb48f2944d6d9fbc445c40bdae6fc285cd5632e2fa6eb890fa4dfe,0,test,
4365,[4365],da1f10ec95ed8adbe4f0142df6e717e57cf17c60ec2011f46861f230f21ae632,e9caa700cdb8854279edfab8b775b54a5b962360f6c76f5a760d771e7e50e68f,0,train,2
4366,[4366],dd7a5e2e38c7978bebcd571609887f29af0bdfbb538ff102fb3def5f20861a76,ef30e85fed141d96dce5384c49dffc93077a31cff01234ab0441ad6b2585151a,0,validation,
4367,[4367],c6656259a9451254310b256e213228c0af8774555802e3d547b8267cd5c32171,51d96008e6d03ff4f9cc4da883be7eed793714ebe986fb3a7c7b7340b1e4aa74,0,train,0
4368,[4368],33f594dca62caeca16e20b155d399f64c2b9966525badd8679ad1795c52c3df0,3095e9b20a469c320047f4399225136dba8808638ea3f1b4f20a48ac6ff3d90e,0,train,1
4369,[4369],4e9daf30b67b0202572bcbef410a797fc73e40f2c6c8fe5fb249a84283919b71,5ba3ba9f05c494cf74a238698440dfaf382bdfcc87208fdb13c1add7765d7681,0,test,
4370,[4370],ade172a0433a549705edbd47e5dbb8e74aeebc2f01ffcb7152957febc21182ac,f0572a28a12ccd313a244f9586e2d60e5857f22b2bd70f674416a1cadef6d382,0,train,4
4371,[4371],ae08b67f220144b1bbd5255130ba5912e87ff474daf14e077a5cacc5c847f1dc,342c1a34eaae7b84198c1661d6e8229650e8ce81080ed82781a8c21229ebace2,1,train,1
4373,[4373],f0a64445abf4dd7589ad73e970668d85914f45c7cf3295885d8117a24f90b8dc,f6ddff2666f39d2f8c21a37ab53c0e884777cbef46cb9ac6e8bcdcbb271071b0,1,validation,
4374,"[4374, 5205]",277b6dbccef58da4186208bf6c74c1ca73ff74edec18cebe8e3e465840d59a04,99bb2e6296cdfe3e1173281d47c0bb4037b6f7e385e9316daeda27f469fc6395,0,train,4
4375,[4375],f9244dce4dda771a518f91a1a22ac9a47b130cc2427c8195ceb4d9af4556542b,0baf2c80405e279bd606d81a7b648cfbdeb985246f0a0a7e89fd404e83f52ca6,0,train,0
4376,[4376],3634e6ebaf17e7f9400f786a5e757e6e0f503dc6204c3642c928fdf19d62ab7b,2a6c73efe94da2fbb75b24097c75999ab967c299a233cd61895c40563734823f,1,train,2
4377,[4377],8e4d27203c0559be0f67894061c04be3f32880449adfc935025eaae6cc20f3b3,6681690235f81c65ef792e64bdf32a1ab8744ae77ec9d9b22f59490eaa9681b4,1,train,3
4378,[4378],f4fb68458d5296c93d637874e44b7133c992dd7b142b9b8864a18ade5b817c4c,c87f8d69838d35948dbae1bd8efeb1704d71f0258067b3d6da5446d422b56778,0,validation,
4379,[4379],95b75d699cd8e6f396e84ef30990aa6839e9906245439b0fe21827c111d86ad1,1482880c6130d5561852c74bf1131f4c41938cc4f091b683b26fb6f0214e408b,0,validation,
4380,[4380],87360fe5633cd939d71b217c22f10d7634f32ee513b83fc005a47dfa1371c4d1,3fb27404a4f73da334a41ef76b06274b1b37504d5c5048d26ff6ffa70084eb35,0,validation,
4381,[4381],c7a43aab90d5b124f8cf19ea6f5fe02a18007b664aa43bd610fd717e212cb0b6,dd3d516842dd518816882a94f634ec421153ab567ded331f428b3962372183cf,0,train,2
4382,[4382],158f2328f2c5cba989651dc2d2fe002a2e7f91b37d46909e22422a3c97bffbbd,2cf1409682c4ab19d9d32e088f0e4db350fbc8e3f65ec959c6fc00cd5aa490c8,0,train,0
4383,[4383],789b88e56a65f0a14e7051c5f26b11291bdd1a5dbe4730b072c1c84ddc5cdcd1,2459821a986420c73102935ea4ab7fa45962f8c08e9e85c8573666c33a958e29,0,train,1
4384,[4384],bcff31f84017b0e62dc1d5ea969b4bd8abf15d0c8ff228f2b205b3d87ae80fdd,9d77da1042a4e318d3ea81863ffbede7e66543d35c8e75137eeb9ce506787c2f,0,train,1
4385,[4385],be0e701502b27ec9e3110fe9aefb3a56869554146e1d6c62818ff2c8d8f351f3,f99a296b8fa75285c0226993a130fd1afa1aaf8308b0d38da2c4d4ad3ade32c3,0,validation,
4386,[4386],f9bfe94b18345b376c3d684f1f90034bd3c4d4b9d2100492921da51417c23fdd,6233deeb61a8443fc687528fe6a436e72d2af2af9ac6545ddbc81e24ac868da9,1,train,4
4387,[4387],7f4289697d157e044c5bb3656a452f4e76b59253b79e09ed0aa83c4652c85917,b14839245f95fce106876746e3b1b96767acf75d4171a8e98accd6a297f9553b,0,validation,
4388,[4388],955127ab99681ad026be9002c1618c82ac112b3dacb74cfc88cf9938580c97d0,403afcd53955523f2369e7e7780e19598291c4a21cf2426133d907360764b44c,0,train,0
4389,[4389],9a05cbb116cc12340f92d4664ec1e51c5c64ce8bc0f89f4eee51127a403fe6d5,56980899c07679d71a7119934ba989195a5a3911b88df4eae288881b42ef7f8c,0,train,0
4390,[4390],28ae91e19d0e38fc34aba388ea4ead763817ce14cfe4e50564262c651a24d071,a2f5388faee53bf0747f5ef86338d1dc39f935b0c77fe9fab9555f8b3ae47a0c,0,train,4
4393,[4393],61120dec1a52ea69c0ec472121694a8875c750cf922d1545cacd44f9e915f806,c8bd7cf1ea9f27ebc475c83fa54621dfa226aa25cf4224ef6e845a442cdb7be5,0,test,
4394,[4394],0a83d482d42a3aebb896af2e03ed439cf856495f76e06ab1cbed69643da767e8,632cd10d268b8800cecd5f2721e002fd799f0d94f9702d1d4c593f96ec0f9a5c,1,test,
4395,[4395],3530897c1d410909addc4854aa7e4fb7bf193b8fc0548cee518851e1d9381dc9,bd26c0dd9bad8fdd58a598f6ceb46ec43bbc54ee5dea7bd6abde07832ae0bf2d,0,train,4
4396,[4396],fe384cb5f6866516f7c99576ad79ea48cdb42f5347ec846e64c6fff37d9e6468,6aaf7abacc47a456519f980423eefef096ff691029077d42bb74663bc0c85333,0,test,
4397,[4397],8b8093c962abe61a568e7d53b444cefd29c3a70cdc3eb89d08c7e9f141b760c2,8fc4539f027b10aaa9b017858bdbac9bc4df0b6802b83f59ce912efbcc981252,0,train,0
4398,[4398],55fc5c1acbde7bb5045a022be2291e24e31a6fb4a2e68329609b669818bfa169,9ac6b62172247c8530f18d2d3741155944ed9b1f06df0ba60130e732e536dc33,0,test,
4399,[4399],ef7027a435a4e5c2a20844b888b33fc30fbb8ccf8f2a3ea430c778518b5c010d,ffe960c09173c29b165130caa0a78958b6619c0a14559743c0f01ebb2b57ee2e,0,test,
4400,[4400],3a9fa1af810404d112f97a41ef64d919f23234cb0ce5d792dcb1ff0c26b3f4e9,c105e8277297b47695f759be1d070de9773bfaf2f5388485af500eee1859e764,0,train,3
4401,[4401],5b85e1c82b6f94fdd8aef5124b77f2d32521ce9f33068212febfda71c7d570bd,fd0deba9fadec215a08818c82fa0da03d4679bd2117ee76a4d8f86f50a7298ae,0,test,
4402,[4402],86360bb21f04e4c8b7ba813246cd780e1c5f4d03f882f22518bab09f16d83b61,298cc95983a0a4d08a005ee341d05ac87a2ac04437c2a21eb6c5dc9ef9195315,0,train,2
4403,[4403],4ec75d93feb5997b5612430ae2b079feb683b29469c809923946e5ce17856669,06c24224373e93ac50aa95ec0004dc042f762b1a9341e28e039c0ce1caa74adb,0,train,0
4404,[4404],771a0aba1b37235f693a3c904810a94e90777d75c27211e993349455776ed7f8,37956e342be05ccdf2691dad6bbe4846dd8f5fc0b9189110dd511681ebe0e3b3,0,train,3
4405,[4405],d872c41f6b54ff2b0be568e309034519f3a6e81e86f8211bb672ff65ecf7f465,ede12ad32423266cc3e2957a688a1c67290e64b7b3630090f10d32350defa499,0,validation,
4406,[4406],585ced57f0620a79b4cac987398581d0961a0a0b57d0e35517d54ee5653adc6b,00913cef889b5fabbd3c33dca43e973f3fc812cbc9b61b2cb22b83b77201181b,0,train,2
4407,[4407],c0bf178b7804ab80ab4fa1a6cd90b5c9ee23c453c3894dfc301d4759b00ac3ec,a1f666e972e4a9de39bf66b51089c8496341f8e02091f657d8520bf164acc034,1,train,0
4408,[4408],6da9377fd6ddf5cd81bf0236d6cd0991595c1b6cd55f6b8061a547c653efb0c4,6e62391389c6feadb9acaf005b6156de9b3bd15ac4e7e2f0a36e3750c3ac6c9d,0,train,2
4409,[4409],2a2901e8051c55e6756fb08d2c3de8df57bfe0c66538187264b7e42c3a52483f,3e4d622b239bba55d05d05be31c6e44dc9b0d5551cc5f9de5842c1ddf90b9895,0,test,
4410,[4410],86c39fb9af81f714e8d44a3e66902519d316f0c2a4b70b96a29fd7dc28a3c81f,582d5c1cd54e92922b81a8f838abd6458ad0dd74ab8a6b16be22a3d4aa534ff7,1,validation,
4411,[4411],88477018c1a4426957dfcc38eefcc643b5e81066d42009c6d81888672489c825,0a9073784422efba55069429bd63f3f7e57065be64f04015fd2e6726ebfda602,0,train,4
4412,[4412],3f734a02c79cf038d23dbd2357624a638c411d2bd2c092488262176bb54f8b08,2050ecd9d2fb22cd501921bee0910acc9499f274e0e5bc6e031da0d2325b6f15,0,validation,
4413,[4413],cb138edcc5b5d360f8bc6e253d5b3a5556f6d3e11a69aacd68db48a277756af0,96d418536cd732fbbbe914c8971a49e74d28e1c30f4b47653c8af401fe1d2d3b,0,train,4
4415,[4415],9742f963d6f7493a3343e4e5813eac5d1da98f4099cd9b5187f19354e06ae8db,6e36481b5409741c8b4fd5ceb6c167ef3977243abb4ac2ed5f6690cd8408b902,0,train,2
4416,[4416],b085c89ad8345ad5b51dfba6869d0cc7abbe81902310781e320073233358b6e4,578538c2f9aa0b0284de10f85786b54b0ed99996bdf255e9b5ab7991cca0464d,0,test,
4417,[4417],b5743fbc347e3892d3503edc81dd3f3e97946bcc56ae1c47d8df766ab23e83c5,354b38bca661acc215dd92beebbfcfca6ecfd871cc7f6abbb2349d80a282fdca,0,train,3
4418,[4418],e3aadaf7c11fb92796f2d3f10089a89bd07316c9d95c7ce7ba29c7a66ce4d5a8,c75dc7eeaf095bbb031d2027b52d2b904754f5e8c0a761eb53038ec8dc327346,0,train,4
4419,[4419],f1b74e665061e5694d332c09802d0e25b119099f155f4f2e0efe60711bf41b05,afeb8b381e7a109bfabf5d34d469968676034387bde0cd02d7525e46470f9d2e,0,validation,
4420,[4420],1ea850de5035ff8a15455d42872487a729ca94524a60ab0e5474d0905194ea61,72e1fac5f8419cad8165816b57173afdc9ed94193eccf2708e5c15186079e9a6,0,train,1
4422,[4422],4ea2b70b8defff54fdfe52ead8f5661fe14301796bfd0804044f1196b62c927f,3d1d5d6d104bc1338de4d5dbbfb409f84d80199aa65e0ae4c9e65f10f5a03d75,0,train,2
4423,[4423],d190f87bddb75bbd504cb91a6fc48fec424fd50f7c70064bfdfa86caeeb167a5,d69ce88decdd799cacd6774a40c0a8f39ac25b83271a643671666c38dd67a663,0,test,
4424,[4424],1ce8248a93c4534f28a2135937c5ee09c5b0ab11f8b382ec18bdc65ecf94404c,78778736cbd380a705f5a39794c648e9461dc97011b5df9d541eb327f8b37d97,0,train,2
4425,[4425],c92bc5987bcd8b0395a61cd9039b2afe62015ca06120f0ec4aef6ffc7e417dc3,9000eb58a7340c9ca4bf724a126eeddec3c1cd6a94c52d070848dff486e74590,0,validation,
4426,[4426],3d6530f13b01f63f3eee25c0f97869e3b932773de9953aa4a1b70a559101a450,1a7d94b6607f2117d2cccaba045fb72da6af49d438665edf0a273f3833d28374,0,validation,
4427,[4427],bcc889a3322bfc7bc896876380f81d6d47e421239521fa6611d4a1b616afb179,e76a497cba9425681ccdc12d8d6bb0090f4b923a8a60ea03968888b52b9cecec,0,train,3
4428,[4428],4386256d48a390583fce2f6b0fbcbb64fd7ac8c312b4cb40bea77f684e8ce900,b38d5357d47f0f7feb47023455b6a836fb31fc058de89c68318b82e5cdeb5b8b,0,validation,
4429,[4429],74e07db060a69a6ce10adbb733153d10976ab91aac5ea3c52857c213252a15bf,1623600fff31939e708ffbd2035066c7b9f6f11567c2be94b1cc30c52a652df5,0,train,4
4430,[4430],b7919c190cc42024c4f8dfb4deba56f9bda6685ca3dbb97ac1b9102928b01061,8ebedd7d3f232c606b020a077184f32d9f23b97dd7de51a2abbe4023a59d3592,0,train,2
4431,[4431],223177db8dc2815fb425ce9ce9dd685b4c79aa143178011066a70c34216220b1,eb12b6d6c64a2ef6d330445ff764f8eb985dce1ce2a479695e61f4a1d6e46870,0,train,4
4432,[4432],af8a4448b5394e403524bd51a04a9025fd1a2bcfcadff48d8c218b0375adae0d,8d0877554d1a42c624cbbdd061222676dbfe16b4031017c6bc9973d343a558b4,0,train,1
4433,[4433],dddcb33908184778a9639a2cba3e83d8916960bf273ae3d717e6d26efd166aff,baf619c442f4f1433e610da7f687a32c85905a3bc5a70a5ea328b02c153bb552,0,train,2
4434,[4434],cc7a764cc1bb54998d6fce90770ae499f17c14750e772d0792d263a8c8e448b4,22ff7120c1501ceb93b78f5565c96d2f8118e6367333474836fe94b769d4bb1e,0,train,2
4435,[4435],4b95c7b592d283a98bca4a3799065d5dfdb34dd97cc7b0affa64e0f28bc71731,e088d3ef6af9e3e4a09bdd76bddab550a1fe358a8cef309cae8415939697aff0,0,train,4
4436,[4436],3aee3599bfbfbcfa1151fe852da205d246d0ff6226d186dd89a7e69a20cb6339,25738e30449542c0dd5c5b0bc1e7add3cdfcec57c54bc2c8353cbd588c8116b4,1,test,
4438,[4438],cc737ef1899231c9a271130755e759b1f784f134d680c8c1a866032989a45758,59fc0d5044bf50cbef03d521fc7b25e4fea73cf0b0266fa60ea954214c89109b,0,validation,
4439,[4439],df0508f94f5835adc8d892227557b4e0ac069f5e4320fab96191ebaaf60c61da,281cd59bd3b7d91f785d8910daff82ae3527bf4ab4802bb8ef65ea909b07a32c,0,train,1
4440,[4440],5ffff27c78defc5f24bc3852ae5ee1ac9fe517f71390aedc7e25ee53fe7a128f,8b2d1694499db6cd6444e09626133672358e568b44578b471f32e6325b12dd47,0,train,2
4441,[4441],bf3428cd3d21bdf8fb6a65123b6f01be7127709bbf0226b6a691666a3f87e041,7cd62ea8a6c5496de4ec981fa22a067dce75423e5db939ccd5741c2da1448056,0,test,
4442,[4442],e0b8f5c27d4400b291122804f99fc4b241dfcca843545deb7ec6e3240054d001,2ab16504d49331acf2f34c1250447c85406d40a7d219a58ddf2efcdba0b09e86,0,train,2
4443,[4443],d60cb98e6d970c0052c8b081c70cf671bc60198da910d9929c59c18043892a69,40612ceab3de1fd362751b0594bada32e315f5f3698729796a5266e272f79d64,0,train,0
4444,[4444],9ce1923c4522c070681c4d3a05e5fc5b988eb462502dbbe0fe9c6fd685070972,cc6e7eebcfa9f33222366a96231e58447be18653b42a4c040f298e81a2b9cb1a,0,train,1
4445,[4445],88a6e31e386a0ec7cca45f90c50a493e0bd8195d1381182f6d8a5c5f569fdba6,5a86be7a811ca0d30378671fcd44b791f4ea913cf90059d0cc12c9229bdd22c2,0,validation,
4446,[4446],a6463acbc3124fd36d0b1a85bba19a99275876bc3e50f878da4c2f3b0b8563dc,361ead0e867ae52e36bee0f09ca666a74133417e0bc5a71b2169b2d1c25440f8,0,train,2
4447,[4447],d6ec1dac5f0825fbadd5bc442aa06f698b11b843fa7c94049372c235157b9295,1cab8d8f7f2b5a1d271ddded112037a0f5dba41e03654aee7fd46fd68baedf6a,0,train,4
4448,[4448],e7ec53a041392d9df4ea89be98f3b12206cc4c07876dff2b1e229203d7884ae6,acee5629d24a0263960774e49bc0cd1392c5e29379fddd511eca5e7526135c13,0,test,
4449,"[4449, 5184]",3c1b00b674a162e1458eff5f605bc8d0185c6c0dd3a47f4c1a12effbc9244a2e,b5fc87e5030547b31f6172243f46d5cbdcfc9e7b8d396fb2d15532a59c0dc15f,0,train,1
4451,[4451],b37672f6aa7bfcb8505e50ad4b13cad71b3210959ae4bcb63323509329e5811f,d84b5b2fb31ba3921559f544479a3229cd4e7f9e97f4ef89bdc83da191e1516d,0,test,
4452,[4452],34887fbf2e368779e6a23e23ace4c99c553de69fdfbb282d8f8b34e9d7a9702e,468ca3d877627793f476c908802abdc407947b8b00d478822309ef65182678e1,0,train,0
4453,[4453],a3337dafe9c3fa1ed7e70256e889a79b1a9a3520037032cfbef8dfa74c2d1325,1a5ed86d3a038671aaf7e2378e0c0ad7ed331aca2368265be094e0866adb8887,0,train,0
4454,[4454],35effd7fc66241a706654a4ba0d17b91573cce16a626565c1bb22d57bd7b933d,6c1106ae630c220f9efffa4fde014cfde8630a9801eccc030caebdb9e2f0acbb,0,train,0
4455,[4455],0e4dd9f7f8430442c734a6d312379df0f326c2bce5b8ca4d34a55412e5f3e6d4,47dc4eb2e24bf67bda40bf85e8577aee6499cdf536a488ba10f8e23e6872b53e,0,validation,
4457,[4457],b93a09e8673651cc56f8c28b339194e0e6aa028194efbc3052656263c11eccb4,88d5d1df387069552125df9c77cea5b2ae6b799f260454ecd6c1692c4747ae57,0,validation,
4458,[4458],6b78cc8b6457aefb6fbc3cebee2f399fa10c2e7578f22b610a64af57bf505557,22a13eec35572bfb9de95df8cf39ace0b3d3b59f7040caccfc4799f27c4e1ec8,0,validation,
4459,[4459],987c4398741c027a92d136ecfb65ba3e9b1dd9e63ac4bd3f252a8a098f309337,9073416944cc71b3bdaa20c96658023c2604afdcd79e41e59a51db58b4adc0d4,0,test,
4460,[4460],403f755563b143e2491e13a7ab41a77e5b434fee3d38e1280b4a2fb8146221d4,d7dcf11e02e02b906a4577945e229c1d3b5a5c3d879b70b7d38315a2b0ca3b19,1,train,1
4461,[4461],02f876e3e64a53cf0109d81d91f9ab8e272ae72510d256c3354cbf4c07720e08,5fa80b0419721dd26d8118aa95251c450e8ea5492a7edca1b7607c2b642893dd,0,test,
4462,[4462],2979eeb508be083f66d7325ff93c8d02ca0242ec7cd747ff0a8f74b6fe8d09f0,10e1a089f41610947782ee52ba27fcc040a72bbc5a85434736c815cfc46d98e9,0,test,
4463,[4463],1ff3a72bb73c793c5dbf772e83659c2d9c8adb1979a390219019fcff4c5e754a,1a9f147fffe500ff25d4f9e818a2cfbba607526b42cee742c3138a54331d61a7,0,test,
4464,[4464],d78eefea199a54ee090f93faf2b3243ba9d04d024f282e356207ba256943be1d,4813b95c710cae8aa55727a761b20c0cc1ccf19541478619d1e7587c98c922ce,0,validation,
4466,[4466],603bf81a76a12ef08ef266c7591c833e902734140f678c63c5ff7c8ef660e3e2,26b896d1a0ad04fb4d635574e0ff6ecfe40e88ee7a8e029739f611f09fb95986,0,train,2
4467,[4467],236d7f7f182fbda94ccb5143d8ec5b4ce342e8c9a96b7103d9b36f5e6554163a,427346adccc9b31a103e8ebb6776b565ff5546be2abdad6e0aa8d51060e450d5,0,train,4
4469,[4469],b826271ef4ab07b02a3673db1d989d2c928050407c1bc61f0db4807b028db4a9,62b0f2d2bdfb9e741a98282394a535e8d05cf26e9aa01fd195c9742e6b16b965,0,validation,
4470,[4470],758220c041128f60453b249864be42ffe5c1bed2354578e5a46f1eedaa805f6b,44e467aef39c53cb35daf5098e6a15121b4d14808cfc81d923582eeda2e02331,0,train,1
4471,[4471],989bae09592bfc1d7c1b11a29f51d2b1ec7d3b8c56ad3505a6e04da19a539b92,bc6da2744b807ee4483eef5a456583dff0c7f08fcd3380879777b165630d49e7,0,test,
4472,[4472],1977c4902cb8b92b220e5febb14dd757976b4f344e629f52c4d499bd26ed4ee0,8eebaf220b55f6c865220880d712a660f641f5915bb0e08a759f7bcff794cff5,0,test,
4473,[4473],b43e98b7813226276dab7445ddd5b997f9f69314f504831d45bd991986016c15,ac84a5963f2bfc5f1e30bc033ef49560d8abf9b63a9751194b8bfcbd2ed25202,1,train,2
4474,[4474],82f7076c75d34c97194cb2af66f56c813bb316924a64757a28951a7ef8495c46,6712c9a915cfc90a9207485086c53c500414e9e56ba35280f0ff3a78220c4160,0,test,
4475,[4475],980ae05b27687c97ef65a219973b310c20d8198b2b8eec19ce6d1d297cb3db44,1442fc8f08aad89ae06408da9a34abfc837bb7ec92d250dca8e7d06e38232829,1,test,
4476,[4476],3b1c7f73535026099f3e77fa66cede913142ca0104137d6355ba248d634e5400,45f96412dc45806a5d3adace7b388485e542a1047edcdafc51b2020924a576b2,0,train,4
4477,[4477],8217d165d38d30f7b1bbf400facd234484143c9683960e01c422fe8686dff3e7,9a597dec6148220d3d53cf4fd8b254a92232cf87ad590b558b1e853ec7ed15d2,0,train,4
4478,[4478],577d2571c3c512e0d24bc0bf492bde03d0f21a0c3f47451857a3b4b1707c8864,f4343635a1912f0e68bf19e3c6a801794929a2c2418f6e30dcdb3b8ec948d88f,0,train,0
4479,[4479],21b36f6f460c6f7be89d66b0894e31de7c1b88217b52853e0e20fe078112a81c,69df50c24cd0f0b27da8f6620d1191b74ef7746d02d1a2acf8831e434f5b2559,0,train,0
4480,[4480],e5b4a62cc0d7c4bc1332e7b121f7cd3d0d45b9c58ff1065c3514a131c4de885b,8831850b7cce8e38a605c0d954e4f65809a96c8cf67e6d26d8827d7ad9317745,0,train,2
4481,[4481],562e54de24516529b084273ebd1eb2cb49095fe26206a64fcba7d56c21f7c9c5,229512711d5dba575d079f487ca614cc67f0c4aa825ffd54a6da127fd3b1ef8d,0,train,4
4482,[4482],65a72e23da2646b60b46dbcd4a7b472618e643e209262d0c0faeed847a660a2c,4e164a7b25cc1028c0202db3b67fa37c2bfe42c2064d022be253976ffddc6d85,0,train,1
4483,[4483],37e48738cd029f132da6bf9234cbdc6a41548b64b96a5cdf9f02ac7259fcadb7,5caf430e9cdeba8d9e4f416f09e13b45f8cd5933540686edba64a6fd0892724d,0,train,4
4484,[4484],25537eb9dfd9a0be1ea7f710815f63ad64007191455c7f8c429c57a52e5338b6,95eba1e05266a1c578ae4de15a09ea91f57fc932d094a53c4ded5dc1e0c49e40,0,train,4
4485,[4485],268f847860bb882b0de45d702e15a18ebb7d3635ab6539f14f8efc9b1223766d,f2d904ab8f92c5a2d1d49a5b13ffb087696727e6a991a9237389414cda5b294a,0,train,0
4486,[4486],eb84a202390c8bab34d3fd521eb91f9377977bb450c949e3a988e20276629ac5,9a72b45113e4b21e9f535ba33794d752983542a1fb1d1e26d710af27d3ffcf97,0,train,3
4487,[4487],1461a79422845c687f5d59373db21c61f3eae62ba9a7ac4f87901af74b2accdb,8aadaef9057483b68271d45e5ccc224f1b9d55de88669d2add00c53ca26b41e4,0,train,4
4488,[4488],d521a34648d98e0619878f17eb260c7d149936935b5209670a4198b5f8c2762a,c610065c1377c08df80e8390bfd87a15db09f68075ee20262b7c7c1b5afb3c9c,0,train,3
4489,[4489],68333412a7b4f05f5bcd9ecc419bb9cefe5c7f67d2074430dba4db3aa6389a57,004bad8abdd02954d0b5591d1dbdf36cea4a051360d3461bed13feaa0ab3ebbd,0,validation,
4490,[4490],19dfc21546a3cd58a8e9238d3b6f3da0b7e1a8ea61f27533716a71f3c38159d9,7ebf203f469c545a55ccd1ea4fd5bbf9a212792f5993092e3568c71d6e4a78af,0,validation,
4491,[4491],5fcdfd523c29db8f6637a45baef4d68fcae404bc97a0648d425ee0e6cdad980c,15a489c2b35d443d21c65e6c5a789d84bbab922f520e2c113e36a91fbdca8827,0,train,4
4492,[4492],503cdfa00c0fbfcb66cff861c85eac1b83305c6154cfb8f7d4b32986e1adf12a,f9993f9373a312ff2ed815a887352dc4f20ca6d6bb36a1c7c8840bb99ff4dbc6,0,train,1
4493,[4493],1cc904bf3b0feaaa29caeb905907ebd372a9d90ffe7b0406b2798f002c235349,161b8a88ef9a839a4d71cf680a1b8e6f698deca65d7f08e6c71a19b7e6a89259,0,train,3
4494,[4494],d02bd67a9a4af770576ec655968b3d4625fb4a56b64e945fa2ddfccfad9b16a4,dd2fb3c51ed63577bb6908f26e07a6e8777bee62a1ba072c1e70caf2a0f342da,0,train,2
4495,[4495],abcaa7cb1d914ec400a39e0ebfd9dd23f3dc727b0b3461a7714bd4aca4164446,d92177f955739f7f794f063ee9f1dd72b650a353d767147016ba86e42c49973f,0,train,4
4496,[4496],db73aea7957cdd9bb63a78858b190f521ebfff348cfa25ca94f2175b3e2b6f6c,942642e0b2a69a3a306c1bc0dd986c685ca89dddf739bcbf099a95b9b07a73d7,0,train,4
4497,[4497],fc0b4611691e2f8861b9c3e8ae48a8e48e22e6a986c56e747e4fad48b2eb0ef8,6ab1fca58bee0dc7449696bc345ef09e13523bf36d402430251c4df9a54cf5e4,0,train,0
4499,[4499],fd085545c0570097d2b77021bbc67f07cb21dd378c167ef7867844f3b6402271,8def48bcb55783cbf79d82f98ecf46fc5e3b31819084fd2f0f38c98aced70f52,1,train,4
4500,"[4500, 5499]",d846562cdd936309e8aba1b37e7139d0be8bb846d2ca335d3010dcaea9e9c8e5,6e0c3eda58e14a3bdc48c416af8982c8f23c1de6da6f8236e97a496e2c45f56e,1,validation,
4501,[4501],26a4bbeb34ed7bf021c2d8b9c1dc6d338478b1550e80d73388865b97cfc198ae,7258266b741d2c7610f4965564568c38815f6fc6f9eb3c934eefa8b10a9dd38d,0,train,4
4502,[4502],d959b7ab6f0259569524e53df781fdccf8b97e2a8bbba5a1e6bb6dbbc53b2e45,6aad88f8bf5078586df7632601af7563068f2760fb1b03e64dec4b2047d63c0d,0,train,1
4503,[4503],cfd334c942263a2b5b416a4beb501fce5853eb6617d7a4d8f415d9a0a5661793,9863e95c632a2727da4e7516fb263baa50c2d4a97ef9a3e12537eaa90d0fe820,0,train,1
4505,[4505],013b7d0b82ebae9134fc952cfca26463697668d44d1bc10c692b55dcaa56cfa8,81f5f33e433e0668ea81c353215387611e83d58ccb25f9e004399d1a3d95f3f5,0,train,4
4506,[4506],11664473e80123a04472cdcbbe69d9ff91d3b4f40ed25ead5f28507d55e502b8,a33d1ca850ef940b071d1745166dd49e762782c15b3cfe0acbf96070b577cc1d,1,train,0
4507,[4507],c90700aa439129e7056d9be55f2b8b3a12efdf846efb412621e1e687739ff644,7e7a8bde1c7fff754abdf8e136c370a741a832a82cb3c3f6b36d1911a114d954,0,test,
4508,[4508],0ac62362bf54675c2dbf3446560417ad901b1e0ced381593ce820072d640812c,40bb24d2c0b641658bcf34519a67151dd6dff54f32cc54b180be5dbc700de1a1,0,train,2
4509,[4509],678848cdf1f799c18e2a5e56d6b31ef843d93395f7e5a94678d56a3c6ca7e3ca,9f33cee8964eede0263648b172f6a0c33f30c92b53dd3b1a43535628f4c3e3ae,0,train,3
4510,[4510],6122d62e4e4488294377a7f428b898bf9c4f02fa7e2cf9b1288a6021f3425d12,2927518c4a9e46b9415411a9928ba45a778a1697b66658e7dae8c277151d5346,0,test,
4511,[4511],81f5f2c0df761d95f02ad173cf4336056b8fbfd9d1fe04e6275b4959b0e5575b,0583800bd1372477f3d192e1c5f994d8b1f09e96ec38ae19a5f1a241f897b6d9,0,train,2
4512,[4512],a137d2578cbe1e6d81cbb241fb78a5cc562ea24a6406c5880e723adcde8bb44e,dc3a9555432e68029f9ff66bb0847fc05423e3382fdd749a852f699bc0f32ac0,0,validation,
4513,[4513],63f6db7f14d1e1097e0ba196f7307f1e63fde8295c7801ad191c6d9d104f39ec,92b0af91ba4521e83ca7b640019ac3cc74324162c9e751dab6b0043e4efc5ab9,0,train,3
4514,[4514],98e5e8c36c33aefb50c2cf35f5b0404518c3754ef16e1ca64026b7267d5ad0b3,3f7de08845d2f9576df9ec3c92a9dccc4691a74ac53fe01e8f950688d5128132,1,train,0
4515,[4515],e4d141af2bca1abbd38b61f6c1646d07a4f6828d9d05dc554facd2fa729da127,47bc65819a3b59a8879c750cb357211ec99d78fd742ad67e93d2d7c63ba257cd,0,train,1
4516,[4516],51facebf995db6f78bb3e3b15eaf69dd0c209a815047ab3953128e505480cbb3,bda48a9d2e9f6decdb11b05304dc1b8fe5b25e436628bdb8adf14c901a513f93,0,train,3
4518,[4518],4e760cc838a92732f6e69ff7cd53922d3409708cff431db3a503cd4598b5e26b,473fb05bb57e14ed7dcda771b766e3a2158e60820036be34ec0076bde119f7fd,0,train,1
4519,[4519],e49d9ba7555301e1442acd0b9bfe3b5f620608066cff7afa6b06bd09994846a2,83335c2884e5c114d15241bef8c257ee21c597a4886e1314637bf600fa5c339f,0,train,1
4520,[4520],1f20a25a2e052c63e5e519beac3b1546f028224351edcbb325789a04338a1d56,45f066034960a8a0f3779f2b4b3bf14d604166e242ef20598dc45206456914c5,0,validation,
4521,[4521],91e123e414f7cef1f8c1f1cb815320c0ae75d1339ad00294e7bf23369fc0445e,5d1a20abb4d87610317a9f30b80ae129963bb9ba21445821c6c920630e179b8b,0,validation,
4522,[4522],92c74e84ad941505920186c8b2f2d72c224e05880cd51efe4a09b5d0abffeb3a,2e71c4d3c28e9f0e4b194a223948d967e5762e116e753d62b957792202f3f3cf,0,train,1
4523,[4523],d407003dfb9b95f7e22f8921a3090f725eac83ddf9c0d8b10934f9344e10ae8e,2c7cf1e629b0fc8707af49a160d789cfe4992bbeaac75061ecfa323720ed7f79,0,train,0
4524,[4524],a5e0d8461f3ce8e126c61fe133b7d733472ec039319a2a4fc7be65fe67c68cc1,bdfcec0d339581e42a220b0ca06b79dfe69b5e3a088b18b04c36d839338e8248,0,train,3
4525,[4525],156f105316607e8d272842489dcd7b74bcaba432e1116334130eb50fa5a58bd5,6f9a9af3e5f61c626fca8bdaa5c0060cc2dc66dd00a587eb8a73e4469617568b,0,test,
4526,[4526],3238fa55262f574fb5a5bf33b44a8d88e2416ac274d9f511d80d38aa52f11a09,5cb8a19eb8d4f8f50b6b685701d63e726c609e91e1870799e96d2d67dc31d6bf,0,train,2
4527,[4527],bd6df6f3ab40c1b22ac438674a63c6db70a96affcadcc7950568f6169eb69fea,7544d6db4bf3c9238496be47dbce659470125b1ed65dfc528ddd3713ea6b7d78,1,train,0
4528,[4528],88b55769b21c129ac97e3e4fe14137164c050d5b01a9d887580169bb60b64f6c,6199b742a7d7f45cdbc18049184d6c15b8a41a7619dcefb48fee26438cb2febb,0,validation,
4529,[4529],4e55007e1ed91f511c56162b43b3e3d014e21fca7a6ba2ccf7e8e43dd5d8a529,bbec4f0260744c1cba38b0f1e9b3aa94d69577e16742a02fffef0ae566087192,0,validation,
4530,[4530],dec9053821f877d7c2947fb63218a11ee2d5122fbef034538590c34e32fc1a78,3f1fd26335c3144f6ff80f471c0c628ddb111d661258aa3e63305cd938f2939e,0,validation,
4531,[4531],ac2d717c0bb48323cf4fa9437854861c3bf8b696688194d10ce2733b8ef2535e,9d61b3ec82cf987e74591121074f0991bd5ff5f09b9a10d47cb3e853f9b6afc4,0,train,0
4532,[4532],9468574e1d02734406b510401bab0ccbf0c261c27d1bfa244b256af688aaff0f,8f3a706af2e251bb53ae1e267132d327c08cb51bb815d6a186f6ae324041d1ba,0,train,1
4533,[4533],3ccdc44695334ba0935bbe976035498f1d2f1be6847659d0d8e3037d42eccf5c,22b8e3476dc1f5bcce2a53e0b0c6c0236b10e2c46fb413f3d92ea38b88dda185,0,train,1
4534,[4534],474213f095fd62a2594a0e62e034b80eb8558311fafb497d2da11f1c3b7cb404,459e19de12f05b3fd3ceb8514e8e7bc6d992f667879b5fe92df7fce817fa65f4,1,train,2
4535,[4535],f312b87002cdaaa3965b0bab9fe66b731c41eb4b35f5ca4ab226ee0c45d30aac,314fd87d262dcdcb6df6f91f05bcc16edb3120fcb4e9a45b43cc1ce1b5190f4c,0,test,
4536,[4536],f61b7c49ec100be6b6744f97e3b62716a0ceac9861073a45469248202b87e6a2,b6c637682519233c1a692ca36599bd7ee45fac61525544f7f8fb55f6ce683750,0,train,0
4538,[4538],0fbffd23f652f4a13ae0fbf314da058c922ef7bfdaf4d4a757d3ddc91c94b444,9d5d4f36092b3dc90b7b54ce4749b20e27198d2c00396184f796478e8278c10c,0,train,1
4539,[4539],d65b5100b04639d3e84c3a7d090a27126088451a8a7a6b3722ed1226d0101624,fea5c9e03dfb43af047c98633ade2a1721ccb2c47e424cc530c794ed7f00c95d,0,train,4
4540,[4540],0b0bcc35b7389dc373807021c183ee5683a4c8badfc11798122ae8c591d29d9e,2f440bb259d61684d8d44a4d9dce04a48a9ae6abe928938be1d054ff4034d691,0,train,1
4541,[4541],38002e2bc4158b0918ca3ad97d83cecb8bc0b001b063605648bfda171bb3904a,cf1bf2432e4587b7bd73fdd13c015dbbd796e6ba78007fc0b51272b2916b159c,0,train,4
4542,[4542],03abce60d5be804e633aeacdc12fd510f3cd327b31ffa0ca689b3cdae2d8f59b,d5a5a96d9be47947192ef92e3d1e3c4405e87d3908d2c63982ad5ce91d0edd1c,0,validation,
4543,[4543],0448103a63b36c767f92e57f3a71c326a6a60ec8f5e2818414d6e391314e06e8,24195be53acc06b475fba0dfbbb1a51eb438f2e8c98bf950a0dda86c5c2c3531,1,train,4
4544,[4544],dd5929bde209c5bf150ef4a2b1f2f7bbc9744f5888ce68c867f0cfdbed4f8357,b23a9cb78da03c7bdeadc15624b5ef74b629fe5a74856b40f584c8a21981c0f2,0,train,2
4545,[4545],799b2258bd5abbf3bd84b451b2d20dbdefebdb60f67f9137b23e1b989d919d43,a25e37f93f6f3e78d2dd8f32b43def4cfd8ad7ad7ed03d6678e5f80be2fa6e5b,0,train,1
4546,[4546],ea29efb5f7f73af4956fa3cb33c9221a0ae60fc492d46a9eafb6d64d409472f7,0d3d824c57c80ffa621999d605a0f164bf20d09eebac778aff20cc093d1583c9,0,train,2
4547,[4547],685355ce105cac5c362c3f09d7addcad1b62e791c03e34bba01bc751fe5448e3,663e1ae8e4c2f4bce895741683f7f99a122de586bd66fe8740b5dbfdc8e9a2ae,0,train,2
4548,[4548],bb5fb49bdce02d63f94c490e2a73dec948233b6afcb5987af6560bf8d07ade77,bda5e143e450d3332da7800cf483fbe40c9cd8dce0d9bb2b65feda035b7e5c5d,0,validation,
4550,[4550],c7a294f9d50df646e2b17529d7350e25f06cd07143f7e99b12245aedc19609ce,060b87ae447c31eafd0bb41996711d9ecc5018f1bcec520d95f993cd09cdf053,0,train,0
4551,[4551],c20c800b7e6cc4318ea743906f624a89dcf420fd7a4a78bd2fe71b310b99efec,947cd26073679478c8032d771aa29548d318bd2bd5f134b988b131be360c0a47,0,test,
4552,[4552],32b4195bd2890add96803c32fa80cb2f1073d38f1cf98086db45bb9da410ab7e,3314453821f867b13f42e8d2d64d7c73674b9d9cd5de32ec86f054bd9e119fe5,0,train,1
4553,[4553],306789d394b5bfd861388d468612d300ecb3c1387700927fc5a0a49afe085bac,19dec40e2fe30e6ab4dcc21b3a63af6d4df94e3515032e9fe0af3ecd25e70f5c,0,train,0
4554,[4554],6172aa97eda0881687864339156d738dd27481ada4172bfdf17dcf2316bfca11,376b53c4f09f370ae78fe9ae3918bf0537cc8debc1f49b12a5a3391490899424,0,validation,
4555,[4555],564bd843551128f13bf96a3af8a94bc0623879dc314c1ee6b179580f451a39ad,dd8f6532fe12a2a4f3eed56a0f60ea455bc69d489344ece8bd68be622a198b89,0,train,0
4557,[4557],119aa296d745acde16a0eaa99f3eaee50c20f099c93dd7d2c193dbb161ce7085,314570d9cf136784f991d59d73715ac488b578681d405e4de1b111c359cfaba0,0,validation,
4558,"[4558, 4744]",03c5fe2d026b1867666626a7845f4cea78f04e020aa28b860fb430fa7fba5997,e088d1c6cbe31c5fb104002db9c6a4ad5e7e8e4db59c4b8d492a0cf4297cae61,0,train,4
4559,[4559],7b848ac640dce16171240fbb0d2be3f26820ae665a64f276ddffe09af590ded5,5f29620fa5a26d61aad4debb395d2e49905a41e87958157036b7b5e8fe2303b7,0,train,3
4560,[4560],a9703c681d14d52a2e6504df610bcd97fbf861da8395a1efc20cc24171fe18a1,1bd1c346e4fc94d7e513d07ac054e3467c69865baccb315bdb58e75d2a269b34,0,validation,
4561,[4561],f39c601b703ff0f47a82af7311bc516b9160e95347da1ad25a3bc57451d7ae94,2528f560335d557fc7d60ec9340bad79dab82b21c46514e2f0ab180e58cb419d,0,train,3
4562,[4562],615d317ae6e4c57bb0fcf41fe3fae2064a097a9dc75251a379c20c39bee9dbd6,6ce614aa068a1c8ed14050d692bea11b81b9ab5a4d2e8a38ecd6b70df9ff53b3,0,test,
4563,[4563],2a60fe2d079af960d792d26f0ae2a1e9f29d8a4c7ed8fa9082ac551c781edd7a,b565965f1cd4aecb69c1f2ae283ca193989000ea1151eddf948a91b98cd41ab9,0,validation,
4564,[4564],8b464c32a237ad1a6c89e30a3449bc2dbb288a6b8d3ff5491344650920697138,341422a02d341cac1874b3c7f957572d4ad929dff9d97a12b6e8743706f4df2c,0,train,2
4565,[4565],4bd3ec4d90c7a7c07412ded53871276697dac4e42f9dd60e02777ff62be7cc2d,146026052ede5c72faa6c8c672d6ccb455645fe171694e4605304f9e2e268e2d,0,train,2
4567,[4567],087e785f6dd38a65479aa68c2acda4dcc0384d075511f63be73f8a38b167094c,661ed8a1963ccb954711e32a5a81e317b88bff685f1494e8d760a90c1c52cf5f,0,test,
4568,[4568],4b5f0fddbd22d7d6ab22646d44884e1c033ac78bee56147b51e2597911679fd9,a2826add7082408a8baf591a5da65ddac59d4fc195050a516de4c56538d6bfc3,0,validation,
4569,[4569],d369378cb0d068d2c2060ca517c959a8047cbca72f3727e534b36683edabce87,fda0a6bf91fd9db461522ea14283a374b5fdd542adbeff663bd7c1685dcc9139,0,validation,
4570,"[4570, 5303]",0fe70cf8f3eb2b512c3d5edbbfd502d63f74587b1daab83da87953460db6e86b,c8d959ff122866c1e99c22c8b2cb6ca615fc7d857d358819e68cc255f30e81bf,0,train,1
4571,[4571],1b89ca80ac1ab9f9b9653997d250e0d9dd718495cce6f2df6b826ebc23bf842e,bd5806bfee8de1ff40b32f9dcce9c0704250eef8c6a48d4ca988e0bd31ed4daf,1,test,
4572,[4572],80ca387a9f1b14f58e51b929947cf144e5bb5e00f520d225c6dd7d6551bfabbf,16459be3b096f0be7f16cf1516bd7d8165a8eacaa8e3b02525524eb2f5b6da68,0,train,0
4573,[4573],ec14f64730f6669697cc73a3476ab1ab0b2aff8861091ed1ec5969ee72249363,0f03be0b0c3f17ffa0612f091051fdc6a497ac815e92c59c14c13c3b7a1ef086,0,train,1
4574,[4574],e5306fed3c33d20b7e2b469a209af9b83c764e89df9ba93716c906281d229407,db456b0e14ca7f9470c89f0ad23c6ffcb21806e7948b691fda409598585f42f4,1,train,1
4575,[4575],89dae16672167a7ed888a9dfe8b1744660c663fd5e9be1cd7a56c4cead9cde52,5161991c52b6303af2e59df36b991228a90ae273ef1a1e5029f413702a42f7ad,0,train,4
4576,[4576],cd6b28842e128040427df22122ff9902bb570afd75411155770c1077e761fc56,5379960c0cb708defe6e1c5edcbc0ca1a95d749088a6f4185cb5e2d932e4ff55,0,test,
4577,[4577],a6882e1db360b1da8441d58aa43b8f6d5878bb22c31cc13f189264d38fd21fee,84fb73b626e1dfe59e7a1a613ee477cb8dec696fc3850111f7d41c00ccd7fa0c,1,validation,
4578,[4578],41e5fe400c32c026800fa672127526c5a07e2b180aff8dcf6d6b7b3a4a9b58e4,a07f57431c56a59e1550773fe44f123baac79d3df0adebab00ec67f6c8547355,1,validation,
4579,[4579],204a52ac97ffd66c8353484b881b410054dd0f358181f31994ed6e709d3b919a,d45c72030478d70f6a40c9602b037038e024898652b405cbc7b6fab72186b131,1,validation,
4580,[4580],24e8cf3d74a1fd40a85f1a6a43c83f574e294871b14764703a886222a55b8ab4,1e2c36a855bf5c4248781b9225d8518dcdaa1307214eab62bed1368351b2b41c,0,validation,
4581,[4581],96ca6c7b1b5f5605555fee17ca6d73bfbe0ab56b59d5254e5527cf374deb8b09,8f189f00b78624918537a4fd672a234d0466d4ff9e8f6d0fd1f92b8cd25e8c77,0,validation,
4582,[4582],2ee1849d260b56c4c9888baea8985f6da723da830515e7b070efd2ca2d8abe18,4c4c0979473011fc98844a87b258b2d629421501a1ba5dc73b44b0c8da9e5a66,0,train,3
4583,[4583],fb9753d1475aabe01ca8cdb97b23bc49431eaaabd96e5a87593fe018273c9810,ab5e2f9fed1503b5015dc29c0add7c88b441bacf81063943d1118b540e580da7,0,test,
4585,[4585],997eb30437b3cae8ece52381a00e117204893119cb59b472eb0a8755a36bb391,d202607094eea7806e8d2636fbed7d801b902b3e3c0053e88dbbd0e3d7f5a06a,0,train,2
4586,[4586],b36f873410a8502aa8bef5a06929dae57fbb6d17d5a1f58d3c9ef72de30c4364,90032087f2d01f640bbd6891ae92fb84ee2e40bc2e55d6d3ad989f94cfbc52ec,1,test,
4588,[4588],a393a3265a2c6a8ff6bb12f4b8762b39be46c387da3e810b2ba4c99df74adcfe,6ecc4f66456dc787ba58075014647c81be71021b167f186a349ebc08183d1e5d,0,test,
4589,[4589],7eb5d8faacacc81e4ff9f46cb50623273f44894d239d5175dfc896cae42d4186,56d170570d8155be0124f45d6d07b8d13eaccc8af6229b87f5f010eda0b62190,0,train,3
4590,[4590],55c451056a53d4ec97a8cac9ac9bd5edc3f3766a4f5a154e3c12666211a98fd5,6591567f35ffedd1fcb82481b470f1bc0f51b249194ac877c26b2c51db082c0a,0,train,3
4593,[4593],d5d72506a7316d19bcdc5deccbc6922deb6f409cbee1c08c048ecf4849638294,0bec2d210bf329b12d3fe4ae6172e14db3595b31bfc6b26df79d3becc5c73b55,0,validation,
4594,[4594],3f46109bfd0e68d6769021bdc2eac552414f35802de8877ac5e6928ef259f664,a068fddb536f0ee9e8c78a9da7a43bcee3b9237ed36ea555b9e30700ae460b36,0,train,0
4595,[4595],69244f0622cd4ac0dcb524ede5276d63d197d525382226e61ed70336a6326ab6,c6ccbd7dbec6d137405741fa7f7e82d88ac4c2530e60b7c29ac7ed73bd677250,0,validation,
4596,[4596],b3b90cbff6e3501d369e75495c283a435965b7c3c0a73c75f628d9e524650fb6,a79baa27a914a363986f8d2600143a2df59cc9e2622a674c728b6a2f8715d4f7,0,train,3
4597,[4597],b3aa058132a1534a548ec8905edaaf08fbd1bfc1b5bf524e46fa3c059475a385,d1cf6f23985e8ce44b5fb73b85a68214eab3d8e0bd0ff7c581dac9dd3034ad8b,0,test,
4598,[4598],ec08285eaff430f259745df536af35b1a6b3fa6609eb7eb11ddb133b0a5cde9e,4cc2cd1298e2f57457f5cc0874d7ba45bd8aa3afd5cd30bffbf43508daa023a4,0,test,
4599,[4599],39c8ffac35fc795210479131e09c06e2681d8a2a9b4a123b665febf25e2e745a,0751de90f8fc693cec549efc66a922ec77bb77917a46ebd1bb2492e78470f6f6,0,train,2
4600,[4600],4a226971641f44484e78bd8bb5e76bc04f9d2d3241a6d01ee3599f9f2700c578,d26d9d7a440ca4e3b1002f3c41a43a5e6f5105e762cc550780d47bba869a74f3,0,test,
4601,[4601],57fe66a8f58910e5ac3d86c509ed63d685bc6a8823061ab419be408c1428e32a,b9cd956932622464af23205b7a388c083647678b2f7cb366563eaa73c535949c,0,train,2
4602,[4602],cf91104a668705b25aceb452cffa81a5a9e5f79ab4df487c0d24c09360a076ba,fd94ff6b1d8976476e4d888ee6a46c4728c57d150800b3dc4a8cf8941646a2b5,1,train,4
4603,[4603],c44824c0ed3c38553a6e9224f87ae4b9a5795d0a23684417ea4cd5f33d58315e,0d1cb86b2a0915c4af8abc342b34ccf4b104f6279fb7baa572f89235eb928a7a,0,test,
4604,[4604],ad38c13e924ef8f558ff86e1ab7663d9c946e6f690d164ff5c6c3024f37ce455,7450fdc69065e85f02cad4a6240631ef8940ce1bbc5e4492225e48025ab8d5ad,0,validation,
4605,[4605],699313782900790644281941b896039593777a5003447bda5b1a4c2789e05625,5f3b9d6dc4558ff22b2720ab5a10f811542b0279ff1605c6b64fd11e047febf6,0,train,3
4606,[4606],cdce4c8cb511f24882a145e9d6809f095517894dc536f78f10a81bd15595b354,edba813ef47e04766171044d44189d9d897c68eb66c53cee3a65db503bc148d3,0,validation,
4607,[4607],9da413ee2f2de25a7a949318afe9f0f7029d1feb931551fef08cdec7473343d1,2957a84d6b9f842a4576ba49b955a9abf696b734cf173b843a78a39fda62bf22,0,train,0
4608,[4608],727d8bc9c99e57cb6767db51e194cc8e57091cc41f95fafff4b0acfaba2c5838,0deeba38888d7a42caa71da0ec00c0bc20949768626ce3371e065bbfe2ca614b,0,train,0
4609,[4609],1afe8c595fd5fed35b1dbabc759fe390ee78fb3d90bbe919e268f8e2211b8c71,b72121b1f404071650525884ee840c1479b397074e7a00858128b1412c1fca90,0,train,2
4610,[4610],114dadb1fb17f94a603b51d9e16f7d3d69b53443d091c74631d8cb33cab01fc1,c4ebcc1776a185020ea68a038637a33538ee597e3af125144a7812bc081fc1f8,0,train,1
4611,[4611],c3b06ac7531910f80fe1f6e40195b2ab04c90cd6315315bd1584db95eeda338c,2d06f343a1d33c74a4e20d7fd7554ccaf37e939629af5bc7103034c3a8163fe0,0,validation,
4612,[4612],bfe0f56a2e8350c9d7753beb4276a8d19f06df050505316b28fb88266b426ebb,a8cd958233fa919c994a8f06280fa4c3a02523d5d896f8c3b9d70f885397a733,0,train,1
4613,[4613],c1758f2c5dc310fb4536af1af9c3e9a302509520e40dfd36f00a15ce251383f7,eaf83746daad2cc4a9f04ea9540c3924069669b1c8eeb493b4cb0e9c5e00d0b0,0,train,2
4614,[4614],ca3c69f53219e98e52aa8ee3f456193e0717d9b307814a3eb8dbd8e12038a8e1,790252d08a6526afb2c928355d2b87e0a766a8131de1e353db03b9cb55687f93,0,test,
4615,[4615],ba8e95505e366231cc91b73650bd2fe738fcaebe7fc20181286e9bc035b49cb2,f49f72c8900aebbe36ca75ee7e8d76b9ae5ec4bb211fed892e5b45a4d1ec53b2,0,test,
4616,[4616],628168c19f17337343e673d4bc460dbc170a243f8511c771664fd92aa1cb6ac0,bb4c0f8f75e3c7e1c76dd970a9c85400eb2bbcec53fe25a809c48d5289acedd0,1,train,3
4617,[4617],4fcb6f9dfabf7bcc8895e29dc8b539cfe2067ca65c97e4be2c86b607adb6caaf,d599b7907bd328f32afbdca15fb501a542b2ec8fbac390ea68e8e05c131f1b50,0,validation,
4618,[4618],864927c84e445a5c4bf86f7db26e5f8b7103b211d1d9f70f42185b24f1e7e666,e7b915dbfa15846184da2bdffb4bad94c03ba6fff35f82dfbedd06387cca13f3,0,train,3
4619,[4619],83eee92ee68521867ac4a0eb3f923034fadfdb937e12c4ecbb534c0e6b4c3906,bb158d20ca47729d66d27d3b63d513c31b36f004bb1eac6e7576614a8b727a6e,0,test,
4620,[4620],efc633aad0d5beb4de741d0c96bd02559efbed0b6204e054c2b1882ff8b1ead9,3e1905d2e8bcf584e0bca43eae1a28c1cfaedcf8716a5386ab35a159ccd72f92,0,validation,
4621,[4621],788f8b017ed4cbd3055aa8bf08eb4c798915da5d4caafcc2de52ef182f369a8f,be6660ca19869b5657e5128e809ed3db48119e5e1e000c02b528da33f5073092,0,test,
4622,[4622],7c81b9bda373e67c3ed2a2ccdec12c9dc013abbb4f7773cc03a972705bb9c66d,2109a36da06b9ecc4f5ae87ce1227339d991432ba856f8190d2098ff5d1cad4c,0,train,4
4623,[4623],351eb4d32216b33e2ebec1b9e58ec78614e867ea0b3f3f6e4a03dbc81693b071,ea56aa5efae137618c46b1d99ec33a1d749c3692490361f6d4ca4a5d73f2da0c,0,test,
4624,[4624],edeb210c224402dda1e8d0b1d40ac911728f8c9c2ac39d6ad031f208f09aafdc,9d32effbf69e9649d0ab95a5d75ba62f78819eb2e3239084bb84933a6ed4b696,0,train,3
4625,[4625],e66860809461e852b2a60c4af726b15ccd9460c6ebcb5e25dd94e5e77b2ac852,db52addd8080144baf3b92a18683598be23c55fd43b10e96776aa7e4848032a6,0,validation,
4626,[4626],3516dcf92e3a4c330f44f8b1937ba3d68a9cae85454416f4b0d2006cfb354c49,7da8b0d61dd2b804de7071977e9136bc1e39cfce79444aa1586f2ce9c14ab2f7,0,test,
4627,[4627],740da40beb1b7c487b33bde32c084d80793de9f4d0e0effeea276d3df9a4d241,3df2d24490ea54f4e99570e048ae939e4f6b4e2e2bd4f1e4a96e21ff06fda368,0,train,2
4629,[4629],dbfaa04f8c94800cc33271ec18c7e46ffa685bfb18de5bd1672b31a0d8388d1a,207ba30bfb5886f0f676cdf9bb30a5e5088c14042e46cb40841b5b8b6fe0cb28,1,validation,
4630,[4630],0dda1306a15cf975c51d703b52661ae5cf64177bd4243b0d10d94fed81467807,b28aaab0d5c764a9a92e03cb33527828b37d84302fe0e424e159b4d991a05881,0,train,3
4631,[4631],abb4644a4581eef0e1036b094467a8a464cf7e588c1d83a4b14d507b0d1bfee5,994972de41ef31d9e652f4bd97a6757177fcee70d337f045fbe2eb5b9791e16d,0,test,
4632,[4632],0e8d41c53d6dbf25ec26135c0533e74a17d8edc38e8b73c4c43bc1d27607dbc4,6e9e9ec71e8dc33ca81e041bb5d6733b1e209c3f6093acec70b9b28a6f1eed31,0,train,1
4634,[4634],adb9767391be17174cf3e067476a24bf4570d13942748820511307a15576f094,876e60eaee7cde66e21d8b466ee29a9e05a485d77e9ced225771487f08975a55,0,train,3
4635,[4635],fe4bb695c2710f7a5604d4004da2821f0d1a786eeebab160df33c354067af149,2a00bea30638fcbfdbf38be4e98d196bd989daed9bea218613a401e98360513a,0,test,
4636,[4636],21b5d87555032ee4a84b15cb68b84e00f22cee6cbaec3c6d35e6d80fbe20f2a7,4c00cb980a448cafb24b42ee0cc665d343c7b17861f194476a540b583d883852,0,test,
4637,[4637],ba6698f8430504ba010e0c45b729cb6730ec359ae91023151143cd12cbbf9fa3,95f80b9e029809c11bed53ff836bd7f5373d9215385a6601c2b887e7b20a64d6,0,test,
4639,[4639],95496737377951d01fc0aed102b05f2e60750772bb84c87a43d27bd9b3629f18,5b50fc71da4dcdc8ad0cc403f67485c2959655e8e6e93ae3a4393b4fce7d7894,0,validation,
4640,[4640],19effab193119e07f281e0a1375b47abc33a0fe097bf639dbc8f1817fddeacbf,7060559d1f276661e9df44e39d1cff17c25ab6de3146010522a91e522271f5da,0,train,0
4641,[4641],fcd4eb32fb8f48e115d7a81f6e40d79a8493930b23c5e9e92b3053341516d91e,6a9e23b8594721b333e6193aa3b393b41f3b0de510fcc9b0f9c4cf2609cff90f,0,validation,
4642,[4642],3cdbd7db79ad65bfd39b33165946fec86e45a93ba2939fa0df49471dce63c354,5876fc5a8f32178f538cc3e663f4278d91f3feac36ef1e06cfc2826d9b909436,0,train,4
4643,[4643],553f777b1a43a4266d7e0dbf24019c4f5dc0077ad04822d4468b64abbfcf73ea,09e32182e8844459fcbe83bd96dcc399381328402c6a4d59b6f533d6f9e794aa,1,train,0
4644,[4644],f2db65c783ebd84f845c1c73eee079884cce347bd2f706f9b860025dd5562037,09424f31bf587c00c7eb0795e42caee6bbf583e7a7c0c330cf19494742e4bee9,0,train,0
4646,[4646],fdde0f4b962cd5260729c14c0ab5d16b13b29114faafe51135798c45e54bb500,eab5d3d7d57608e372108a7473233aea2b5a9fb3f3e8955359088ffc09a3b5ac,0,validation,
4647,[4647],e8f2d8fcc55651af9ad65727b34f1031b9496925119ec741da4e2508b826b5c8,5deb70a6f0aa7265a4bbde256910da8d10df1a6861f6abc5b0eb1ed25de6a9bf,1,train,0
4648,[4648],1578c06959071c42ffb6aabeb3245cf3214fabf73c46eed39808a2a8cab518ee,087335844b7a8182504020270fa82c4105f56281be0c1c4f82b0a9835d386958,0,train,1
4649,[4649],d169b0844ccaf15d87adbd865f81481866260c1b20d59eb678447b982a90f245,023136a123e7fda95dd1f2c6cf3c7b5100eab1c920a68b1676a767fd101a396d,0,validation,
4651,[4651],e3c8c7ce3aae3f16a802cf905dad49461a2df3005117dddefdfca631475dcb69,88d0fd64cd6f4779aa586fd0c26d7980635b3a199d501e6dc023a91404af37ea,0,test,
4652,[4652],44b637f7714c869b2c7cbf37821bfb6c65858b268046f5e9ce577c71640cd0c0,36a50303b5a3df22f6e5bf6705c9a9a1e6e8e36ae84f94b0e1ac542189a9857a,1,test,
4653,[4653],8838af1643e5c3f5db6241dc4b7dab52f580b954c9b98706d1f772c69d577020,a6bfcaf6a9926e6501c13550a5e2a8031a8e04a61ea1ee221093a39aa71c7104,0,train,0
4654,[4654],bc561fe69e0e0096b45dadcc8569b7af323df1b2103d94b32cf45087256da1dc,62d21bb83b39324cc2fd46163f05176aae9e02d5cb1b8dee6fe15296aff7571b,0,validation,
4656,[4656],94db7694892db800b191ec0d70d69916696659cd8cfaa18921a69f4b96753bd2,5e918469afa8fcf67fd9d7230cf17b1b7f1cf5a7d8ea795b547bebd103959ccd,0,validation,
4657,[4657],76adad37b5a4c47db65d1aa6249525119ba10e2a4b4430b53c389eddb9842faa,f7b824cf014ebd6aa2285f933d5873cd04690a0e581b53e1dd57f3a2ee6d9b56,0,train,1
4658,[4658],85c7d2e3ffa8786f7742817c9f7489d3aab996ab136f49fb7674505c9b56c7b9,210ac2b4bbaffca24b246cda52e59bde2aa903fe32e884f6bee8670555220c4f,1,test,
4659,[4659],0b55beb9539295966a79f6618d85c1ee8e225876bdab931e3bbce52686a4de24,475ca926f3462247db1724d1f572c28a957ff9cc25f130eac263dfc8768d33c1,0,test,
4661,[4661],080d2122c9bee530a66a2eb2a190690441c87656ff6c4cc5f68aa5d4d33831b6,9ee833ff3310dde36aac250106422112a0e534d3319017f23acd635b2d299455,0,train,3
4662,[4662],e7995d462f9c8beb62ce0e06b6cfc9b45da5437fa3b123be9060d5e7923042f6,952d6860100d8a4d7d3aaa2ee84d2da17c6ca8bdf6623f31804ca2391c8341e5,0,train,4
4663,[4663],2a8772c14f4e4fd85caec550c9d6029080d4c05a0bab91c266e11a506ac6a12f,d2df742e64391fe0201fe7884f8c51658a7cc2f74b407e430349f777f5ea4708,0,validation,
4664,[4664],5349ae95b8ee7fefd53b11ec3425e9023db7656de287727f132f9f7176fd1e3c,0f8c5d02faaf40be16991abd7984573507b5eed3211391d84eb77ff4f612d788,0,test,
4665,[4665],b49c92c57390a635d9445c5f1d1f7f5baca7b263bd71e1ecea4998ca2303f4a1,07c5fce05b15d3eb3a580cef9eed242b1a576d20355435a55efc0e87f280ab9b,0,validation,
4666,[4666],325360f2d3e84e6b714d72c38f09d841282bf70d64903c7703a04e4794e3fa6c,9a937ee309cff401be42fc0ba5e6f6f4a67934db917c9faf9eddf9f89af53a8d,0,train,1
4667,[4667],833fb382e841726ffe80f92aeb1197ed0e70174ca0f8c699505cd09f0888eec0,0b1046af7b1b2b6ffe2589930b796de783739e4ec47971ff858d14eb36996646,0,test,
4668,[4668],71d641b3f3a639d889caf47e6afcd38fff17b1239957a8ac5076ef750b1b5d7f,6287bb0aa443a06723742ae942036ba3312ebd2597b4607f0ca212ba56fcb781,0,test,
4669,[4669],d9f1be8851b96d93b5d7ec6b2083f8e03254d8499e1e47c30f2083444b6031be,843777bab862c0210b9676b690fac81650e7f76c2f6886989865bab6cf34ac6a,0,train,4
4670,[4670],917df62a0bf1cdcf00adf4d528d5343a015cbda6f7c82f694a8aa8c3e6cbd97f,5bf831dd0580ef25f0a1c6d937f9c16f38ac01145ebfb075f6f29d00bfd08fe6,0,train,1
4671,[4671],53011ebb2f0bcaf1bc015942bfbca20ce85fb2d7fe1a92ee48b2fadb67bb2a4d,35b7769604a2a42cd6cc6cdb249acb3becc0aac38f08699358e83e066ca4f1ee,0,train,2
4672,[4672],3ae1abd41b8aa75eb07a5668aa85949cac6c6ac85a0f507bcbda5045de726603,d55b955be4d90c2a75782496a119cc3dfdacf62105b60893228036356ababbb8,0,train,1
4673,[4673],80f1f1de53095e3db59605fa841a63ba6430fe1b00f37c1a45099189cc6f4109,ed549358fd205f41356593627bc8c5c0e7c410bd4464d6a69de689b3b34a87b9,1,train,3
4674,[4674],f5fa8eb19b9ebabefbed0339ba6cf3d7b801df05c7afc9e9374a39d427409f2c,0e7aaf7e9e0f423680ca1348246c9a2638845af286435ad913fa49a5b3b30598,0,validation,
4675,[4675],4707a7aca2be368d82ca6a7623d0169bd0d114b6787a1240053ce17c44f01229,c90a27d5e99a5672386720603607da28852361abb7aa942fe99db53315227e2f,0,test,
4676,[4676],55292057ed80c712a0ed677d1f5dd34aa995052b7fc639fe98f8af39b40ffd83,e9c5aed891b151202634a51ea806dc69c7fa783ac24c2cd802f6f070ae1299fd,1,test,
4677,[4677],fb5f355554b1233122f806a76cb924e48b09a18d818a2d3d25027d3fcd13be46,7f58db9fd16d5dafeadcfbdfa7f1297df866c280110629986cc600c941316187,0,train,1
4678,[4678],0ffda57cdc1f3ab0f8cd0bb7543910587e198ad2cb126fdb7ade0256f2f98bc1,390debcfff499f640ec5294295356eb088daeaa43d55348ef631e439b5f1c984,0,train,1
4679,[4679],d10da871be618c7f250eaa7d5dcb6094fb22e7d4a163a8bb842e89f839476d45,db17b644c107290b217dfe7b545b39d9692568c0515091e483e7c7987d8c0f86,0,train,2
4680,[4680],0b201edc9e9a46c17f464a85d3792e1c40dff75f11bab93808af2c5af72ed249,53c90d217c74d27239b90f52eeb189ef05d9a8ce54765bacc4c7ee0747a0ae98,0,validation,
4681,[4681],4f8e93fce14ef543b0f19911efa852ac862ec9c96b5a4d81bae3ebeafc4cab8e,2b92407e098494fdd783b99d8857ee94f07b192ee9424ca4efda8231635ca690,0,train,0
4682,[4682],cc3b385b08da8f495ad31158331ff15be64528ce9c8696d4a6578ec368fe30b0,671945009d1f1b7aad75dc2a06cf9b2f6a4b467736e6ad6e70547f005e2b6e4d,0,train,0
4683,[4683],00055963753f4799cdda016609ab0c98f8462d1a4870a1bcd83947a97e39a143,f98eea28d86bd562ba93cc659f470038f642cc76a7cded248c46e83711bb9cc6,0,train,1
4684,[4684],b0b1be4a0ad1c4d057d87abb30f24e413bac7b287e3f38bb4b768f0f5d22bea1,8f865572f41ef6e8c1274589304942e5c94a1feca5f993b28a5089cabcb2efe9,0,train,1
4686,[4686],d250c6f661e0f5ecb2a544f2d680c132523736041540026145b5900953d10e7b,c048011bdb36bcf269c5e2f5872229bcd5b825ceb4678d789b2e8b9503c12cf8,0,train,2
4687,[4687],992f91a3175f5c9b2b389fb3b7496b2738229a6283426a218f3205300c75890a,68662863625572a66f92c77205df6c572220165a3305b47abddca52eacc40d2a,0,train,1
4688,[4688],db25b4e1ed1706f6444de2fe662beb00ef793b681e90087730b177c31563e116,49d2cfabc161860bf294c9e6f11478b5ab3ab85bd726c8dd57954729090dfb90,0,validation,
4689,[4689],daac7fc1240f10aaac82e9e5a19ea7779b55001f51b0311c62fa5f06f0c39620,4a1eaec023d2f3968badd1195a843bb98c4a11c85b79178a8f9bc330ee0d01fd,0,validation,
4690,[4690],5ab4eb5bbf80e50d975fb0adb969f036cceda17afb0f4b40c598d39c0036acd1,d20bdffb03b37205f0fcbcfff676159642cde36d881e74b8ea7883cef833f37b,0,validation,
4691,[4691],2ad51600a7205bacd755f4eadf900a2a41abe8028b1d688ac13b6beecbc0f1c8,64e5c7dc85da38c0dad2a4319eea8626bdeab8d53d300520cb7357bd8ecb6f2e,0,validation,
4692,[4692],796044572b690407d9e0c3e3ac82dbbc199fa600b8d773cfabfa4ac2794bada0,57c81db067772aeefd136025050878b4b0d4573a8144ca7e7102e19491c555c5,0,validation,
4693,[4693],1dcb9473e1e42d57bdc895e87f882d5b2ea14332bb56773fc2ba70d8baaed81d,1bd01924d9b88a97ba4707442da6bd8125d9669836fdbffd164411e487fb2159,0,validation,
4695,[4695],ca8e0fd1cce9a18a2296ec4e97ea1e1a16747be97c5068fd49abd781b2d78779,74fdf6969c3f78d03791bda4b7a9082f93dd40f12958677996fcdf7b1364ad5b,0,validation,
4696,[4696],45fedc4b2a6f7a3e76626b3bea9dda7ba1b7e13815b5dc6e6a08b8bffa9f8539,281cdf56fc207a8326fde245bc352d47c9dbb656f4f6fd39894e25b6196930e5,1,validation,
4697,[4697],828e7189e74a3d99a237f5c19a789eaae1db75e8bb9a6febc5d8290fa3e9f1e2,89e5ca5f8159eddc62af629c8d2a1dcc86b46c6a6c1c132de48629b7c5be4ad7,0,train,3
4698,[4698],d380ae7a8fb4ce6099225ba635fdb098214748472ea5beb3dfe0e82184d94f92,3ea63f674d842f4739485a40bbd8394541d3d60d670b3adf1ad97add2820fb5d,0,validation,
4700,[4700],68e2d563cda7cc38b108525854d640bcae4b4cd2af5cda3950f93a2b41b842f4,e3f3493c5dad5d16820fa49adbd86afac7cd47ca4a0c482d00e6762cc32c6df1,0,train,2
4702,[4702],8d5c2cf10008e6b6def87c25e3e23d46d8c8041d9331084d04f61b9994bcbaea,d07d2e6fba2666a07c5fd982a467bec1c9cb5537cae04599ee42407e0dacb02f,0,train,3
4703,[4703],6803e4a5717914731c2eff4035339014b787f18221d2b65bf7750a9e41c940c3,8be8254c8f8584f53c837e588f641654ba13891237bf3ffc07ec459c54562ae7,0,validation,
4704,[4704],28496cc16f0e4dd9817ce97d6407f6fb97d4c0307aed77cc99266c1d3fbcbfe1,abde6dd90450bdb8394bb5dcbab29ca7f5410899bfce1a8a7c5f03bd7c0afdac,0,train,2
4705,[4705],b4bf0d843bf38cf68cf714062a0cdddec1f330b2ba8b2e3615a57b22e8f4d69e,0127e6d6c6a53c40aefc67388a67d3ff675e624c163c1498579375087d4ab6bc,0,train,1
4706,[4706],13ece169f34c3a7d9d2ded9941cfedb18bc51fbf12fa53ed8d69d05f755348cf,12c85e7c863481aad2ad9f1ad7b0f017f4b51c4c226ab3b6f4a6ac1f36f629cc,0,validation,
4707,[4707],3f3e950b9004a2ac8b67e8fdddc63a33dcbe18aa68b7110acf0e03ba016e5abe,fb1656e4ceda0b0127524bbf91e3e4dcde74a390a544e6f5826274f66bb98020,0,train,4
4708,[4708],6e7fd13fa3fdefec76add0a67b813d09382b5553cb858584329bf6e8a4e98af1,94b54e1f839ecfc00718160e0cdb9ef918cddeaaab67583319b119666f6c4734,0,train,3
4709,[4709],ff9132d3d5cd5b2239e649bb2fe72782c40078eb9b247a7238ed0e99275ce822,abcf7b413502b6bf6194906830d3336297c98f183388d2054a6d583fd4dd0c9a,0,train,3
4710,[4710],ba5ef6f183cb0f9046a849599a0d714747b317c3429c2218bcce56dff8507f6d,9c839b28c42788d9d7010fe2d537068444cf7bd45b1139218d35089836102b72,0,test,
4711,[4711],60b86cbf52d7d302772e6c2f08ad47bf1134bf67ec1e66de0dabefa1e7948351,ac2c01c06160fa73f6718557c1eef890318e4d9ed5be83bf7ff66eaa76906abe,0,train,4
4712,[4712],3a8ef79d2c8826548c953a47a0c998fb7f7b99f63486f51eba73b682f4ac0ce5,87189555138d0ad33d4d38e8d8a19bf361ef6add7f28c146be0a5a1e43b85008,0,test,
4713,[4713],c3a07def7d9db58cceadbc317a5a7243b1c2b92911d7f5b06df1371732ac5e73,2e458e73bc61ab199ce28965663d95a2d595da209bba76d5cef9f2a1a75eea37,0,validation,
4714,[4714],4a2e69d10d79b5f6bb0f170112522f0a462796b7193143308c21cb2c6352ffa6,29b8ff8c9bb6e16e379c4c825bce539b2e158611ec31d22c7cb7cd7b08b149b8,0,train,0
4715,[4715],e61fce57639c7b25186384aed3b064ded9fc7633e748c52bb5884301809df8be,83a5b83625614420f359b197f4dc69f2129981ffc85e0e1b32a85381ff59dca3,0,train,4
4716,[4716],9c47831817960620a7064cbdacaae43681bb96a26eec4e07c8a3c33362ec8959,00ee0e75407ba69e591a421023b26053111524a1b6dd7387a62e97389627794b,0,test,
4717,[4717],69c9803cd603e07330e97d03a3bd6eab3cfca83c6cad1b5b616b86384e3bc5ee,dfe898594d22c37d78c0abd7325eac7ab3a7c8c93b52150ad2d9a594af1f5a0d,0,train,0
4718,[4718],48af11c47dd353ee12367ce8291554e9e2b7449819a4119e459357c2a53e6e6b,973c76f372898c62257a376cc0664adac62df6365f57ddca39b8857c089ce5b2,0,validation,
4720,[4720],8873b5df30d3e944604c35330d9e2cd63eba30ed89bb2284428747f6d26f3760,99d7206f854347b7f26503852b42783fd77f154b81fc1ce39be077b570e6270f,0,test,
4721,[4721],fbaa63d4a583c56ce53abd19e56019826c586fc78067e64877250b642bcb5ed1,15857e89468176b478f18e2cfaa54caf648c68ef48faaa1c5f95976902075acc,0,validation,
4722,[4722],c577906307f009474357854e25b39504313b56d65df4719abc830fa9b7e6a8c2,17019dcd435a7044e0f094227f277abb2a80be0b344e9c1222f1b7b39ba46e7e,0,train,2
4723,[4723],9197920d76027e9dbd17444922c8ab290b2130176200c7e3c943b5cbac43e867,480c4da815f8d30c61a0fb8ebb894d972e018690c7c085634943608e5bb6f72b,0,train,4
4724,[4724],06a7c7339878368c656b3c8b62d75ce451bb887651482418f9bc73979fa76bde,a8eaf51984ba6bb358992609c798d8e07d22e63135b435c4429d609b85ea99f2,0,test,
4725,[4725],2df636ebe3740f68a313b95e415d7da2a732b2c9e1dc962ca82ffffaed8ed8f0,6b17a978dbe530cccad84435f22ae9e5ea24d3565d84a6c25ddeed691f98ef3e,1,test,
4726,[4726],56d8773fe84fa77b35892921d3fb8e98ccf8a04d08515cdee8fe74cbc9bb5f9e,f6306aba5dac9c50c5f7f66c561078d7251eafecdaeab313e9d96d6d8ad20398,0,train,3
4727,[4727],f2eea8915e11108b43154c48afe7c9159e7b309c5f98c983c67d0c9d7134fa3c,60e9884a91203cd8221b154f628bca2f5b3a94348ef57e7fba13cc011e10c7f9,0,validation,
4728,[4728],aea8aad50ab28990e312607dbb926584489880ae0383e38d0bd355cc87aa6c4e,5877d9841c2deaa7d3335ec230f0fe4dc4eea4af465964eeac4a5ec133e0a694,1,train,3
4729,[4729],084e9422a4a9891b9d0fcdc4ac98e12a8531473359dd1f0a56ce10998e9baeea,4bf6f379e72795d96dca60c9eabe9c9fa6258b4dc8040a42eb71162fb932dbf5,0,validation,
4730,[4730],ec733cef33c53370c94df9bc91ffddd9717b6f580f483c36a65004fb0bef8505,341adbabd00e4a5bcda760347c5c9cd1dfc018a2ca0f49f53877fc70f085658f,0,test,
4731,[4731],8f70b787200b136b563b600db3d9022a20e8c9711df09b141c6d6dbf9c2cedb8,87af592d8d18d2eda1159f98f4d8bd975d7d0a454e42f59d13cd9233a35ee258,0,train,4
4732,[4732],1840d44571800b4fce19df95154351762ce0fe2a15a077b9a9ca0ea52fe751af,b6713b6eba3ace8240801a68ff628a108770ee2deb9ed6573d0ce1e5c9cbfdd9,0,test,
4733,[4733],d923e289263aaf8c51b9937a524f73e09b090d11ec2aa189dd907da0e9bd4bcf,db2f02c539d0dae6a4a96d788bb7b7c80f4745be1dd007435a5bc394ecfd7f4e,0,test,
4734,[4734],bf286a11e6101f02617282381a35e3316b809dd64f3d8d88795a9505ad48042b,e07d197cee3569d23b03ab4cf6b310c5e20953ca08083e1c038ea6dc2ca5ad23,0,train,3
4736,[4736],0d5509fb7c91d07b1f58b5a1e1bea9f00d346336adf337be882852775cbf23ac,75711f60880934be100f8536ab114fb820e31d687ef07f05c002cd7790e96703,0,train,3
4737,[4737],2c026823f0a2335dbc811dd102f622171f5cddd83643adb4d4b7784f54175a49,984ca12e0d7a2483469a439cf38caf1f6cbbf95334ed6cc190e7bb71caae6319,0,validation,
4738,[4738],1d88e2b14ec5f75fb72c3611ef08a419b597240e663a545bad6828f51ea476c6,e2263398669fc82b63df4dcdc8ee0dad63caf344bd4d87100feea37ea19c3a2b,0,test,
4739,[4739],5cebd15fbfea05bc294b9a54fd057147d2ebe6919a06eec9eca122a3be8a6aa0,0e28b6511cd2e14645f1a9e0c7189248f58f64d2d5215f0b63dc2e586b7c8d1e,0,train,1
4740,[4740],13054094400c97caf739123e50e1adfd2ad53a72a17ae8ce728f07e60d1df181,21d383f3955a52962a0979f1073252b9f4a9d15fce19792acf6de83fa4a3d4c9,0,validation,
4741,[4741],82c6860af05e637cb257c38dafd5ed4be4178d81519b447fd58b4588e2644894,b6567f725b1cc8401687cdc8d4870f14333281fe47cf4e16efc38079b93360d7,0,train,1
4742,[4742],f33b46af57edf4ab8ce0e80cc903906ee8f862606ebb15a591035c2a5424308a,e966ecd54a6c664f626906528a72170e85b5f981c807ccfd58259e017878735d,0,train,4
4745,[4745],b5f32d06f5bdb5c4c0d810ce4267c50630d8370a744952e3eb6693631b373a9d,665afd9536d56b9157e9e04cff70eb3fb9a66cd740ddf1f3f7ca790a73f5c725,0,test,
4747,[4747],829fea4345a218d6a8ea9508a50c3001c496284566d6ff5792120b2b15ed130b,aa264a05649a908f1dbe7b54113e7835886b7755bdf7c3329d341e0aca9f37c1,0,train,4
4748,[4748],f9cd9643abae2dc911fb4a1af20240f06ff9609945f4e99ef7a3719dfd36b76b,d9a125f77e860432075f3c0304d0a05b1603bdcbf9811a35fa741f690fc3c946,0,train,2
4749,[4749],b771b2664e72c3c447fb203a9869e38fc5e525f3f01d9773b26cf2909a4e7fcd,c69c92be465371e42b4c1e4ac19873cb6a03760e85bb29755d8061e4c58be633,0,train,2
4750,[4750],8e149ff06aa834f37c1d5d6bb6af813c0585c45ea210bf61cd1563dbb6fe7333,81dbad06fec43b66c97eedcca834af19ff046dd524d55832886c0e78a559d04d,0,train,0
4751,[4751],82ecb7dd0e1dbc03cb2ceca051555d4d0907bff3b880938e4a987abb304758a7,355de34f5faf424997e7164c1d7f47d1a6ef8eb9bc52456df47fa6d2289148dc,0,train,1
4752,[4752],da8308d01ea6444356fa219e3bcd7ccc41a25d595e11886647e3896dea278ca2,0927c83a14371257a623ea3015f6710e5d918b8641cd8dc5375bd060d20c7cd5,1,train,2
4753,[4753],b52e43f7eeacde71380fcdcc948d1428f3c797f108f555205a54e7a067d293bb,f3bcf11ee9eb590f1f36e3db66557f3c616b4c15c948838bc575363f80c88f00,0,train,3
4754,[4754],12308a4eabacdbdeeb446c3e0ac9be27046d53ba0a7c0034150ed29a3bc59dcf,4d1b59fac9a069f038eee15ccf3a6d2daec8fb5768d884b67ded5a6391b106a2,1,validation,
4755,[4755],4ca437e56be39b15a0464c76ca3eb56e33637833e945f91cd4b3ece0e4e638dd,9fd33709c85f9cda6483f61535c8103e4eb7ed4e5411cedff8c8d348d8b29ce4,0,train,3
4756,[4756],bec58f0c6bb93ca64363b86a4d8043f83abef945e9b0699bc903149a53db9f77,d885a097c390e5552e607ada9bdb0938749aefbcf511eeb5a5534f038a10a8d3,0,train,1
4757,[4757],912bec4ad2bd8541734c97f9c7ea8a0999f1f66c005e01690ce54a9355a025ed,f98d747d8d115c6654b6697e0e7aefbbfcf5662716b5176dd1fa4abd5af50ab2,0,train,2
4758,[4758],f19b4f14b615edf7c213d501587fc0b84a4a8710992695fff09d627ae4310816,e33bd2edf4d90af83293af7a6c2b3318eb02acacc830a7a4602953d4489699e6,0,validation,
4760,[4760],d1d588394a23a3fa9c9551e364795c5a8e63d988ec39ed628a04e5be49b1a30e,d3b3e927f509748ad32e5a27a33a81b0e1ea870251e26ada15cc3c60b4799a70,1,train,1
4761,[4761],60ad57dc769f4464856e416bc6b4e512c1d6bf00c65783c6b8ef12a4df00606c,048bc87c763460754884994c54cc498829e265c56ba7edadd4b81b8795a7a48e,0,validation,
4762,[4762],55471247168ea4d81c52f14fe52395485848b112158fd9fe71b43c5493a080dc,a6d7b818f725bf555c979938932767e89e2ddd28d385521d4f4f383fda330474,0,train,3
4763,[4763],b62475e8186708278988fe1d49ff723a644731bc20541d7421bbadbe197beaaf,e55e5e67e16b714d44f84f04e10e18375eccd2ae9cad34167a56c21b09d9ca63,0,train,0
4764,[4764],0b4467ed3fc2045e703ccf1268a61996b6e9025eebc99e9a05e454f47906e4da,ac357b0b6b6c430b27d39d537bedd05825155b7b1ac42a2d017f087c7048baa1,0,train,4
4765,[4765],429151295c0849b9a56e84128ad9e0db79184c1a0c0c4549e52bcac6075bc6c9,f0cb3b3e544e7f4fda0cf4ed7678b54ffd0cf0314c17b00feea9c2c8a27580fe,0,train,2
4766,[4766],78a25b31823a5822103f76f387d7236cff4d951ac0b1a55c19f4aa89975683d3,338868954059d8dc01a8fce72f5fd138cd3daa4e88e71311108862a887eb4bba,0,train,0
4767,[4767],0cb965cfcd4cb1b5c8fcb2e76aa8522d3e1e8800c629ec9dc35071bab1af5d67,45881f6a48c73885c660098dd6b0d9903157fd5de08cc4c77c7b8c48e4324ace,0,train,4
4768,[4768],7ed014a2ad6b344be4da6369c13087c704f72afccfad198c7d56c5fd87121f31,10758039dbf85c98895764acd122207bf1804fbd5e574e9c0b2aed8895b7430b,1,test,
4769,[4769],b1d04c2dee78f32b7f6c0fb4c38752c1736781e4fd01247fc779534d5fbbde10,f2f9abf0f7b7a9da982649bd64ee246dc2f3f0dd00f99d440ba7227cba841d67,0,train,3
4770,[4770],4e51dadcfe6a2d9c953100812ab3dc68f674aadff5e503465cec8da58b00a609,fee8cc87975f4f995c7c61805af5b3992700863fbd37d2a60efd36bb155d22fe,0,validation,
4771,[4771],9867634f51d85a1a00090d8904ae8845a934123dd3498318023ad8b44dbc8d9d,3e059352c9447cc9f13e37d24fd2191354160ee603bc83b086c4ada48dcbf838,0,validation,
4772,[4772],ac21ea0c9be162f4fdba3eee763c3e8c1019b930aec41962f5f9eb5154baf1cf,499fc7d7659335dd501af5477446e9322c1201e0f62f4688d0755ef4be7acf58,0,test,
4774,[4774],d4e065cb4728276b3c6186a700a439e854e89f9886a55e2dba488249d746e713,59e112c7acba9218de2e9df7a50c52ca46a4a067565bcccbb485197c5cac0701,0,train,3
4775,[4775],c15705fd6feef5a34222b3724fb9093f38c283bb7c6262b29c0e3ef81d662d95,e9fa4bc0c0d40a1944e34eb6b7dbeddd545a3afcf18ec92499430cc7a1267557,0,train,0
4777,[4777],770bc418abee826cbcc43bb29d31271e9548b1b0321436930eea8dfc1c8a73d5,b768ae0c609cd790eb2fa2711d0babf5d243bc114707ca2576e019a9de3a2449,0,train,1
4778,[4778],cc3147f1e351425b324bb3c70c6a02a42227156c2c96f68de628bba20fcef138,0c1492e3fe4e770104f5b8cf82aaf12f293a4d23be6fdb84aefb28da07c901b5,0,validation,
4779,[4779],7fc20a35ecbb2ad1d7b264d1b54ffb6fc38790da3e8aae034f72bf069c8663cc,c31ce1ab83fcc54a548d7ce8c1fa20038c148a0775892fc12e7b9a686c4d5a17,0,train,2
4780,[4780],8e3bccd81e700e4710edf74cb87c9d2a9d99b33f1799be2259ddb50524e42132,3b14d966bbbf1270545229c69ced2ef13dc29522e0c9f40dc41a5639c9b9cd93,0,test,
4781,[4781],291e8d4ef8f5d2dbbad91a6691ecf5d461089574366865e00ca34ed6962fffe5,f117518aea83b3323b92579863e1baa9e26e5d7e0e0abef809e71d9579f3691e,0,test,
4782,[4782],c11ab4471291c0dde0cba8796224d250cc340a6099f5403bd1cdb56cf09b6119,b85daa7e07289581c47e6754b0da7fb82ce366e0908352e62410f3ff892a0cd2,0,test,
4783,[4783],189c6b162692cf8a8f67f080072623266ee7d0a8159d8852d8de6e1e28e8d4f6,b1132785b9438901cf5e6674d131d9d5d0bfc9270800e016c81a7b5a298ee4d5,0,train,1
4784,[4784],ab68a3a610de6e1e5d5404e3e1c92795454b1722573bc76a53de4749118179b4,517a151b68dc1e3dbce3e0ac6458e397473db8f94fe3b20792a4a5f48acfde30,0,train,2
4785,[4785],ee611eb893279b13d160bc42993bbaee57a619f5acfcfeb907a999ea98eea59e,548f533fe8ac913188aacc3f42f025ab65ec558634c663aa580684e638970a24,0,train,4
4786,[4786],938cf2a7ce9698c9b3770fa70b945260f99c98614dbe2b30df525ed44d341a9e,346a62c3cf4c9292dec26db4065f478a00f61adf751b5142915d36686699fe7d,1,train,0
4787,[4787],1f844fef3aba804eedbb526f6b316ee61eed6cf006546e67cc7ebad8e5a0bfab,77f16e4ccf8161e95e30c9e58fd933a35981b44dd1a851e0780dcd018efdfb58,0,train,4
4788,[4788],79735cd5f201569b3f7f6c5d36883a31477447969c45d2314bfc4eb6738d3c70,06269131faaa42431dbdc16c1138d596b46909761d92172bbace9c97b721b4ea,0,train,0
4789,[4789],8d5182ba696975545811345f3e635accd5c24b9a15d25cb6c671ffcf2b9cb991,e19350bbca9274dcd5cd9712d22cf6faddcf2abc9d836faea67f80b9d014dfe7,0,train,2
4790,[4790],02e6d06ef88a84fcf67b092fe400d09146efacba546e608938b75cbc4351eb9e,5a29cb973de9fd4385179f6695fb60a95a3b3501bc13370ae9db81b6334ac192,0,validation,
4791,[4791],f87c6f4ce3a43bce5636fd7cedef573fee1346d2d571d23336a3caac10588453,8ba4c19c25f778d89565526ac636d95dcdc61a08237ba577f59b9c6c5e603c32,0,train,3
4792,[4792],a95aaf9a93811c93bb80934e8168b0cc5f31bcd336eb333db036c0bdb19c7af0,6b92ccc31f846a6d5a8c5eddc73ccdbc1801d31c86de8abd61806d22309d3722,0,validation,
4793,[4793],686f623c0deb3c3c44d6796f98b810cb0aa5034083ef0a774311c565776a19dd,3702cdd1b183f8feeebb29a9e376d0b4ae6f697475901e56a5b578fa566f665a,0,train,0
4794,[4794],b3970a0b32d319fa9549a6fb7cc8cd03867341440958b3f45565e8cd47b8e36a,9474b29d6ec31b1f7586869713368c2db5ff838d75b1270c5c5d9e09606a9a16,0,train,1
4795,[4795],43a1ff14ca616adc8cab0504ce9bd2997decef047c3ec5b9e8d05f0c51ce995b,f5d6149450106d1fcb80504dfd82739d32b40895efd657728ae6fdc38645447a,0,train,1
4796,[4796],84d9c378ec3003159eab50ab982e42467f95c53daa028e0be0bdd3a79074fe08,727048a004617cc89ef666ac1ed4d21f36c36dd96854b47a761cc367d43b4fc8,0,train,1
4797,[4797],30f79375e3c7e2daf15ebad88cdc5239c00a92225eb29a0ae1998a8f935f342a,43edcdb44034ef5cb8d21d7b24cc03846e33737674da315549a26c84d3469c9e,1,train,4
4798,[4798],b8bd226e4b13679f3ace99ec630e76fe68b3e8a3d79a2cd002a3c3870616c68b,cac5eb4f37c555be6a4fa34506b1f50a2956a03204657ed1712ad7f6bd8aa27b,1,validation,
4799,[4799],414d9df2872e5824a87744b8963bc21b81d3927526510463c53058010638b1c0,ab4722bdcce01e024f5334364a7a269d577b64e154c586b166aeada5054146d8,0,train,2
4800,[4800],41e1ec4444efca04fcb612bf3254320a3e1646ddf15df2563904e98ad638361b,35f989723b2041072b138208ca236cf768b19676e7c8de83a451ac3761c912d8,0,validation,
4801,[4801],ddf6b8c46d97329ba05709d419e6734bba78031c8665fc2626da9b3bedeccc74,e2f320db2dfd8fae98230c9397b609da0160ddbd0a1deae97edc6ff774f7feb8,0,train,3
4802,[4802],95650414dc706195d54a9bc3e04e2fd098b7eb9b56825bba7ccd7d2beaf4c8ed,79baf54be30dc77da88542d8c79134339c9977c391eb854120f82b3729394f98,0,train,1
4804,[4804],ddd072fdc1eee1efb4fcf3bf4415fd6afede87efb981d5fc6e4f63ae0cca592a,a38f9155a41147527261d0e82099875fc89b5f816da70b93f528ae06220cbc24,0,validation,
4805,[4805],4cce8261fc6002bc9682cf0f8a15212d4cc4ed82bead4f6a8e48d3ba2f755ab7,240f2bfc51b9d0b12c2f13edf98dad54ea156cb3596070dbab8cb12e813266b0,0,validation,
4806,[4806],6ac47dda6435451c357ca15f3c5e635ae9d800f3a56408820035a74567cd8f6e,a4f8c33c687b8ca129f0d583493458f65596eeea7e4ac5e91ffda1e87573fa5a,0,validation,
4807,[4807],ed403847dbd2d49966685dd1bbafc9a0da00987de87c61d8dfed372ccb108017,af3b62350eb4d5167d14d7b3a01c36e53485d0134e3f0a5cee9e35a2b74811ba,0,test,
4808,[4808],bc0c1ac95fbfdcc4ea7803680db3243f286054f9a0d7f60f983d22dbdd998014,5ada94ce90aed6e7ec27a5442b48fe4228f0fac87aeef7822a0adb74e4d96b51,1,train,3
4809,[4809],27e38e6ce862fc81d19d1e6c075779714fbf94977fe4f735ab4b91816be60bd2,5b10c6584dbcaac94540fa38259c5ac7318c38da8dec49718cc4fd7e9df29c9c,0,test,
4810,[4810],fab5ca77fa8cc4109c99143ef37b545a665761e262dbc4ddc8b295307528e21a,b6704cac456ff999a13f669de061442e67398a688b390f657f9b41ecacc70b1c,0,train,2
4811,[4811],1ac727f4d12e1ac178468b40723e09333e991daaa3cc6dc021a4d9bb76caddf5,52c4d631dc427df6260e5f203747ccf271a07915933d36291846f57fe2dc47e7,0,train,3
4812,[4812],987f7d2e3d9e0e01741085c066675142e12903dfc6e4022b464074572dfbd61f,8c61f4f11450afd6cdda31084184414c81004cf5ef35c4b1879f5065d8f3a364,0,train,0
4813,[4813],28799e00e621758de1c187c830229e97730f098110424d0b0915003011f18ded,f0f9191e6e8d4f64f2538d08ad3df4cbedffb3f2afa9176b6974e4511f59b097,0,validation,
4814,[4814],5a147104ca72b0cf73b21c650d26af896e2076788411409bb724ba348037c16c,6729ebf2fc2a85401cd91540799a3fc9e00bfddc7e68d8a5870c4708cd9c82e6,0,train,4
4816,[4816],f14e4852a38b987adafda2e539e0eaa4b64a1605e02c7ca5a444fb7c2981d1a7,e4c47b3c549728c2b67415cfd8e806a3b0361d4456d755b583e7403e7c74c337,0,train,0
4817,[4817],f3b63d190cf2e2e98c41c8e7915f27c13d73e4a566d17552fb60f11d93b74bde,c5da49f7a4a691938bfe902bb6dc489bdbcf127db97b37d2693e29ba051c6268,0,train,0
4818,[4818],9b1f93f5daaace3d91394e3b79a8691c82b43f589ec7321da4654bdb3afc1cdb,ae971671f71f3a8545284ed2fb466c188539b5622ed93152b73ba67f73886a80,0,test,
4819,[4819],7c208aceaf2544cd76563d63ffec8193fab904684a3a2f0b695dd251ff9b103f,e3f7793231639e9122b82fe42a8e8f62d723b71acb963eda17e3d6ac40ab7d31,0,test,
4820,[4820],341c3e68a6cdce706977a86bf40f5e02bcec9fda0284aba228803b5129f2efdd,d7b514ea4357f6a7ef699eb8871381121d82b731b6941afee5e7575d2ffa7ab8,0,validation,
4821,[4821],78304e45ac6c9a03c53c5ed6d97fecc8cce3110fad29c37b7d4f7876d424b615,701dab4c3c32da6945cb25b5aaef6b5b4a6c05355387083273fbf47c8d5a92b5,1,validation,
4822,[4822],cf1d3b4e7ab0d6257174e1791b2d90817d6349704514b6eb0aa9350dc94cef90,9a0a11c2c7b875f63427d19c020ad601c4eb77ad45b68044c8266bc428977e2b,0,validation,
4823,[4823],c9b9027a4087adc29dd5b38767412f3d6d35566a60eb82f329068cc09335f562,c617aacffb0d4332acee6c3387735992d17da9fed0768d98b1121339339354ff,1,train,4
4824,[4824],578e93cfdc776255c515c5a4cc08bcfe7c161b25097d56d6ea017e258aaf8bd0,301b42c4dd540afbda5569cdc889daf86ef11859cf559f2c3c0b79bb9215b941,0,test,
4825,[4825],5103483f429c5998ca7ac9d20f4255ee3d7283e1ad802279937324c4ed3b5497,f3a430636e7e99c707337be53bc69aba79dc9523f16013279c8ea17f8f03f010,0,validation,
4826,[4826],541d9c859bbbff26b06c9c893361c1ddfb0ca21adf17ade4fcf36be2c31733a4,0cc3269dadb75177f9edd6f2a034f342befcde209faf1dfafcfb594cffae3b89,0,train,2
4827,[4827],ed8d163901af4710175761bddb65a8315cc293ae29818e1377350c5adf59db48,0304572a23fe76de0944dadfecaa9cab13e23cbd5740d006699173330a41aecb,0,train,2
4828,[4828],fad2ca985c9a405d23a673663a2c0511168bfd6ca106e003faf800b25dad9b79,8eb1435e1801541933d776bbbd2257c6d76fcada5f17c3e7562ae7dd17190c72,0,validation,
4829,[4829],269136230c4b11627346d36536c6bc71b05752a907a3886fa56bef3e78b539d8,6d4eddc1e6d76ea706a0e80139cb492f325177ff6cfb68edceb6d099e8682c22,0,validation,
4830,[4830],d889199b98fe2ac7a4db1acfc453d74a87c111023ed64e142319e31fb45d33a3,cc91b5011dae89bd711f6da9183c3cb218e2ba64f03c716654ec93aa57578dd8,0,train,3
4831,[4831],8afc0099efd0c30ac865f947c314ba32ab57e60f86fbbeacd2565efa9827be87,4f2c6a45c84ed935300a2ce8820bea46709212f4bcb1932e6bcdc4a620c6d964,0,validation,
4832,[4832],a7664f15894e0bcae9f2653bec866f02c1351c89eef302a59eb03897f517798f,b6db388561e4c9704e1f5b7c969ed81c64ffcceeca6261956c1eabbf751a7f6c,0,train,1
4833,[4833],0096bf2d47088f0a69fa303d5a124e40f8cfda5f3101583779903ef9fe4d97f1,8485628c9e89cf8a25e474a4ccafb77eb054cc4b7b715f1ca77903ac2cdee5b6,0,train,4
4834,[4834],390d8e94fb8b3f6615a2757c937eb03ef47b5e65beba6e8773850a219f71a3a3,cd0c459e47a60c1c20d539614b438f17d6702a30322d40424cb4a9c1b58742b9,1,test,
4835,[4835],7bcc6819eb98841886157471f91c9d94199658c9211be67cb316c1da92901a86,bdc1fcf7f4f12fed61916e5a5be3827f901831bbb65f7374e61154d592f1e236,0,train,1
4836,[4836],7f82cd5e893c5c85b707f126ebcccc0777b1524b5dfcc421fdf099f0deadb8bb,1481d125024a7142f598554e22c3a018eceea083038ab6ab566d54c7e9b271a2,0,train,4
4837,[4837],97aa1de6b3f676d1fb6e738b5d198610fff8eeeb9b589230894218841390d424,fc48e3b98143b93276da545ad9287e23420a71d9b92715e47b5abc0476559018,0,train,1
4838,[4838],a9c0264547a21eab08a6328ec2a43b56d933ff8b88ee6611ba6f78aae877cfba,1c4bb01809d868c475d4274bf5eeb5e137377c959dd8d07eed9b92234b53476b,0,validation,
4839,[4839],30337038ceee843c5659f132a1b9154d0ef503986569c33dfa8a82146489f2f9,aff630116ef1425a64b49ce63e64367c4dc1eea9425a7d5b3a4866d44ccf0f32,0,train,3
4840,[4840],d61db5e99fe0b52423922a66a4864fbe8e34574876fc130b87ced03f5c4bfe35,648e0c9f7561fe74218f408ecda2e7b751e108250df14efdd9d5329780b0ff78,0,train,0
4841,[4841],2616d9580d3e1692108f617f2d24b8c82eeac7468fc82cadfac4707b03fcaf3d,210ac2b4bbaffca24b246cda52e59bde2aa903fe32e884f6bee8670555220c4f,1,test,
4842,[4842],a8080bba5ae38541dfbf222de38489f22f75cefa2f72fe2d5ca1a7737d519f86,a9ded9f92669ce10877c14a311f61d98eca6acb07082286a15722c999351ea31,0,train,3
4843,[4843],3eece4a836d2f7fc62276a51364f6d5052d22fb6071950c4ca3ae293186a7218,2852fd5981516172a29946c5b13eecd717cc277ffbcf91d068904ddb3902da1a,0,test,
4844,[4844],7d34a32873eaf127d787041108a56b1b2790e9d8ba5cfc0386b7b84f3c2ab510,66e1ad66fd165db5ffa6f9835d4943a814f892667de19d5b544ac25ba591280b,0,validation,
4845,[4845],23d3da69b3f75284d5ac742d3ec00b1edc4055aaec576034f0c3aa90a4157369,2262b8bac3e0efb9b21be45cc3a95e850fd44cd3d77e6d3f19efa778a175b3a3,1,train,0
4846,[4846],661e13cc18498825f58b17ec3a4577367692f350199a8413769f6f067f98a37e,63e82b68392d960e9d5af234e1bea307d8ba061420bbe2dfd4c4eab751c64b28,0,test,
4847,[4847],7e40fbce1aa6da7523363a3e7a10df301079f6402612b800854a6f9202bb8033,7f12063a4fe67fdff2fb05cf6f9b016404c762f33f152b664dc2735d22126ba4,0,validation,
4849,[4849],065d96a011a4febfce5f65a27a515e900c3093ea5ea90c025307947fe96fe0dc,5859747dda1897ef8b16033c11d0230cb2734d08602d8fe3690fe4415f105a43,0,train,0
4850,[4850],772592ac2f42fbf5bf9eb44d6de42a5257798bcfbc7aa6f47e544aa4faafccbe,8bd029041c76ab6d1a9d12fe0d410703d5ac0eb8a7f6b096974f068c01336eca,0,train,3
4851,[4851],24dc8c2ccb086a7b4b144801440e3e77f38c6554982c17475b868b68d9c2ab11,2db25cd185cdf15f641272d31d97c029d99009ce20cb21b4c4df52d1da32c55f,0,train,1
4852,[4852],7279130b706ba1541c995e887b1953be48d011c29721229e194476192aff3122,6875ba1105fb0928dd705bbb4473b5c6ad386a91fc922bd843f194f9403a7349,0,validation,
4853,[4853],464202fcbcd44182f939ec250608ba68fafbbdf3a1c6c335647d1370e34ec18a,4d97559b8122729c52a1b1a8efd05bc5d9a6fff47933283aeb490f71b7597d11,0,train,0
4854,[4854],f9dd82b9283a9a81891ada0b1e5e37826ae67bb1f3d975a43428a8f308556615,d743ecac0c2f44edb5c715e51d5b27483e684417379c96edbdd1b8137d738930,0,test,
4855,[4855],71d642425ca6cfc2da531be9af2724eb74b7e37676ba16ec25762589498911a9,8653d1eaeaa0cba312597df366e2ca5e0743a271091d99c2ed515ede22cd2367,0,test,
4856,[4856],ec7a4721160beae5b851bca54e6fdc6206096262564a49608a9bc4547d3ce054,fb63c3d8cc7499bf3aec42ad32a3759ab2546bc6b48f6db769bf0db5bef84483,0,train,3
4857,[4857],04c32c10e002463ec2a9b7239bce3547e3531f6ef96870b12c2c4bcbc65302bb,50e35f4bf96e97b900952f1cda21eda02fb478ce54b26ac0e6933220530ef97a,0,train,0
4858,[4858],368af5715299e20c9ec3317562fbcf79ac1b17165c2d8cb06fb9cde1cd08a261,b554e2da8a841d1b82533e363df1b44fcfb875d90dcd872075b7314c6cb6ed70,0,train,0
4860,[4860],15e8b13c247b649a8d971653c6d74b99b39a31968b4c8dfcc600a262e7ab346e,949389c7929acaedf8bdd7ee1cb37a64b8624913e0ea7f43081fb590562c91c1,0,train,4
4861,[4861],f3c769e6a60e89fc29aa2b83cf6902dfce386f412ca7cb4cef46924614b30c92,508e9135d9613e5a183b723c55f4a690dbd52f2da47666a9393783f65e92582e,0,train,1
4862,[4862],6cb354a44694597c6774e28ce8ac59714388f4e08977a01bf4d82e31b4031ad7,50f266d2c4e394ad0e417819e84998eef000cd5c85726dbb77581048b504f75b,0,test,
4863,[4863],f942e4c93789ad8c1f131bcbed14a53f6b65fd306838cfd9f3f9244e014198d9,26b7502147da6982bafa021f7d4edfbb9ec2f92fa2a1cff4d510ddece062f82b,1,train,1
4865,[4865],3ab15398ff4cac8bce05e99de1ca0484ffaad0166a7938d6eecfb63d5084120e,30039b7971259ce4c19608b02c7b5182699ba0e2e1616bde3f19068b78c9a704,0,train,4
4866,[4866],e1a040cae27015b6eb4392d2a3c3f4eb393bce170719bf2ea05ded6768195161,4de34a48d7717486796378e03a09d3ac8c56f269a6b563e8f25d91dc74627cf2,0,train,3
4867,[4867],1bc42fcc4e895404347dfa08cc078e1663b6e4a89757a6b8ce3763176e4a9f23,3d1e0d8f30d3011c20b2478f1527f589250c8685cd314cbf10d8a243abbce67b,0,train,2
4868,[4868],001251f4fd56ba2ee7eda71db1ef3e1532f0c5a79bd9832b8e38ed95b48459c2,04e84873833b946504f62590a142d6cb9a900bc2bf9c9067d76faed457225056,0,train,1
4870,[4870],79c19952d4120bd544065bf7ad3061752340a9e88b7d680c403ce09b07e26fb8,76af9de74f5e3cd019fe53ffa5875cbacb2583607814e48a827c1003c45110fc,0,train,0
4871,[4871],af38b1d7aef49157fe9d99e79423455db5c90ffada304007c85be8233e42c137,d4964a0c63ee3a06617cc8f9f7883619424fde1247098964686c677d9bd7ef9d,0,train,1
4872,[4872],bc197dd19cc45965ababc7395f5cd953b7b866b255b80fb06da356fc0d5274c9,7b194a2176e19af143b35d7cb887ec66e583bfd7dccb2e38e1791e7bc338ad63,0,test,
4873,[4873],12d0c370abfc70f08e7a8be8067c2af78af33954aeabd7e90838926983b24fa2,d9aca15efede1d33a443f526e748b1c524c69255ed27b6d74e087faf968de0b7,0,validation,
4874,[4874],e7abff6744dc4ee923db96000e4f27377065c8e4c02b1b68c876d18b3b52a9d7,db9051aaea686b5e64ca534db5e47bdfc9403652a4b886ed882f6be22b8d0157,0,train,2
4875,[4875],16493e6083d4d80438bd14603adda14863c9b0ed45908c1c4f591e9432042d1a,6ccc238ac37bb5435f930424f67d545bc79e7559dd938673881bb63d785c2a2e,0,test,
4876,[4876],7945861f72501c8ba62c373c67f65fbd7bf2f43573955ec86e9ae05c4312e3f7,37cd3ed7a20df1ccca350975d4faa77f3d55f54c3193572829245454c6dc8608,0,validation,
4877,[4877],7d94962fdb1ce78611caa6818e0de34fc4185b2d7235940a01707ad96778a8c3,8de40ff7b4e04c100113f519e89fd3ae73e89886b91ddc9b298a4aecb055222f,1,train,3
4878,[4878],5c100b8a8ebb3af2a8831536d0ec3795e1fa7e2ed848e3e6af2bf6a9f84bf3df,d7da8267ea86fe4c049b01b956c7bb49aa1c27d52a7fab68e9554d504b92aa8d,0,validation,
4880,[4880],f0d16a11ccd69a710759c2f2b871bbde94701f0d85920b925baabbeabb02a9cc,6b87e1609c26ce64953a0c896c0c691e4aedf28df5ddf710a9708e12d9db41c0,0,train,1
4881,[4881],db3940441b01f0f01af4a86c3d4adfee88d926391247108574c10bb2ce73d611,0a09f6f7bee6964062e2bcc4639102f80cd50268ba4ec06cc3b0d9c1d176abc8,0,train,0
4882,[4882],3cf602aeb387fce93e2d2b85eaca9bcb8769c748e8e772f177c26b3a8f25798f,ffd542205c66ce20e95dd23b1fe338641b63a2da1715440a8606611b75405f24,0,test,
4883,[4883],f0af5ce4ebcd6c6c245f31987fbb291adbf50920abc1a090aba36f87cd8f7939,621932956daa45530ad6dbe9803eed6218a54e24eab9aef6fc55aa5e54e55794,0,train,2
4885,[4885],d1550c232056e98f3bd9723495bdc0f4e48f6d99e3f46cb4d9c4217972c44853,2c2a56ada56a1fa7240d068893412001ba7d454fbdf0976492315ec202f88722,0,train,2
4886,[4886],26ae1e18dfb630c73752019634b7475354e6a127e4031b808784015031a58523,50dd609f78583a694b93713969c8a49b7bea9d56f3d82cb0ca2dd29750721872,0,test,
4887,[4887],74f8bb3c907a32f7247d6832578bf6b6fcc6fd8897f49bc9060dc2b67e07e7b4,02039da9268ed690c654347acb61b82c977c8104123f21e90dcac000a910310e,0,train,4
4889,[4889],13dc2119a539198ab7857a5f25a64a53efcfbcb097e5ddc0da9ba087ff74b40d,148694f340d360637c536c291305f3f9953c85917e65a8dd9cb5612ded826c1b,0,validation,
4891,[4891],5b3a901ed08ad23948d47bd2779cd62f6353a8b22411a5f999ac9524478c30c8,f5f4ec6dbdb92173af4e1226b144076c6c80bf56e524fe866b1df59eb5c9903b,0,train,0
4892,[4892],d24db77029921878fb209da26fccd89b51806281b01d957c8bbe6986441c2dfd,d6060574047c8c222825102fc73c22fa88bedc2e6b59a0424131d67582418112,0,validation,
4893,[4893],ddfda9cf9cab007c7a80a5ba4879c916598bb4d48f2a5f535bad7ff01a28b56a,f6c8d036c79bf2e1e698bd3aa5b17d4c8770e35a027ef0765e40860dc00e66a9,0,train,4
4894,[4894],8c5160e2807d60a0423c86b46946f8bd304031564f8a1e95b82e60b6c0505e9a,cb9d13f17db6f472449c79218ebe3f7a728ac1fbe873c81a5321da284f8c53a9,0,test,
4896,[4896],3c4ef15600f886047d7c86225d70e03a6e1a2989e16d21126604c694392540ef,f3079f722cd34112be0d27b0b3466c35df8c22661275c0790270064ade7e1903,1,train,4
4897,[4897],b94a072de0e4c56c68f4762e3d5e355660ad877a2ff49897fcc26fa6f1714868,5239ed67c48f940f34b96aaab504fc8f790b1ce9ea6ddc7e381c396ca1528be9,0,train,4
4899,[4899],75bf9b440ee6e51dc16ddb75fd25e9b7a65727dd8c3c2fbaf542dcdff0bc5b1d,f2b7b0819ed433817de0276fbfdcfd426b681b528fedbd09eb0d2fd8e9d542ac,0,train,0
4900,[4900],3636fa55a3cf336f0d3c4a485bd304e7a9e99d08096d6471ec954608719da7e2,d9978944639f4f05c8b862875ff1af77991eae9d74c158cc38cdfe0a9467d922,0,test,
4901,[4901],8c8b70ca1b6f7ab0434b442eeca9831ed9d3aad6a73497f7ae0c3ecfaa9a977f,d30dbbe65a4b5b3eadf36c601fbd815142307d0c7da763ede6e503ef302aa8b8,1,validation,
4902,[4902],ce709152190c5f39c7acc1bee61b17109f140a6de528e55619034bc02c433310,dc99f43af7582319ce65901587a1eb6adf46fef4843d2bf7c5c80e09abf663fb,0,test,
4903,[4903],a0cf3b5fcb323df6a0009190d2929731a2f65efce5fedce5e0ef7d61f9d67a02,347f5c80f8771132a638cb0bc4bc4529c27bc71babaf0db70aa43b8e02bf3916,1,validation,
4904,[4904],418289368bfe5e4f876a6a4626024c162096cde595d2a38b3dd8097baaee7646,ed910077a2ab1d441375b10e77ae9590cb4c746c452960dbda14b54e842b43ec,0,train,1
4905,[4905],05c57ddaa029f8c089b5e1040944c4e5d839454caceff554878e28c26fc94581,e0172af4ec1a28757c9cbea7a81b5e7fef4e35cf66423f702d068c326a77d665,0,train,1
4906,[4906],2ec887c3778f80a325808d854f826f3e9bebd5dd7ce63172a1765603800b5f3e,a960c12d62dec5b8174b7840e8eaf90c3ee26d2e46333413c6787ea59f37a377,1,validation,
4907,[4907],e4e259c0bc858330c26eb81f6fb4ff0308647f21cf4f0fe7f74f2f67ad640ce6,8fd164d5fe8076775140440bc57bd68a9dcd94783a6b44f5e8f81edfb4e256e5,0,train,4
4908,[4908],e230c8b3adbddbce130f03871f8ef5e8654cc496922ec9a0d8464efbc5d5f0ec,47270fe576adc30e5451ae964c13a3b249537fa3f86e2c0c57a6f05253e44de4,0,test,
4909,[4909],c638632f01d906ed7df4ae2e032a12e9e5385d485e3360b1c2b0b9d367e53f5f,3e0c47d6c158549f69d90b923c2489e3963e42142c66f85aded884ff00e00771,0,validation,
4910,[4910],b928ef95855433c354802e3b5beb13aaf58b1bca6653d7010a1d1ffe9f0f396c,d9c710e207d1735bf0f458815bf2a0dcad043375f1d224a4c5e1bd44c6bfd7fa,0,test,
4911,[4911],593e4593ee34b60766fc9e73e45337d61c5cae377db5b6e72854038c4fa5ce18,313cbda7d0ec2c6f9c35f4e4c5aa05212848f95ed3b696f7d19f213b0ef656cc,0,train,1
4912,[4912],85b4752a0a455e5e837b4b1888b7505454104a754a6bad0f61dc06a0864f7769,fe208d983c54542cc231d8f9f2253d20e3268e1284ca66c71c74a4be8c71d97f,0,validation,
4913,[4913],bc4c3e530115e5dfdbfbaf9527745c1bc966fe17c4722ab0f0ea900a6d5d6324,51b171e58dd2443b69b2b7f3f746543171ba2bf7772e50200e065061f0e621f3,0,train,3
4914,[4914],d2fddff2ae362ca0f5fdbcbc84712af0a5850688df2bda80fdb61b7ce2a7d032,ec8e0e8deb66aaaf4e9d83cb0cd8cdd246d8a01fa35efd57286325cd7ddfc1ab,1,test,
4915,[4915],9a3802bda15fff9b5bd4275ea80fdd5460ab218e69284f03aa47c76ef4f4f628,b274d63086c3de39061fc79c6d8e34aca7b8c1f36aa744d83832120c63b7b33f,0,train,3
4916,[4916],071e94c082387200d347d0627b0b1fdec7c7ffbcce273289aac6419e0f3c8eba,d3fb4b614077fc282d3a42c20592b0ccab85beb36649b82493b4696b799699c4,0,train,1
4917,[4917],6ed6c6339e223c5f283db3cd10c89554ccc53f8dc84360b3121c8cd816e34d21,c39391b517eb4650d64b9a598e6d9f20cd4d40f79c3bf32d8587ba60d55b5b4b,0,train,1
4919,[4919],26664b43d4521e64674cebc8a292da83eff9f161c8a343e3df7c365ca457dbbc,7a6c53c75acaaba0eb14a439fd07e8d3a143185f02cfd446067eb360d7b87958,0,test,
4920,[4920],5850d1ad6b29d92cd0b723eee945c697b8b612d92b9cb576c4f3084033c3bfa3,91e1c1b277a68c198803e0c07350d833a2a3e7a9cf5c7364837c37ef964c334d,0,train,4
4921,[4921],116df7f1a721474564c2dccaf3a660a35842363b14e279ac586217a1f056692b,b9381aa2deba64ef59c23fb0a5aa1860445a58f463eff76b81db42c5acb24099,0,train,1
4922,[4922],fa0747ab3e48d4d6d9f4fbfa61320b84caeea75ae072bb6f450ff7c9e108735c,84ca886ca81ff9dc6a16b61436e5f1991d0eee1ceccbef606e16904e8f81aff2,0,train,3
4924,[4924],ee988a3e6e94e251e34919ed559433797862eaf49f20b50cae295f96004fcd03,6812909f2cf4089d8fdf5c46e6959cbe24496c15cb2bbb92b44bea9b7006b04c,0,validation,
4925,[4925],cb5da47107e893d585329ca1e1d179afa8d281b0b2b9a98773c3bdbb78995ca8,42ae8200f9af3b97c2ca9f02ab635367b7ef246ea50bb8f9c243c581680998a9,0,train,4
4926,[4926],f082b89392fd62397d823d9846ecc0777cb38bd9a118880116e2d38116213757,4a879e6c544783eb341731ab7c665e811bbe6af8f6e1b4212f96a75dfba67764,0,train,2
4927,[4927],84499b702ec7364d370f505b1182f98b1773d03e3345a5bded28ac98e9411218,f1f371d94525033b47f4c23e9b8763c4a928a4e6ac809c3190384280a0f6c309,0,train,3
4928,[4928],19305e3fbb3a02fe345932111791b995ec5c3b19f07864d6d3d98102335e53b8,bc0660ee942e29af7605dc598dfd3554dedc2849dab2e141500c80d1e47808ec,0,train,2
4929,[4929],7ef1492b21755a7b62deff0177c380339e4ce64bf55921da35e0caac17c3bc5e,8b8ae08c17fb9d96eed262c238b7ac4bf86c92e17900fd99e7bca7b6fc1dcb3d,0,train,1
4931,[4931],ef17d249d8852f74071294de585c57040428a2efd6c6d263c06c24b28a3a125e,be44d94fa915525cb1dbce5d4a398596508015f2f7a9629f61db2dfe2edb7157,1,test,
4932,[4932],301673b4d40f988c3f776a8f36bc195aa66421a418661535237c089139e97299,3ab96fbb37d7722660c8015e73cc8a10ce5c3177a18b7e2137bb3298a5cf8b1b,0,train,2
4933,[4933],fa48ba96997285a996eab222cecc0ae59b14c70af4ce1af8679496a86dc7e8c2,d36830b9621d8d85c954ded8b6dd1856b9c3408bb0c747e903fe25a8f73f247e,0,train,4
4934,[4934],ac94836d28533a47c485b3594ef50c3e8341c77a6e23ea3e51290ce9c3bc6b7d,c7b6e277007745193485135f6e7c3f2e8c216140e3a7001b8269919630066987,0,validation,
4935,[4935],4be5d39bc54c19b4e82ad0a0bbbae258f29b740b46a7b21b4c874fc7a791fbd8,6fd46e29b5ab6d5b8db8940669e23f58bb95571a7a63f3197acbe1e19e886825,0,test,
4936,[4936],9ae80878a0a4f6fe2adb23515dd3d5e95a57918f7a98eaf5a10f4d2f077ae47a,ce1691588008be4364f5f2dab430aa8966276ee167adc0a47fb5dfc0579b6c32,0,test,
4937,[4937],41a46ec2ca7b70d40857b4fc3a23b3e42cf6b32b2676a02ddb318ee9ccc392c2,06b92947e6d15386b30b343e6ee7688985edf5252903b052dcd48c63ec33fa0c,0,train,1
4938,[4938],5f01b189a4d312fa46a9f28b06b0bd902e1de0fcc822c698d4a6b25a8ffae64d,a545ab2e16c71b5b7f86f0f006771832402e5b24e04c617819896ad72a80101c,0,train,4
4939,[4939],015159374edfa3697b1a5e58c1765bd0bf1d2d429fe9b47c28ad0668f35deda2,6859a39d0cfdd0745d6754f6c040de073af407dea61ffdde9219f364a18ee42d,0,train,1
4940,[4940],fd59b22ab5c9e636d7fa93cfac619c3e494dd0a598857dfd1083546118968a26,9c2edea3f44095684e7d04904e598faad8861ad08983c015dd9a44ddd8d04eed,0,train,0
4941,[4941],f6a1358b5b9edfbbc27e8c22ece77eeb8e9f34c4446f95488fc8dec9d5909a14,d0fe84c2e2c97dd854e49fd7e4466090bb215543d198af823ae55432cecf5d0b,0,train,2
4942,[4942],99f3bbe7a1d48ae56023da75b488934462f3c6df42b8302f36508c6e26bcc617,de2ca275ff2d3c0c7539cd528fc8d25284fda902104aca93492984fbc2c23d4d,0,test,
4943,[4943],e33b8698adae616953a1f12a34749f4c4c4b4cbe889cd18be6625f529f105a1e,863e8ea1ba55f694c0418da4f4ab69f9fe8a413f9ed2522d8507c75f9a8dbed8,0,train,0
4944,[4944],3c7d299fcd88465614c9687884bdca567e16544bafe30569c68300a85e2f831c,1bad30fd8350ad3acca1e1aae1560ea330234e0e00a7e48820fd5fdd617131f2,0,train,3
4945,[4945],abd10d611b9e3ea2fae77cd0babcb47026db8abde935fe963548bae23950dc6e,3a6a7b3b1622505d87af635279da22763289cd9ad9cd9b61c2c8e9fb978ded88,0,train,3
4946,[4946],9a594fb1ea2e70ad2ad9edf1adbbf4eeb691fdea700e1f872216fc767f242bd3,d9e175ef6f20e6c63785561d10d142afcdb9b0f717a0e93a04f9fdb9270cc0f4,0,validation,
4947,[4947],c7d2c39312ba4c970da4acb208f4177754eed1c1eeb990a1b53d832d575589b8,8294e6e98002ed8c0b9cfe03b33ef1aa025e9b8a83d6d3038bea030de1a7bdc9,0,train,1
4949,[4949],fe319d3a9bf4f37188c32f9b0284ccf38a20e0fedd5e6dbbe7223c89cc1543cc,a5a84764a04b2b1a5f0e63df39b653783e5037f8bf32ce77061863cde279a6b8,1,train,3
4950,[4950],f6f46d1007f2da9ec28fdec22b1acc83fcfd2850af01da06afc4cee5590a2b74,e153a8b468407f473c297e5c723556d9af8626aba836897e4cf53ba99dcdf7d0,0,train,3
4951,[4951],4950088c2897702e1fb0891249b3d188a44a3214bc59029bab048b9156906462,bcfcc4fd4861d704fcd5d3ea93e9ff4cd0777e40e346aa620bf0d8e25ce345c1,0,train,4
4952,[4952],e34f34b5bce17c63c2eba8578fb7b5e4c096d3d8137f1d657bcfea20fd0350ce,e3a243a15588b5c202eb56ffa6223bd9df20ea3b1a02f31f4fe2c3f31ce323d0,0,test,
4953,[4953],3a8db065f66b38337b484fba7f2bfe1a3d7c5a6fb240da40404bc3dfa44bcab8,fc53521bc30d0571206a0d57f599e7691d414003cc522d3ebcd8159561b7e49c,1,train,0
4954,[4954],55a5f162ec7e8cfc0eb1d47f002c533cae957021fdd9e94a5dff118e61de7916,a7450055f9dca80486f0a4d0cc0c56c6b7d4f41c73534e0cf8c7ffc4d6acc6fb,0,test,
4955,[4955],b09aef26388f1305ce972b2d873a1ee6db437b801156d2d4c76830b3a049e685,293dedd42a590fc0b943c8609cc11e049f43717aadfffe2c3b6bebb68b244c36,0,train,3
4956,[4956],6b45889168938c161bb38b42e460017b707e50a8c724eb887fa553a85e205a0a,4c1eac0036cfa359ea0be10fb112d7d0b44b3747fc780a79e5a242ee68f67c3f,0,validation,
4957,[4957],614b2094e7ecb47ed29954fab6df25f33032c46f34869dc3f0744f9f05f0e610,dfc0dd98550ad8b217cc4e7db31cc3e88f0076bfa8a3a9a0416bf96b88fac98a,0,validation,
4958,[4958],70937d0457cd8b9cd4c83b0884d532a939af6fa7bdb0d71014550c5c21104cbd,9858d715fe45ac81e06964ea099e32877419576f84a8733af4fc5c5541efba86,0,train,0
4959,[4959],048c5bbe8ecb59d3b915ef0b0e8410f540db34f3a24c5873b02d9bf71391d370,2092cc0eee8e633765de60748d49ffb86e67adfac2c8c1e012baed48c4cb2948,0,train,1
4960,[4960],663764819b15e90de52d0e0ff15c83e4bb9fddd3a8319aa4ff62b76a849d8a83,37f317552b2996d6770e2faef86fdbedc2dabe7b7cd8cd297788f27fb48428ce,0,test,
4961,[4961],7acac95f83a2f5134e0cb380eecf294331d050ea1eda2ed5b69b74d16a49b2a0,cea696fa0da8dab27bc83fbaa5b2b699f2f663e43d43f7c74a81f97ed8c8c56a,0,train,3
4964,[4964],b5d8fcbd42bfd61f9f846fbf7ab6c70a11f0f57ec77138378dee78ccd612e8e9,107369285c1e0d5decfc51f82f7115b046c1f5fb9c187221760e31eb59b8d030,0,train,2
4965,[4965],093598692e2cd41cd32c2bc869a01550e9f202b2a06fa4a659c7c14db5eec00c,582532f32dc4b8094401d6954002f05a20a5ee96f929e07800a4f176aa273f71,1,train,4
4966,[4966],c3e74928e25dfb2e16b2a66d4516210c430a842ed852c67470b1144fedc21600,914dbc55b41577468b9fc2eaa4e8297bd32f7cb374224b687fb88ce348665313,0,train,1
4967,[4967],07857de670b92687bc6522b009056eae80bd0d52475cbf9ea7712319ece47bc2,6c38fa4b16c8aaad9565f0b1ad25f9c1ff9a5fc47eaa069a933e0d9b9cee10d4,1,train,2
4968,[4968],e3dee838045a60efba80492647d82b402727da208a19264845f5185f36f04864,0a18d0e67b979444d98132f81f92e2e19a343472dcf70e5082f61c76b66b5f6a,1,validation,
4969,[4969],6d51f51d06fea6ad0a5dd602d05e6b8c6e4479dee29d499acecdfdf258d87e64,fb1b2c849f35b49cb18865df8a718a0cb07e835d3d3321238c72480b2b79084d,0,train,4
4970,[4970],a19543c7fad409bc881eeb54d6ea6e26d6acbda94c645a5fca879468cd891cb7,0727b47c7781c3ce5ddec37c3548ab5358ab9a9b6c2b1485a1d4d7dc2c1d9bfa,0,train,0
4971,[4971],9de09f7f1173e91e4aa1395a5042783c312d21783f812e2c603cd197e7ac7eb4,00d75ee956bfce074bf4a0050c523117bb7fd9c55b5bd2eb5d5e99485acef5cb,0,train,4
4972,[4972],fd56b9e40121d093f72aaef6d3514f07ec38ed27db11097962cc860443c116d4,c9ed7e80331e511fa72e7c4b74b94e338f886741eb49923c2f244645fb7e1cc6,0,test,
4973,[4973],7b8dd8b123121bb33e64ead35b2c05456fcd816c9599316e91897308d3360b26,b7f46ff45e83af68c33c853945e0bf46ea04f3913edb239f66a826a93252a2d8,0,test,
4974,[4974],7c2278da6ff0cdda8d223e27b41655fe7972d4f5ba527a7f88f7704481bf8351,e383aaa0927ca442a7a1d90e004948ffefcc804a2a91b1e43d490a95e7954198,0,train,3
4975,[4975],1f07888a27ac7644f7ce828b7e7132786b97081a780c256df664f29b3b9fb41f,b0739a108d2661160069aa046aaeed30e6dfe5f0b8a18243aaf36a9744e6e1f0,0,test,
4976,[4976],d3b2cbc8baea4673b1a8a51cbea63c8392f1444a0d99fcdd8b5c7c1cecdeb99b,3ca5096d0a1f10f74501c66fcacb251c12d270c6a82c0a31d759d1d1cea0f334,0,train,2
4977,[4977],a5ed8a2c3ba8726b782ea645518e26b05c972d4734af42facf88ed93b39b0189,66f19bffed6baada24cd21b2c1b81bf74b2ae23b2bc8beaeffe81fc90a0b8a62,0,train,0
4979,[4979],f766dca087cab6269c37dcbf780276bf735e2e8ef5a8849423923dca4fb9bfe2,595571fffeda8abeaa694f6da98887ab1d6eb8a5e509f1e18263cfc71e009da2,0,train,1
4980,[4980],f55c5fbc3d61ef872590e0feb6bfbd7f78bb29d4cbad2ec3fa4650379cf985ef,7eb1ad0f5fa857668d3d99a1ceeeb813f36802b88aeb75522a7d3a47ed6ace68,0,validation,
4981,[4981],cb629cb026dd78e1a0b6ace9289cd3b1320f1c30db73b2252c076e872ad4b12d,9d1b5926f60c2263b965d807155a48f93d3c30f44364d91fe9dbd1475acc3a2e,0,train,1
4982,[4982],5035d5b8eed49d4b25ba373d0f495475a53763e637aa2ab4ca98f192e2cfba34,5697b2d7aa492aed3a02dc2d62a392177966bd9dd54c1a6d83ffaea8f19f5e85,0,train,1
4983,[4983],56de980bb9231c720e4d93db50708c936edea88472c7cb964aea125bb44032b1,a29dd87f0dae32e1f379cafde7d79ea7f3b0b69c3b2cfd34b05c03549afd4994,0,test,
4984,[4984],5038fba438e83cdf073498c01b74755476dae60896e083a0fb0cff755561e0c3,dba0d6ec4e1199353fa3a21d7a000468d0a642142755d38c136508474774aa1d,0,train,4
4985,[4985],48fb421547c6f7bdf2b8899daa434d8535dfb69fe5a24f8aa61b190aa3eb032e,d0598e8e59156b40b527700e1764490231f56d59d655f310bd055d731a5e1c0e,1,validation,
4986,[4986],84af823dbfb3b7674fb5deba90a39350bf3a0235b8d0cd49c720909b7bf8ec23,c2a83a249a81aceeb2909a60ba54250270728e3fd408f857b81fe27ccc01e18f,0,train,1
4987,[4987],c2b5508fa6db3bca7fdc8a5c18b234ffd6b97020103d3e0d441df6aa44a195a4,8cecccf5baf3912ae97245abe7d0aa535e644dd5529426bae8cf71baaaad6ca3,0,train,4
4988,[4988],04ea9673c2ea9b6c12a6ff95ed490f871236340d877fbb4db3ceb80dee46af43,ffd7c306b9ae57e69fb7d1731768debf07b39b56b35c9753995cf4c2da163b66,0,validation,
4989,[4989],4e5f7860473d73370f2111e784bbd03445d94f582ef93e49c963452768186785,0f5eef19e1c39a88937ad33ad73ec5b94be4c5335fdca5eb93fd2c01d1ef7857,0,test,
4990,[4990],de79a0c62251b6e21747deab821479a956a1ef85b2a676163ef3999979c8ad3d,5aa0003b8b8b5bed381dba8c6569a2db43903c1787bc0e8e99619360fe64fac6,0,train,4
4991,[4991],ddc92282d4845f3c599fe6fbfd12631a7564e9ee5d4a862f960bb98eb3e567c3,b773462dfdeaefd9b4d775ca53dc8d5058876dcd93a37a93f07309bb35bce7e2,1,train,0
4992,[4992],882f4fc0f831eb17c79d1d10543693821345e52a04c4f21af3af2d235b4fe56e,71f71c2a5d750da83d0b2fc5c9106bccd4e3e7208c2325acc54a927a53bcff45,0,train,2
4993,[4993],3d3d40e00405484f9f4428992c0f4f19ed937988e0c6adbd25e6c5afce4019ba,5a10aa653bc7319c34ad1bd1276a194f77c951c54da0cac5d25f96c206694513,0,train,1
4994,[4994],87e320aea9e9bb829e8626d963de968e4612d1ffab071ced3a474caa2808230a,652cd38afaa6d49138f1867146388d8b2f29f494f6cdcb302e0e1d047a8ab9d1,0,test,
4995,[4995],1189ba2d9e275025679e6e522c8d9c1165c20e7bb3c271a83ac71263f1655fda,b438795e1b71e99edc545d6ee1f13ccda7a93ac114203e927b1dc4266db60346,0,train,2
4996,[4996],326b6dd824096c5635eee7b7adbd9da9e6ce9879d453a973d136d24d356c5911,e610bb884c0d459499c60654cc568e6c52c95134282de19e0cb726aff79f5871,0,validation,
4997,[4997],cda0a3bb3fe69bc1ae97e3d2c99c0f36077c0027cbbf91b908e755acc3bd754f,90156b9d2245094294ca65b5f2cdb6c2f283ea48441b9bdf43c0c03ee7f0b1ed,0,train,4
4998,[4998],2cc501bc946a5dc14009a6cbbc7de8295877037484bdf46cba211993cccfd223,c492e394a896df8dca555983e0fb9ab8856ef2ef3894af8ff4744cdb4957730a,0,train,2
4999,[4999],02d1736760a02e30d233da8ee97deb29305c294902c157379f9b1ab9d5523baf,e24ecc02b85e1340c1113bde84e44fc2280946575c12fc3a007a37563e5a35ea,0,train,2
5000,[5000],2361c05dba27b11db3ab9dc0e3e836b92fc527965d8a7159839932bb15f8dac9,0a804a2a4218683c10209beefcede9d7235243bd9996089bce399532686b9734,0,test,
5001,[5001],6dfcfaf4b7ada535a11ad0b4ac13d23ac897847a957a45e755ba815e3c3a5d5f,0e72c87ed3abffc691eb80227e5f025c4ab6049ad8ad2789022b91997e6b2760,0,train,3
5002,[5002],3b1e0576eca474b6e04f01e3b28135a3ae8fce5864a7fe09759777550199f0d9,1e579c570bd7cb69078e0aa8d6501f4fddb2ac8a481f012c0e0b16e846c22a8f,0,train,4
5003,[5003],e09595cd19b5b9161ae0be9e4060738e2742435501ada46123519967fc8da353,d591c5ba7a68feaa716ba7e573f6a9bbdbb78202fb4183baee06f366538d54d7,0,test,
5004,[5004],4f84a30b3a7bdbac02f2d136acd0fc810b931a0179534cce67e2405f2cef4264,ff3f36248503e84de9066d93ef4632eb90a6b4aa5e098c9b211899c70ddcde8a,1,train,1
5005,[5005],9c6db7cb5ed60109ded7784e25a7d08d1720b249b4b98992d81c1a6b98b9444e,db83313750c32166699a9b9631324f9a00052b84781b668bb3299f6c5ddbd3d9,0,train,3
5006,[5006],2803abf60d7a00e53fb593ca019be6b53d083d60e900ee2e0f8bdc7ebcae5a75,3fab7d9e8413428212695a4bb2dc48454b92817cf9c4a41e00daa2c6f03ab6b3,0,validation,
5007,[5007],70ab8b9f73b749b839338fe24249802c318d0bd7c8e3406a49ecb5c7584def16,e81fa4391f1e9fdb5d38ea0c04618e1f3b2b9a4c7a6d3a80eb852f639ee64a80,0,validation,
5008,"[5008, 5173]",c983a0c595fbc4b52867e35045ac68d8974de3bd12d42d1d474bf11a4fd43da1,fb056c59556a062268eb7fa8cba8577cd0c1a3a27c561a78bc628251eeeedaa7,0,test,
5009,[5009],f481e481d98308bc8e47629a984a4ef83097b1a3333b1a951bdc1d9180f99217,29fce64ca66a55b5f7eeccc12218fe362ee30a6e31c29590f7f4da69e651cafe,0,test,
5010,[5010],20459b5c8dfe6f7102c87eeb0967cdbd4de60d4c40b1fef9c364d3c88958226f,e512e4848920f879dea7f61a1bc4ce312537f969c8c3d73545cff51b95a01d48,0,train,1
5011,[5011],4060b3c7b3960ecf5706950331091e1b2f90fbf228abd6ae6e8a76ead38a7a46,fb2de67ff8318adf62b9372c546a664698dc4908773945051db0536ab95e7268,0,validation,
5012,[5012],eda2c6fcd48bd9e7fbc5104fd137a70bab4804d3fc5fdc261b47615a52b9a3d0,1a46121e2b669b23b252c05f4b22354233f5b495ac8abea8f26d827a9e0510b8,1,validation,
5013,[5013],751b53fa80b534c137df6aec15b961bdc1efb9e49b0e941f82c9b86fa8c12d7c,7a55907cd1cba2dd81e059693dcd91868e572e2cb57d04b18f6478b4a4a36df8,0,validation,
5014,[5014],f67caabee2bcf869019de9052e52bd9e7bb67f4f09c34f2e85d0df492f49bc56,36f7fc00e0fb189c35bbf23552e8545b55e663c3de4342f95633485dfac580d7,0,test,
5015,[5015],c2d4445b86752002fc1b9c34492b754b0b15d03d81a71f7d077fd6d63ccf5756,74f3701882807c9ab3b81952ccf0b9ab3bd2d0d7831a280eb32e70400882c3b6,0,validation,
5016,[5016],ced97e0a4bffa526d7e028beef53f1fc875496b33401bc673587dc1bc4d60000,033848d209d668a829a2913d81117e742eb5d63a1df66aae89f3789524fdd7e6,0,validation,
5017,[5017],9043a5417b9b660ce9b133ee4d50878ef8c0c3fb78072f09b21ac732a0a3a5cb,531dca4ccd007d1f6ca8a4a980b283ca97be9154f89ed232e36ad457465112c5,0,train,1
5018,[5018],c76bb0753a54706c43d7c354825d9d25a26d60a65e2ea566a90c24fd9203120e,5ad4a38a344bff8c8e803fdf933f9de47ae3d0dbb958ddd07388005518ab7d44,1,test,
5019,[5019],f926afd2f19e5291a2d282fd6afda5baced3a86965850adf6916e695bb9dbfe0,d01b30a250dc34b24cdfb9fa3448ecf588479c15a737e4f37e99dae7de31f541,0,train,0
5020,[5020],289c47375fdc7cdd4b8dfdeb64ea691941b52f355ba138503ffcfbd89e5f7273,16fc78ffa5c14cb32431715d11dd57df766b0395e04d9d67b0e4dbed7e0847d7,0,train,1
5021,[5021],ca4fde91e1ab262fb0dea5587a36fe980067023c738ae19b1b23f9b8f8a6ef3c,ce65e84e8bcf16dc013cef0ebf5e92663431d4e761079d4611624e4fb5ea029f,0,train,0
5022,[5022],77389bde0c6818c2f6c8557a660745be57db590357cf80759ec06c66e5bb4f19,a3c28ffcff2feace94f4199ae70159e22626cef8089d4ff708995a955a92390c,0,test,
5023,[5023],0f478c76d825c369c207de544ae68238977238883d08c6d7fa5516bd39610c47,24ecdee17025bda0fd0243a914417d938c9bff7b179004a0c277cc468b5bb5af,0,train,2
5024,[5024],d87a971b58f4da993961e49f544c57e130de5afc35ee4f44ae58234b3bc4c82d,73eaf092144a0d6fca506bceee436aad3919682aaf1566b311110d36058dd2b6,0,train,1
5025,[5025],db26786bd4c93fcfd274ab008bd1d0149f9a173afe3aa2d7b4793c13cde2d1f0,3241574a8bfbf4f6352358d4f5329b87e9ac377dfe7ffc9ee8c93d77cb64a5ef,0,train,3
5026,[5026],eb2df4f161507e9a2b1fe5ac3b851dd7311d53acf7e92d2ab07b63d5b768e089,f734dea6776cfe7cdb077b07efbf2635b50a87321c0ccb65c52e82f539391a12,0,test,
5027,[5027],354aa41baa59b4c17c4544e3615e13b230fe2e815bfe63fac55878ae24989ab5,c617ffdcea3c899397cbc76cefed80792a0df807e0da980e7c320eade75e5c9f,1,validation,
5028,[5028],61e833a99f7f544d9c4cf18c7d962dd512070f51bff33d69be805e3c22ee34db,14dc2dc874fd49f7cc22cb8fe348126ea3b62bc72352103a512804b669e781b9,1,test,
5029,[5029],e0bbb2bdf47f86e4cf3c74f9b03cd4fe84f1242c29a9a1046fc92fe0a48e2ea3,b6961c36fb0ea3db687416a6b87dd3318b3792380260aa531631f8f90cf998a0,0,test,
5030,[5030],589f7e864140d25bbb861d83365d7b119658cbf8b646c7f9f0aec6fb94d66f50,f4eea835a6335b2d1a9a1c64b6032bf306642c89f58868dcd957c5f9233bf382,1,test,
5032,[5032],dba6506918c10b59ddbc4afbc5d437075306c5a7f20a72846504aa391a08af87,0bfd8201d8451c1fadf2354c30aa17a213f965a601418d3f77635973916260f9,0,train,4
5033,[5033],3106c9afc4af9973c5ef598387050913371741f8773926e9dedf8e39b86410a9,39740e481ad001d1fc97df7bb1b9cbf86ee050b502b7f0fc90b86e7b7dde882b,0,train,0
5034,[5034],e76bb4c927baba830031335c2898fea9b1a6a11a2999bc6debc79fb9e529ddb9,443bafeb377fd578764b858882a1c0fcff43e5a88c70ef919c498a6182ffff57,0,train,3
5035,[5035],90812ba9c63e4e4c0537a4d3afe26b975ad10b997f8b4cddf1695d1e7adb1410,6ec5cbe5d6b581cf9c941cbb328656202f8d22c14ff4c710fb24ed219376d9ff,0,validation,
5036,[5036],e4e5e8f3a6e08c266d58c83cbfa4769850a5bc43b072b64fcb1f90f362e0ac4c,7359781cb9be8cbc7594595a137862142acfc6269ac4cf2066b7f8c815dab4c4,0,train,2
5038,[5038],8607487949109fe6842b3120027a44a76400e2bc4985e3457702992dc7529724,66ab18044976aa1db1f995fd94b810f8644917336fcf420ffd12976a00b2b715,0,test,
5039,[5039],73c378279fa860e5f93bcbf90e6fed9832dba5d74ee70c7cb669c10fb38b5e4a,b59ec7dc0ad0431adc25619115486c2ccbbfce8bb9d4d2292690c5b7d2cb4080,0,validation,
5040,[5040],9bba216645e70f0ea430af4112348c8366e84edcd156a9939bb29997449b0a43,f3ea0b629a7c8a5c944a57361e72cbe7283afbd23efdc8184612be2502dc5b7d,0,test,
5041,[5041],b7d9efc267afe7eead9ae40945567ad4ced94fa463f8ed5a856679eb301e7dd5,47ef7056c49a2b8038ff772336e99a6c12d8e7e00b403963ef511a66af4f3d6f,1,validation,
5042,[5042],3ece15cfa222303cbee9b606f7af61bf3db3920e68053cf8833f728ef0b176bf,82a2c530f7290691a5993614f09bdf0745a534dffe0748077a457c1492eeddc4,0,train,4
5043,[5043],dd1cfb8844fa7cc57b0ac71fefa5ffe08baa386e9a0573b86284f10fcfacccbb,1fba1dbeffd7ae0aabe61bbb24cee778c3ee40333ffbcbf1e26849ab745a315f,1,test,
5044,[5044],13c525dd0dbd49f5f625f30e0ce4841ec20e8d517b68cbee3de0a01e73e09109,82fb4274aee68ed95642538b619aa43033b2ff5923ebcec9bd6cb46ed4bb354a,0,test,
5045,[5045],532ec56f18e1eaead931329fca18dacf9af9da105c24b99e169ca57a448f7c79,a642a9c1955969c6fbebb9285df9c30c2ce359814bad2d9f09aafcbbc230e7b2,0,train,2
5047,[5047],0ea1dd298277ea663c5451368a79540975b2ea5ee5550f1cf4d0a05b401eec79,785b431925500c427e254782be2945a0a1871ded0ffdff48ec40bec8822644f4,0,validation,
5048,[5048],268ae259ba52f0f444f83f90ef8026145205e8cb57581ddef1b952ea8ff5dc52,467c09d81e20c8bdab45bfcac0cf9748b818e5bbb05e02ec3b5024be3c22219a,0,train,4
5049,[5049],aeb0ccb81b3b4c8a990099b61c588aa44bc1c59debcaa74e0a47544641b6c77b,3be06c4aab223f8c6974ff96e1e3ac3ba5f9061fe929fe1753baf57426debaed,0,validation,
5051,[5051],f47de04c1ede6179e4162415de657b989ac9a15634e53b193d31a3aad6b3fb0e,7e2f0da8b26d5de98981cc02ad24d27dcc969740ed88fafe874cf047da54a9e2,0,train,2
5052,[5052],1d6de5ec53a0a175c6c08cbf7ad8f0a63d1e23835f606e2606a24c1ea57d1b7d,fed95bb6033d9ba456599ec5972575793bedaecb1f6dd6bc31008359d500009d,0,test,
5053,[5053],341f00fea5a60e4bfba9cd4bc3dc8cd0dbb30cda2fc84710ae069e674ada403c,60b5576e43496e81f543c1b8c32b377bbad6e4978d1778a07e561a1f2cd913fe,0,test,
5054,[5054],20cb170691c04af312beafa41fe5b03d2b4fc87d9b45b66f7e5550df2dce266a,10974ccdd63e3e051e3184eed05096c2f6d3849154ffb2d881266328f72d543b,0,validation,
5056,[5056],42c905017707444f1ea6e919d696a00f814a725d8fc73ace1f1f5eb9b59c1e7f,6a733618fd668b6ba7340262a99b938b73ecc450b5fcff5c35e95b5541f61fed,0,validation,
5057,[5057],a3eaf6e70137797b2fc97961de3ccbe20d9bebde0fa4ac8ffd44f23c2db9ba9a,a8a963804badb3b52b4954c16dd23ee601c653d757dc25e71652ed555478748e,0,train,1
5058,[5058],88882693ecfe8b85e4405e105346902a68a2ef129708585eb20d2115cc27f0c8,c8fc7840c6042a36559b664b6d82b80124f4085bf7e9e0817de4305f25b94e83,0,train,1
5059,[5059],bdad886367c96cc0ee97e907291bf8ef0160499d89a027a8d5a556c561d7c7ba,0a19467ba4631e9145eda4d40b6cda01ea6005b3460580d8ff0465db4df8644d,0,test,
5060,[5060],359bed9abd7e4ddaf2afd29c42f4ef5222d9060914fab4fe7faaf0ae728c3db3,75cfcff4e06ac38934322d369cce306d6cfda23310ad3d0d008e2cabd0f25ce5,1,train,2
5061,[5061],1be0ac86d7179eae1001de7b9d30bb1a2d0a2dfcb02949a2db71c5a48a0cae04,ad76eec1fdf3f6a68e8a5990df7efc7106e42ffb3c74208d83b28f018febad07,0,validation,
5062,[5062],14b8e37b6f2f95f1d43223def1d15305ddae7204312e3e9edf54ae30d5349779,92a82b012c2477c5ca241617ae976c1b9b18e533563102f0fe6171b49f267e90,0,test,
5063,[5063],da0341229c569c65b409af22da7864361f595c45518457c72b9aab50b9721df5,adbef71c7af8adeb3a1108d308ab3abefc0b502aad42933a8abf990098abd101,0,train,3
5064,[5064],10b1701847097a063386a01fcda66bc5068fce3313833d721117cd6f54a7dd97,fc17ab52cb7e4ea57bc65e830d8d21197b2d2b0ab1f287a3286111b2cff324f9,0,test,
5065,[5065],4c304977fe620907566ee7a2381d99399478350044b349a367dd15114f3ff945,b9181b94aa75e57d6237c83815ff6478b121e73de9deb92bae3534d2d7c1c632,0,test,
5066,[5066],b4a8550e2a1fb8d3d95e581426ad332ad836cb70c28b4356be8d863686de41bb,98f0faeb6f1d111322f111e1a31e044e2c30378250764454b7e0e1fe53169eab,0,validation,
5067,[5067],d5c8e7e75bcf2ae8e851da37d9fd21e3e261cc1bee50d78d2591479d1456511a,175762ec87e631866eac27ce104cdd44aeb42c81b45519ec373e1c6e11d17f65,0,train,4
5068,[5068],aac19bc50324de6148308b877a5132b2ea52c7c0282f5e3da3bf1dff77a35088,041793ca14966583d789052c85bc136a91f6a6f04fd15e8ed97e31bcc1e7319b,1,test,
5069,[5069],35d4dd7ae5b35fb88f56896f6ee0edb87bdc52f0bdee5d643d29d3905e1c6547,92a4da2753240853827f0d27258e8c7f8b99ae30276769d83b80ef665c4248aa,0,validation,
5070,[5070],b5421e973f03dd5d88b7ef432d3f708b697715becb4ba78d0a7a35d7e21f582e,b588bb6d11ca3cb95d902bc07429ade5d7d106621bec20060a8ca34b77eec9da,0,test,
5071,[5071],ca68348ddf4f942a2e1be7e0442d41b8cb43e3480a531bd09af930977f6bbee9,d234e1b54d145cb3f70bd8c2d3c97bf42ede3ffc9ddbc38d3f6dda359b9f45e0,1,validation,
5072,[5072],ce7b033712c39befd7d709902304f78065b5e2393c0c2f689495f2c225c3e895,9267ad78b468d9fc3171ad9b4ce6175a54e8bf30385820c40d900b93de8b27a0,0,validation,
5073,[5073],5a94332ae5786ee7462a58cf3b8b9c49e8e990d557a1254266ee2842dc36e342,cc3b1c7115e80739a7c89e6ad90c4efda0636da37087894eb874b8d853c0df1b,1,test,
5074,"[5074, 5249]",36abaeecfb0058aba040f202cf677c4ec94174de773ebabd327f07398eaf8980,42b916282864a209dad118507862572b1c2ce12143cc225c96056eabc5cb2227,0,train,2
5076,[5076],98288ce88f2d7c8ae554c5a2351afa7f38b8624cddf9bd7a637e636fd81ad2ec,5c3033b2078e4881ca537853b16e7dfbb6791f5f6556203aff9887be8fc8812d,1,train,1
5077,[5077],aa530f7c0ca837d3146dfc34631212ff4caec62344ffc38dc78f51549da66fc4,b6499f867ba53b08ec6b8b56b094007bc63a7e5c68222b9081dbd4098fc84eee,0,train,1
5078,[5078],c464b28b8cd7d93043257ffc09375cea78312707432d9107f2c7305c631212b9,ab2c0f8b52cfe424ac1e402a3b18bab76ba2aa0932750dfd648d750a6aca1a10,0,train,1
5079,[5079],0aed821f9349598ae9611d77f3a96e5348128c8c8a57d3e3283e1a8eef4776de,95144f60693ca55cc2ceb494b4bb70432a0290be31dbb0dc3600805330f71e6b,1,train,1
5080,[5080],44e480529245fd2def142cf1963165c5ed87feba7364453c41a2d3b4b1b18190,2a849e30eb155e84891e4951682e54b5ef4a30370bd09eb3ef666a6998d9747b,0,train,3
5081,[5081],eaed61ea3a74fd199ca66c2bd5c015d2d1e1c986505b0c251e05293d26bb8369,db54c56587aa494f634fb0dfbd5a77b63f600a08dcc37757c76158bc56fe5300,0,validation,
5082,[5082],f2c664efafceeedea63bd0847bf16380627f3ffe628c5ede588b24f30bc903b6,d9cd7f77151ab60b616429b58b53e41edd2ef8f468956d5b044ed67485a64903,0,train,4
5083,[5083],b5a84b338a1cf20b6957d8c2723e21e7970cc4edd3d9dc00c1c9ef2631542c40,a56f3a1d84d2abd3703986db12f0c30d42f6ee36169fea028b098cd3c70d7cce,0,validation,
5084,[5084],39026b269b99ad7f0c6a861b7735a9ccc9ebde3ce2839937638968eaa8de4d8e,6121088f73d73a5fce92013527f6c71aea56d164b0306e678816a8356ee87f02,0,test,
5085,[5085],1961b7a88092499585c2c370ad6a44079ee908da88697bccf1f8a38d1980440b,ccbd6b583a6be6529f60fcbd22a2d07d4978a4493c7372782746046f00144dce,0,train,3
5086,[5086],eb5f01cc34be9b1542be5b59f509a53812fe4d7f82f710d94eff8251da6314f8,1dc7a91a1b277bab6b9024ace380831510f6a59720c90bd60f2ffd03b8b8129d,0,train,3
5087,[5087],cbc6fda82b1403713f216cb1b79591cc1c6b99038b7a06bf99246f68647fd8c3,d9c7442d5438a1ad499ff6c0cf6c481d1b10723b902fd84057ab9785cc25cfd9,0,train,4
5088,[5088],50a15c20bb5dfd889822f0e825d67e299929f92f49aa921bc21a21e9acf4e29c,4f9885d2c2982b11658e030d63934460a940ba163333b73199c79d347f880dd2,0,train,4
5089,[5089],7dce4bfec5a3d102d8a8f08f7270e06453f93f904d3e4859fd11d42569356556,45e96a0efb64c78e10ddfff6d7aa843a65a530defc4ec3577cda10c97bb72f7b,0,train,1
5090,[5090],e66badc16c1e282e03081ba9f10ce67edec399e0bf8f50061d38651811a15d64,07f1b06c577e3a0da72793c2fb2f73e75b578ed5ca75375b5c860a38fe9cba0c,0,train,1
5091,[5091],0e3c9485cdcc0e5c4141d46e792f651e9ff9c97819ca3c3259a3bedd8540f72a,fa0eab19bf0cec5102129ffdec8db2a1c609926af9a38fa2e77f4af1d0fa422b,0,test,
5092,[5092],d0200422cfd768fdc3b6a9b010190fa69baf3a916597df17cac431d31acac220,c971cf338fc78bfffdfdcdba7a889efd5b766e37d937cd0490b272650fd36769,0,train,4
5094,[5094],2a1d4cb14f959b7e7dc4e5327abf548df4e7387e5b05c4505735cec46342ea58,88ee758a3531e375decea3afbdc92c18759667c455a66d2746dd01ec7295256e,0,train,0
5095,[5095],cd66c05bd9c3392481533c656c059457e36306f039f566f1c78153178545877c,ed8dd5a1c536df2357fa5f48f85f745882861f7f53f422c09334c3d22827f8ee,0,train,0
5096,[5096],5a75b1277b6ba03b4fae6c84896398427b8b8294c766276b569388bbf0890511,b0da962b697b0f3c9826e018116a16cfd74d15b488732d2bea4a3793f37a283c,0,test,
5097,[5097],18f0a33cb09e61b144f75e1bf03f54ebcd1bcac6bfb33bb3f89d947da030ed64,fffcdf928501377d8d45ce1208d32e7c1936e8df38b8f923dae02abbe6a8bced,0,train,2
5098,[5098],dfe5f8e349d3074c950f8276ae511e4a8e01949e0dbc73527cd4dad691bd79c7,b0298b9384944b94919a0faef5a06bb52752ca252b04450d867178fb1eea72c4,0,train,0
5099,[5099],d5269009d30b1bfe5eccd60ef300b6e9c8f5432fe7b56288b0e095b496990f5b,7d24c023f05a07e0b5148538bd5c19d756826247a28505b6d1e2dbad88fd96f5,0,validation,
5100,[5100],602fb162f1affc893d9e6a836dd15fb89bdf6df1eb70767e46513609a36ebac1,215400275677904fe05f89b22620dd95422dc593c52cf89ee703a5235ee3b622,1,train,3
5101,[5101],e688a87bba1ff5fd76f3fe747dc4787f85311986522f2535b0e050beb8583299,9b16185a1e69e21f02656d858f896a6557f96e7b43a6637fa5712f29c962b03d,0,test,
5102,[5102],8dc029d38510ce801d40fc83daa6a88b4da3d6b3b8aed371dc5d1bda4f7d21c3,b520d12d2d4e7c2b70d434950feea3bef587cd628f9fda5e489abbd0482521e8,0,train,1
5103,[5103],e7b844516165814ea6d0bb9ec931f30b5586d6c99dc4352caa03a595b929ec6d,6e3667e1da1b5e84322b99f5120b2e545acad65c69861b200d65f1926c443744,0,train,3
5104,[5104],1bf990812efe5cbe5c8385ed7b096c8201dc78bf8a0118e31bd22ce90440edb6,c7aac9192d441361bd915f37537ceeaea8665109a0e075fe68c74821949ff317,1,validation,
5105,[5105],1906c50d936fe393a3867dee9baf044ffca4d70042511f45557192e1f6fca824,533e33be068de8643fec59232d8f458c74c7a87834d116021609d5f460472193,0,train,2
5108,[5108],6ea26803a269803d45895479f0f3bbe0d31e9d581307f24dc5e78d19472b2bb4,5de711f9bb113bf30c101989fb71c939ed4896ee0c435e0ea4615d08760551ec,0,train,4
5109,[5109],06d406da3a6a353c9e910069e93fc25bb220427c4f94ea4f6defb59b18a82654,c81c8adf6f0f0a64b8a729b611f7c7696f4fdba135a9342b704f32816171bb9a,0,train,1
5111,[5111],6f23d8a9dd36bc82a4aa178d613dde56187e5201bc281b77f9ebed8700ecaf70,5a9a4ceb5bd670987d3b16c51528c438d6193fec1b6072e5786cc13a278b69b2,0,validation,
5112,[5112],d8f6917ee3d69b423cdc5c3789e12f5d7e25b1061eb5874615955cf50e963c6d,72d3283abc497274cae8e6401e664fe3363b910ad1d22b71caf6fc17c5249e06,1,train,4
5113,[5113],3a8679a2c1b0a05ac26899c412c7164e94b75f6df1c6aecf0de891428efdf79f,be5572bb9f96dd4d4995e176bf168e2caa441c0010e74377956d3759574a0e38,0,test,
5114,[5114],289ccd4629d976f002c8869a9fb6f41e2b2e1e83bcf295d62edd93141d044aff,2048464ac4cd44c6d2cd531fd8145580c71a0b6dd76d95485f9a61f853c8efa8,1,test,
5115,[5115],c91a4a7c26f9f8028d45ddf293be65f964acfe4bfd639d7ba1d12516f6a433d3,448342b17152f27934835b587fb9aa8a6dc1850363849084228ca7feef9c49f5,0,validation,
5116,[5116],acf0ddcba4f20dfd1796856e181f8a32afd73fe4146bf8e595fddeb6161e315e,a14771b07fd21661034351d59f5029f22682b57725ab5d8f41a30754168b66b8,0,train,0
5117,[5117],c12d60b6638629838fe130528d3c8f602d283cdd03f50b3d868d68f0073a4361,7c92f3ed6d89e25427dd48377821d28eeae0c8416020dba618d943fad552a011,1,test,
5118,[5118],ea6e787860c12b8acdcdb899423c9c6d62c5421bdf33fea46ac72b107de78f16,3a667888a51f98fabd90b393e1b4466a418d759f05110f39c61c0dd7186f91a3,0,train,1
5119,[5119],ad60704be8b9bd0099a70b7521d2061052d1ee78e363b66404aae82476184c27,30627cba17ebe29e4e451659fe8979142044eb50a2c82bdbeb8fbdb0b3254a24,0,train,1
5120,[5120],3449764c552091ed9bc7011707996376994418bfb65befc8f69ca4aaf11aebfb,aa4092a927c38da82440c59afa134da41ae7a647a4ebdf1bceded4247fdaaded,0,train,2
5121,[5121],c1bd073316745f37d14efd7d87ade36b36022ffec9e44717b453002296abf207,5062813cc5fe7ff54131076559686f894e91261b78c3f28b346394653c77168a,0,validation,
5122,[5122],a41fe6bd21e4a1104eb71b223697e08bc2be76e7fa5ec5630b68469f5a741bf3,0b1ff0667f8bdcb15f8d4679ece5ce89751622365fd894e4913fa9c389764919,1,train,0
5123,[5123],a2c853bdab8a09019fc6519893aafad1d096bf6911d3a999e7cccaa318182281,8b5ff69c05c8b2a8ea492c3c61266dc4d6778b0a3f7e09ea17a714ec6fbcee31,0,train,2
5124,[5124],b82a6261d8897f919dc6fa2e25756e1a471c99adb9e21b6daf7d9f363691160d,370983a924a8fdc624ca0be04785a171d90726d17534593a897d311119d5e124,0,test,
5125,[5125],8093a5f1ffe648dd177cd890b6ee818feb7ec3bfbdb910d2c0ceba9c539a37a5,5dbfc3e05c865089f1085b568963863e06619d58f41848e6d8a75c0e2b7a814b,0,train,1
5126,[5126],247827f6d77c03baf83c1a8654e38a4844cc2887dfacef3c310b1f16060831b6,a550808baf22a2494e0e363712a669f9d3427cf8a0b78a7b8055b0dd08c8a1a2,0,validation,
5127,[5127],ab767088cb0204e19bd3e74e2f3c19a91bb601442b8b5e3bbf8f67f06f4cbe31,dc5a74418672014fdec852d53559e67553184aaf911ce8088e3b43afadab9fae,0,train,2
5128,[5128],c4b3418e98c4d211bcb9c301a35ed0af073895fa868d992895ed67e34a0ae7ce,9fd5ca8578c7229bf6a1b2a7fd1a380657f47040f9d3167373f367468d75411a,0,train,3
5129,[5129],c25eb29ede05d3f28f43fd35fb63c271cffcd73b3665b3c8badc2913be046639,74a76f221c4c199b5298fafef25a38a26b01fdf38cb1903c704d29fd1ca6d903,0,train,0
5130,[5130],2794916e1278135cbc5ff43f6a0df02f6d71ecc3687734af462fe75e8e43050e,2517d13c3e68645bf5ebbab38e4f4add02eedbd30d2d95ce8fcb73f4dce123c0,0,validation,
5132,[5132],3cbc4e0030ef423f3afc2bac04fa99f412b8002d50c6ada0493c8e75f05742cc,842a44c6ed0511f08a591f5ccbe5301d19facd1aa5727a1fc60a544a00f359f1,0,validation,
5133,[5133],38b9366def584a325cee8bc3cfdf35f0f33fa8a4d32af12fdca1e6e612a1208e,ee1432ddfc3a128f8e14a415ca9424ccbb916a2e9c73cf397bd6735e3e4c10a0,0,train,3
5134,[5134],664f449d84bd86a4f283c3cb498627fd1ca45a1d35fb8140d15cc70542305986,8d317f9c8d96ed89a6e7f434351e0a38f5738ab4efed786be77ae795103381fa,0,train,1
5135,[5135],891e92177cbdb4672139bab1c15e1fc307d6afb6fe5eb1a136b96d91c7aae211,75fb7d2f41bbf541da2a79104b3cda72df5696341f1133db17392f9cc560a200,0,train,1
5136,[5136],0f9a5d286f1a6f00ae550322b427c38f84fe670476288b0213859c4787ff3d83,32415dcf78ff074c95a64665805c30aa7956604b7baa6fbab7c6a1ce92ee2ae7,0,validation,
5137,[5137],fcf54316cc886cf33268e20e0e84a9b2042f8632f6b47acb76396442b1e0fc12,749af175a0c7f57cbd5b8e4a87577939ffd4aa0886f0bfcb503b962f4490158a,0,train,4
5138,[5138],e9c7011de688113d783c5613f094c0518fddb1a9574ea08993f07c47d980898c,f2cceadf5969d4a7ec93b7a536d7b5638a2a66effd11a0d8f88226b439b2d00c,0,train,3
5139,"[5139, 5203]",0b3ff10558c68dce3a6df25c71db899f4ed31508d735b62c2045ab9b13ff8561,40120738f186c72ea92b3e2168531ccd3413a8dc48ab6620ec4bda480c3dcd9e,1,train,4
5140,[5140],aa5649c12d14a8d1c7015014c2c64a3ed2d66339999b5fc0b5a4fad091586948,ced11dc4d474012567b7680cfb317ad9f82add675b3fb5c1cf481a231c2622ef,0,train,0
5141,[5141],db4df666a58d508c3a6e1bb6a90d9891022ae166612dcf59cdae0ad3a624e1bf,1283bbee7802dff6c38bcf817eabbfe2c339a101e2b46d68b2f3d8b104fdb2fb,0,train,2
5142,[5142],d69bb33dc528b29b11f84805bd66cccd2f493f99a688b05050b912890a1687c6,f55ca03fcb841d5e41376398af001052aaf6d75edf3a7a3461cce3b64fcfa449,0,test,
5144,[5144],2cc4648e7869d9412eada4fad9ac08f9fb4578ececf1947e61aba0fb1d11d8bd,8efd2029aa85ded51a085316a1439247cfc3480a2fc1cc0c49055ac7b58c0e24,0,train,0
5145,[5145],742cde20e7f26671ddbffecbe2addf755ddf5aca0547d8e4ebce57fcd370fe5c,4e1c7d2338772104efcd810581ad97f3ad8b8d9f06a4e3a4dd3bd207d2f6fcfb,0,train,1
5146,[5146],7f48a1bdd06c8bd273de2652fe6c2c124af6ee8f89e7bc5fa4295ba4f6bb4753,03a776186d3497b3837be958620a8f649d763bd83b9b247e7d018e9686d255b4,0,train,3
5147,[5147],08dcc4eb36e82a73110ee6c82ce169d5fba608bc55f611b6a5dc7050d8355e81,babf2aa7288a040585b77079dc6221d9df0f1ed31d5cbc813d53584e575c63a4,0,validation,
5148,[5148],d5259af1c39f17a9cf6dcf414e7f5d66b3ce1d54d69be690f99f150961d26c4a,d7cf2ff54fbe631efecd9a8bdd5497cb5446ce1a598032d32852bc87bee4263a,0,validation,
5149,"[5149, 5469]",a8b06cdd45770a876472bb092667b5d66576240997643c295aef0f176ae6b11b,d1057dfb6fbb93282f0a350ba406fe0b177c92a4541ab022e5b0d691fa6fd797,1,train,2
5150,[5150],8bbb27baec55eecfe8820747af46e5cc1dd961704e232cadb76012dc87f0a30c,394aa89313489c73f0f40a21034d2d28b5c0f81aa1be97c27ffa0e9699500a15,0,train,1
5151,[5151],86d0c3a60700f0fe294ea47b97487b15d1ccaca84721d6708eff97296614f306,34469f4242ea6e5c3b87e3faa869af69dbfe58fa8b6312eaaecbf224a96ac699,0,validation,
5152,[5152],0874e8b1d027ce083c8c2c350990483db734cdf85bdec8bbdc8307c4f64ffd61,cb373f911e98b408163752b0e38b22ff437b52be7069a4363fb10382937d2ce5,0,train,0
5153,[5153],5ae6fadea3035260e42c14130bdba2e423a983ebd33c35b6fe7e2b61c827d8e8,66bf8631df4dbf1158e2b000a528be2fbee7de74b6aaa7bb8200139d7ad5f0f9,0,validation,
5154,[5154],1dc37691c9d723b513c1935360b47bf19037efe4aff00ca0058eaba1f00dd4ba,ab1014dc058051ef938606a2925cc57c6f23d5f5e6b7a3731742c09e98f22469,0,train,0
5155,[5155],1eb59854c649c746e24e8701de2bd274848f610965fcb8a815287a6927e79de8,ffe1245c302577a3424208ce4971479eaf278cc2860afb19713eeb65e29ab0f0,0,train,2
5156,[5156],81df283431f05691f5e1af0f995be39e51b9b7f5c452b0dd93b4454357b74c12,c1c423afc8c027bcd4bdec66ccaf45cd6330f3516d82c264323e3141e369178c,0,train,2
5157,[5157],9319894eb0a5c253225e6bc449cd1a49a6a7e1417da8446f4129385487b8117e,d90a18502cdb645da78bc429766627678dee76c2be99706c7ae59dd42bf849d2,0,train,4
5158,[5158],8829f334e9e1daed24237ab730803ce9be8cd892f38b5e85af6d2d0a34da04d4,aa2e4e2313029671486c098d527d30aaf47b10da70b1b3f9d1af832d773900f8,0,test,
5159,[5159],8cbcb5502661393bd0f8f95e6fc437d55dc244819068e0ed62430dff1f7bb2db,c46ffec9b21afeb687644631582184aff9a3ed0a719ed4fe94ce95e6ff493774,0,train,3
5160,[5160],46f46c53e5974d61f43446444438b8a1cb13a353cb8641da2da9392b59a7fe51,6af6d50af339c810267652a67300e98e21eac9d80a15853e407b59cd4ac91606,0,test,
5161,[5161],768c7eb904d43d509e3c24d1a98328c8b5782c2fd17578ae45692fe0006f333a,dfcc0a090bd5e203e3418bd449031f5911189961810962accbb61a2144f5c3b5,0,validation,
5162,[5162],e3f5009ae8cfb05343a6e7b668793f187804071a12c1f2dd75835de24ff6afd6,9d405f1cb111ddd77ac127cab32ad447a9dac804b5a2dad84a3d70f8567120db,0,validation,
5163,[5163],d501482277d61bdd1dbcd5522c9e7b7d0e81717ae02e2722b3a1395b868fef29,4eb1411328ca4807ad422d743aa203d608c054cde5f83b68f21a8b842ced53de,0,test,
5164,[5164],f4de76424dd757cc887026b3cde2990b6f59757e990831e32d4575398d39dd3a,825cf8d2bcd782d59f01312b8aa3122bdf02a3a4e5cbf8aa2d4e292965c9e749,0,train,0
5165,[5165],f36cb25c6f81c6835b2b1f8f7c39a42440482464527501ba81028843171db4ac,c61b9ef8559c731a8b56b776bc39fe20595907b32d42de7971ac5d1485c445b0,0,train,1
5167,[5167],581d5eec913b5123df497251d0f42e76ccbcdc7f219dfe9ddc4f0bd2c652da89,76e014dcca3bc68e81fcb86b8d8b0db3548083af7ce2bcc489b0fc01d7d2b2a4,0,test,
5168,[5168],605e5d9e7c6e2490f7ec65a3e7f49a943e318adbf843d4d620b85c9df3a6768b,4d0b654cde3ed5883b6e02710bee2d68063ea410dc55933f3d0eec09263b18ce,0,train,4
5169,[5169],1e5470d1bf0dcaf0d761a6902f0e203a5bb606b2516c381ee251a19eecff9ce3,cf8a5bf915333636b754a2e71bbf4cae3b779e3a4794aac23aabb2c0cd786ed1,0,validation,
5170,[5170],25f7e4ea801d3456f2cff158773e675895b770131b344474edf53521413593ae,29864efd77eac77f0cae44da6eebeca25ed6d877f0642e730915b211e4fdcafc,0,train,1
5171,[5171],21783ec677e53be7e3ae76775d967ad6c44d4b4ee12c6db7dc4946ef53a8890b,ad7e6bcd1cf6c254a7df202b4f3236f98b02645e6885dd9d4fa0f80c73f303ab,0,validation,
5172,[5172],42b1c525e3085c2ed8421491a5df6dd3c0f6d8bb1b60f93251c84b8de720b1b7,0556ca70588476bda1436796f38aad351c1e614114609ed20ab1d4c2a443cacb,0,validation,
5174,[5174],abdca2301fdf69e0f5649551bf5016b318cb70d0a071f26a109a5c59ca216716,b1f9c4665144215fb5b713681fce87ef58374c1e57f518a3cede23ce83fb4d07,0,test,
5175,[5175],63a81849c0b3288b333686d30e19306c7dfc69ac675ac4fa957953f255643d0e,f9bf34d419afb4887fa76eeb3e6d4684de0ab4fe5888e9da1c54e523e02d0cc4,0,train,1
5176,[5176],a493058ea6420390514066ae41884da91086fc3f62c91035b61f369cfb0b7926,80ffd5a66c812487830869cbe0956f024470dd0ba115eaa759de371b9c300726,0,train,1
5179,[5179],41dbca648dd7a4175f8c86e63ecd63c87356d6fbb965f873138f591370789d0a,2b2886d7304b789db72170996cf716dd2d6bac65e3e0efe79be710cdce7bb75c,0,test,
5180,[5180],ebc24ddfa524f9f2be45babf17536db748d778de303407f44f369c75da812e85,482fbfa01771aea65b60e4eb5150b66bc01a47a64ad695d947a97607ebaab20e,1,test,
5181,[5181],9c1054dc871d97ededecf9969b8afa0487e68760ae42723583209ef8b0c690f4,ffce5a110d2b40be0bb314a7b610fde847d14af7e2e991c5221ef89010a22f24,0,train,2
5182,[5182],abd66de29aa82ac4aba7402719a3719641ea0cd8028454d5d53a01d5caac86de,613a370d67cb18f2ef5e855c18d17548e0c5910d8bcbe87a287643ad018a8619,0,test,
5183,[5183],20208a0e07ba8a5ddee8632a799fddc506968343ab73e7e18a1635185021e9c3,f01a07550fb6e034befde574392a084e5f9106b678d044e1f427d3ddd64bc6a0,0,train,3
5185,[5185],6157dbe04a09d71d6f72201680a9389a025fdb8807c9812da513a64e316ac735,c25a7ad6e3674038ca88b5c5cff1559c292b9cb797bc8146b3a990f90b7ab6fc,0,train,3
5186,[5186],ad55094467525e087d54b5df0f50c3215ffb8685ed49b437b7a67cf15c4ab9c8,e54048278a03efa4935a6ec3ecb49f937fc158883f4524f2f5318c4112ed118e,0,train,4
5187,[5187],4b2c999f1dc2b427b123a85ae0469fed0f71a1c44d6eb0ec1cd97bf9f85a0bed,429d9b50c961ebd4b9c771f06ae2f1c02c7006f5244a715d2eb51942794fa60e,0,test,
5188,[5188],6260a62261eb5c86f18ce806f423cc2a3daa33322e91d2acc6f421d56190955d,a0ede1c17fcdef8dbfcaf304b43fb0e4eb6473a8a45badb91450ba57845d46ac,0,validation,
5189,[5189],abef718fec628096f562728019766755ece855d9c71d868e9986faa708000aea,56f90e501cfc4f464c02f129c2cb6524a064510921bd5ce63b5c2a9de3753038,0,train,2
5191,[5191],ce06692dbb9d43d1828fb2cb27c82cc76608e455390e7db9736f9a1294ea463f,61d432451f1834f174b19a4887a55d41bd3f186467674699625265cad1830665,1,train,3
5192,[5192],bd7b7c3c9595784cbbe36da7c5935324633e04821feffa34310249a353ad02cb,c5fb9ff233c09dcd20a22dd2b567fd60ae71625f98fcb80a4aa9b1d0a11fd21b,1,train,4
5194,[5194],afe3ba0d35aa225c531159fdf3310534de87d200248e7e0538ec285e7b49accf,dda66b97e0c1dfe2819cfe9e4dd1804576d9b848643c3146d198ef0fe2ec7f6e,0,test,
5195,[5195],d5f5da442f02b700630234a4b71a87081566779f8c743c4e1cc1a026799e65f3,e2e665794952ba5d58778866708cd26a72cea3aa5e82425e256d96d5d90617f7,0,test,
5196,[5196],308546f2f030c0388a5f4f98c2ad2ea19c06fd0921ef138ef7c88de6a89be740,57a9790b78729c41c02f1df0de2ee0f0304fd2a2ed3dba0076aa46e1f4949374,0,validation,
5197,[5197],0e980c351c1e3435b1a5ec14720acab0ae2ab0ea0a9e8263957d73e8ea1e1141,d6163b0b511fc498bf68aba0712a520b777fae34f45b448ab2f718c97493d970,0,train,2
5198,[5198],912e66d8156891d02f875e81f0b31fb41b79ec1aaf561602c8b7560e01beeb5c,753a0418e68ee8919f69b73c0c7f35faf24466de344e9d50bd6747f96ce6d979,1,validation,
5199,[5199],5c587d43c0996576c9b64e0e8d4ea62590661de068d7a8207e9db23460955670,0fb53b7ff1ce3fa1941b30df0729918248446b03642d79807296842acf61004e,0,train,1
5200,[5200],bbae5fa726681395467504e127eba23ee5b568913cacb8090a10e677f714c9d6,457852fd146012000ecc523555ed2e98f5fc95551a9f6ccdb877d986eaf63f3f,0,train,3
5201,[5201],336c5bfea7245f199324cabef020c3ff210952c74b6f4237cb5467e5e8aade43,2173ea711cf7837ae71dd8781b64861953da2f99f8ac070ba69db4574ad97547,0,train,3
5202,[5202],3bfa99b5fa70689f271733fcc297fe954255facbaec3bf9f766220999806f1f4,dfaf940b88a5d3bb5839cb87fdd088c24a2f92a58f367ac081bce95ad6dcd67e,1,train,2
5204,[5204],c6d76a3f8348858c93f9ce6e897369146fd18361b00177277f1df8b0144c2078,9e0a1960fef29df9793576c21fa19cc88a2bf9458be7c83c357ea2079b636c24,0,validation,
5206,[5206],fb0edacb0aca53f8dac002fcf94eab458c55a52e7c491b6f61d55d739f33f4d8,9ea5dfb6d381d8027321ecba38045463b1945fd13a43c89bc0b34c0417900b89,0,validation,
5207,[5207],417b9d18f953975f55a18a7af2f46fa4027f7d7f050bcb4fb77a19a8a8570ce4,d25367111ff51e50a2937fa731913dd78d2f58f698f8dd8c069b04626f0a4927,1,test,
5209,[5209],5cad3501c44a529f1e5e43e8dbd54b226f3622fcee1236b2d52bdf6bbb8eac73,cb28acf1b4c0154986f9162be7fe8bdebba03588e371c66f2e5551d61db3fb94,0,test,
5210,[5210],a0f631cf5b48e5e0b0b382752567ad77f0c2b1793d8a8e8a624e1584ab9d7bfc,ce6ceafd1f80b5eea257a5ec60951d7778156d9a521d57a8fe63a5a004556054,0,test,
5211,"[5211, 5537]",de4b3f59f6b2304e4982bd93e6425fc33fb63c246ed8f68985244c8089de79b4,293a7ff09672f913e0197e838a271cd0345a679440f49d18a411c891fc3b6d55,0,train,3
5212,[5212],6934ddb2931398e840d664c6158e7083b121375bc28a32d9cb6986169c2559c0,005feadad6d82d18c43eeb86fc7d5738cfdaee2f9208a1614d40201aa089617f,0,train,0
5213,[5213],ba165c2ab3bf3e9a20659c44e7f9f14c0632d3907c65bc0fe446f15da70b67e6,6d9f285f195bf12c7095030bfbe9d544747ac182d71dc0fe11ba0941b04f620f,0,train,3
5214,[5214],49a5494ad2b2a5c959755f92709c13a26ef7b71c1965c6a08b750f9c6f2d908b,3663f05c2d8e625896fe2f830b57f3a226cea3262fc1b546b3096df85fd4bad3,0,train,2
5215,[5215],418822e9cf18b520a09b4b46e7e680596f7f5436f4b87561ca657bc996066c0b,4c01f09caca42ebd07c35d0736d597269883b957f257d1a9fe15b124eae7c0bd,0,test,
5219,[5219],0617465bbd85046723a07df39bebc4f76e41256b9c1c76924e9a0a1c79921aac,2ded1bb844570fe6c1783f6f6196cdb291edf2c2f350060d0bc45c54653bd480,0,train,0
5220,[5220],4689b5520a9bdf95925e17eff172c63ab0663d8058815611b9125cfed8c247a1,fbe64f078923d5760a93e3571b2ad9ae0bcc71cf3c7796a5552fbe0d6b8673a3,0,train,4
5221,[5221],66239fec90d35c263fe4ef3b3870db6bf3de4bf3bdd867f3b35b349f9e8ca003,40aaa1041f179fb3713284465578265ef6833c047672f674352426f98129f441,0,train,3
5222,[5222],8d13fea288d83df7d926969f2c32b3863f02f9817eaf2bfbf7281eda33657b47,5650cb8178018045ff65f8dec73107240c299e0444aa8276b23ba08fa973b910,0,train,1
5223,[5223],1dde1f5f74aa2d7809ec74e63f04a2f0b215c2376f7608ba747e8f458a2be218,89e1cad99c3f70ebbe2df73cf82aaaa1ed81390ef41b2004fbe8592ffa665a15,0,train,3
5224,[5224],0c6717866bda95b35c70e369b936723d3a278ead436e4a38c2270b5be0cbdf91,23e21dde909c6f9be2072e6d98fe66bc319470f65ae8812e021501014bd1d296,0,train,2
5225,[5225],e53ddf05532d9744a1ca01ee4b56399683e3131712e3a603c955072f5d0ac5d8,6962df014ce8f7fd26e5a379f587595c5e06edfb391519f0747bfeb20443eed9,0,train,0
5226,[5226],13de16dfe9cfd69d7261662302b841d9102f83bfc7252208587fb4b51baade3b,6053bdde295295bbb6d2e7120ffa3086db8df3866ffb3351c55aca7d0aad0fa8,0,train,0
5229,[5229],cfc1639c92f04c0f5dc346943144f9c238930607e94db05a5bb34f4986f79687,617bb8332c88943371f184a1b4c4f89ebc323b9a61e88f362796115cd7cda203,0,train,3
5230,[5230],fca97bbd80c76f5072a1ac72619be35904f689df9e85ba18d54014efe575a449,18d2dc0a974d5fd0b94f675536d22938670e8efd6e0cb93b40a1c7a0f8c8c2b1,1,train,2
5231,[5231],3c5ece54225d3fa4c893e1715e06c6e9b9e36c365429a06eababc4bb5e5d279e,61701fb17352b8342c99958a108a5db382d2bb54e25de53f350c36f44eb63dac,0,train,2
5232,[5232],863ae9d2e68d9a4ab0b41237a28ccbb17a6ccaa2b2c13496435a6c96dcd1fe2c,b0eda5814d855186fc280e909282bb018d4d7f7e3d4a9a1cb38d0de388b7627b,0,train,4
5233,[5233],c5148cdd87015350cf90360689a40bac53ad2dcff031899f2b79afd58f06fc94,88ae4a237a776a0f0222529de7369009806e0c5ac01a8bffd70413ddbeec407e,0,train,2
5235,[5235],664329ee2bf2c54425b134fd06c5ab31ee3dc773fce2f135e5d75e8b4f8dfd54,65250c2b49130da80a4e49275f23f0ce65f7db4fe651dc685b883354e153f8dd,0,validation,
5236,[5236],f20798c5e2a8ce327320d0b9d659503dfb1d626f56246fce2315f8c50e05f6e9,b0fc22c2694cd3190d7f45ac6b9b5913b41240461d998bd256d3b5f25390a92d,0,train,3
5237,[5237],fd36e373e2297f5282829c46d528ed7dbe01acec1182158d2e83ec7a176a963d,f039a5329269af0aa2456e87c4cc8955d5aaa12bfec2dd8544ff578e9654517a,0,train,3
5239,[5239],2e7999ad4c5f128d8beed56b5c68a31596eef241cec39d056f4382f302c04eab,75127bf24d8b9f41648b916356fc72a82e232cf4c47c782379ce741707caa86c,1,validation,
5240,[5240],aad38e00677a2a748328e349337c69524917892ff90a00e713e43199bcd3842d,b091f70c1ea7c386daec4042e0d7085b2a8806aea86a42841b8d2ba15a5456b5,0,validation,
5241,[5241],f63e7ed4bd03fc39cd71866c1f7918c55f04f3325dc9840955b572372c787aa0,050200a035c05e5030a0b094dc59fc2f175c717765a17ba0ba2f487a2092d0eb,0,train,0
5242,[5242],31d8a2bb04a1a2642e0ca83924d3453d982b8ba756d7a1034890c424abc7cba9,a561d48e9bbd56437279e3cd63a6a529687cb66ad60727731f7bd0ce76e0a29b,0,train,1
5244,[5244],0ed7d1d8b9d44fadf9e50271e15e4e56708576e35c55abed9e6c425b08150f9a,c7397a2a85c65c91dbd5bb0779a70bfa83a5d616d010585e59e17f39975f710b,0,validation,
5245,[5245],c67c03c29fc2eb74bef1956be41d088c450ce8d8003a925a44e6be90e3a7faf4,70635fc9e6c90db39b2c6ef80df37b1ff9609a66b023c354fbb8edd8f53ad219,0,train,2
5246,[5246],8b5d4eb8bf4f70635510c3f307340e8ca1e48a332a090e3fe807e90dd1f0c90d,f3f81c034cd570c87249cb78ef76fecaa5cc73ad2a6b5e1c501d84fd46de1b1d,0,train,2
5247,[5247],13d672cd2fb738ed0dc74ee37928a2706ac1a01a67e13fb93f6e01a3a1ea0c3e,ea90c1ab867404feec64b444408440dcb818e76149787c61f18d0bc056c4bfb5,0,train,0
5248,[5248],bd2699068d5e0e37a90a1a5d04cf1d3e77c29669d5066846852b0bff41d271c6,ce829ae891e2ead8dc746deec20ec281d2b573f273107c7ff554ed6cf8322e99,0,validation,
5250,[5250],dc534e55a37ac6eca3a6a873a5232ab053b836e623a7145658a0666171cf3780,901e7f5ab9311de753bc47fa7be24df23fbb82881ce8553bcbb63522b887777b,0,validation,
5251,[5251],cedea690a35c446eaca26fd9ae9e98995eaaeb5bef35d69c63c831018e5bc242,fc113dd9a20e846523a0c1e25f38bff0d26f9c492cb2819cf618bec2cadd2dc4,0,validation,
5252,[5252],4af5603a6845a1d3c1eab979c09105791016433a5d65cd4eea21b0765afbb8ae,739e8e2b0aa5520c585873a57c6ab39512a65e91a9ad262e0ba75fa720ea07b2,1,test,
5253,[5253],e04d3ab02e3f0af4bf0f8d067f3da5a2534977a9c89906f519e05736f731688d,420580c4740f60681b60991629e7e0843453afc2b43b4fc3dac1596492b3e6bf,0,train,2
5254,[5254],c4fb9c9c77b033efe1a4d9ca92185a96458f5707b2bfee7c55c3672d800ededb,622e309d3aff7b00a05f40dda797a2f56d9bac22cbf2b7bf89e95a085ab4e3f5,0,train,3
5255,[5255],949bc0347ebcc6baebf2d0c19bc20f354436853af881e07aaa21cf0cc48d97a1,ddd92bda0e315e2da69718939cd5e5c82a4d108a2e1fd85b1d84fdaf0ffb542b,0,validation,
5256,[5256],86f9ba1982d61819419e49437bfecd046fe377a4fb7ce90a8ee0c0ba9a8b8dce,cb488bd0364cdc7faa0801c3816878a384554f17dac233ae567f8cc30f042138,0,train,1
5257,[5257],ef617f37ce8e73da9243d9cc7dfbc112f13de1783e9ad655033c19694a559270,04c278ab34b8c7901038a3aca8c97fb3ebdeab23a653d43dfc19976a83d9af3e,0,train,3
5258,[5258],7b84bfb8c3ceef2a6a9385a9bb7240c99188969f37139d309be2ee95bf1e4c7e,1e356501638ea77218210259384620c6c79735c7bc1bf02c7d939bc6ffc96205,0,validation,
5260,[5260],97ef4879c2c3aeed7e2097af7c4d4a0238463346a0db09ed880a5cd92cb78e6a,215356a5a880f9b9d37bab0ca43e54a28711706ea2b38b2c41c93880b972a94e,0,validation,
5261,[5261],7d19225b0a72328719fffc1e9e5aafd851aea31d017eb8800017bf99d6947906,a327372bf8b7d274acbfda6710c1667beb37a38dda1cb9316b8c621b711096ec,0,train,1
5262,[5262],105df5b3ee42a0575a57173f088892d2deb040079957bb15a7d7a6efdae01e5e,d5ee6de08a07f75d0178f9f3bc7de914ebfa78dfe9fe7ee332383a39a6efb71c,0,test,
5263,[5263],4a2c7f622fdeed8da996a4364c03fb89d579c77386a62d44b37a66395ef58f02,058516aa1cdc18f22f4ea35ed0fe17068bb1ba8b486453cec4286bdbd82cf8fb,0,train,2
5264,[5264],ec668281afc78da51832af12cdd2847515f4e1a02f33bd4cdb55c1aa134cb6aa,50bca91756d3d92351d9c87c5c6c65c547a58d39150881a67d692d5771bace44,0,validation,
5265,[5265],0d5acbdd0e2e8c76a8ed9ef7423524c2d5f356a114bf773b9c44ec67596bafcf,b80065e07145b7f994ca91499ce946c9c1aae87f71416109c61ee922b3531cf8,0,train,1
5267,[5267],636f193e4f2dc24d621389e40b8c6ce3464e572cfc1d495337634e9d6da706f5,c519fe25a2a2b50e81ba820722750ead81e0299f1a8b24a2d807372c6d1f7c64,0,validation,
5268,[5268],fd592f26987d9bfd9cd4374b1489e34eb67b6ef7138b0ef40acc08c4647be67e,cab2f4b510100350eb60bd8ba29328bd49d314fea1fb2dec63a4c774e70970f3,0,train,2
5269,[5269],a4ffcd16066377c23ec1eb73ce3e12cc5f395172495f3df3457ae79ddeffa6f6,9a6f70571349ea4ca145d168d3f34241b597aad14f8ff019e02da5df18721b92,0,train,3
5270,[5270],406081b2c51b2eab73df288d2645d4d9302d0cd299dd1c9ae131eaf5d7555799,f196dac9615a3ef577cf610fdca2516c45c11d8bac7446acf6087414f93e7623,0,train,4
5271,[5271],4594741f15e3060effce944802177fd5161aed926f4872575579e051e2f9b92f,6681690235f81c65ef792e64bdf32a1ab8744ae77ec9d9b22f59490eaa9681b4,1,train,3
5272,[5272],95be02e0259c8d434a8e3a6503042844b7ae0fba0cd05a64b38212d9e83ec082,dac8a28f244ddcffe77488b85fea1b21a1fcdfb8f170f1358fac6a4fe36a2848,0,train,1
5273,[5273],5e9d6ce112741d0273820353d9583128127e9defe990e35110bb2225bc673cae,61a062da8d598895705af86c25e35eb8f6f41fed2c77b99df4478f4538751de4,0,train,3
5274,[5274],6bf8dcab69758db02c0152024da0c18c322699786957d5295b83f87c82c2b47d,35fc0748f4182e96fe0adc56cace9d7ec7d5c331227a03fb1422f42db0af0c58,0,train,3
5275,[5275],0bc7a9e8a7a27de22191c3d7b9111cab14f790bc5ca9dc7585c609f78845a6f3,f223e2757feda1b3e42841d5548d924c8fab03dfa980dbbd207b4c2b7da8f6d7,0,test,
5276,[5276],9a08f18aec3e0b29986d21bedacae151fe88c1f8e21c97cf8fbee2796d8b896c,730f89b7b46fdc991c03bbdfb16262cecd6ff426b7ceb3c50c12162187f82423,0,train,2
5277,[5277],6f65d999e4266972ef82a0ddb65c10ee1cd58fd1acb4de1b0de4b739523f81d5,f0250ba3c87c1737d4ddbb94774b89f670061b1721ad293a79ef8a939c81d88a,0,validation,
5278,[5278],25978c7693c1eebb1b195b775c1e1fd550b79a930456d90017762c5151f5c1c5,074e1ef27b6ab165763e6c573e8ec6a0aab736d9ed93289895428dcfc2409895,0,train,0
5279,[5279],6fd490f9f11c95f327f56ad59788a54bb0a51e6cab35109c07e3266a338f4097,c951fbb785f65ed41a64b52d4b03e9a326fb5a52935b1cd661ccc1c3c8d85561,0,validation,
5280,[5280],5b460bb51664f02815cd4a2bd7e7a685038e15aa714b8e05729e736564190a7f,0a67a37678c3e85332e7fb6de2c61863c160309bca8c7ea4500e11c3d51facab,1,test,
5282,[5282],95afd3570b00ac4c8842e479f59b5a6d775f1b1a17996ad7497371aa4a3809af,5e4d8b0943c3ce565cf8898524d5c47adafaba6e4f4ed4346aa59272a434bdcf,0,test,
5283,[5283],b8f558749dcb07bc23ef0621a94fc11070f3c4e7de7b328d9611b75d17001eb2,cb627a033b9ca526ffc434dd8de4dbb78488b726ac4f9041728a99bdb20405fe,0,train,1
5284,[5284],c4adb22c636253b590d53ad79f857dd51ce51a9b970afa4a76909dd50cc36184,946fceff6c16f1db98112ca13cf3bb49464de686c9aed6ab1e0b77ec9fdd0481,0,train,3
5285,[5285],e4af2ec8764304cc9576783f11ed0222432dd923738ede91156f0518b8125403,b23c603ce57030ebf4c375c328ddff4b0f2fb2fa39b88ad59462e9c9f4970c76,0,train,1
5288,[5288],e369404f13fd84dfaf3735a2141b266c4460abe6e4c25f101d348bbb840ae753,bed88d6d050d7cefc1d7b845cde22edafade6717187af49f166b972f54415466,0,train,3
5289,[5289],e211eb70fb8c5fc103dfcb45e1653a84b3aa0aa978e0cc544c4c4b1e9e001160,89203b07b7ef9d96247d0812a91f8c37139aaf27ab308480dd499ee40c376a3a,0,train,2
5290,[5290],51b439a3a7aa9a9f6167efe7bc630a93ddb27fe11876432ab78d9e22f18b453d,17ded3bfe610a6b57629140b9e6481f6e73766f47ee089951f004e3681ab7db8,0,test,
5291,[5291],36bcf7b8e2e853b36488c3d74c9f4eb77ea8246a1e5105b5b7d514928e6b07bb,e3c017595ef935823065b1e61545adc4e0b40aa9f594d7db1d03c5465a9b6ecc,0,train,0
5292,[5292],8067db0aeeee31c3c7296972ccf796953620b8e80fe93f601f67a48fc137eadc,5835bda7793cd7d02c9749bb072bd554e38f5d09172f92fe9d1d306ce8750ec9,0,validation,
5293,[5293],140161dcb4a69c5b437b3314235c3e037d94d59ba8d792b62d61779895fea75c,8896c18335f05bf79f48388ae7d3e272a6ebbb4f5c2f4c652f3f44a5d87f7142,0,validation,
5294,[5294],cc0602b6c1a7716a3d85bbbda35ef9c0cc93fd9469b54368884d74e3310d3341,c8005496a2299e0a7b95217cfd7b557ac286badd10007b9ed0b49fed6d2ab2f7,1,train,2
5295,[5295],dc441570fa30f1f1337368a14f20d1f94da003a9505e51d996362b3867a35f67,fb76ed35d590d4bf596b87eaf2ac5776c435c415e9b41fd00d29b86bf049939f,0,validation,
5296,[5296],3ae1efa500be614b2f9ef2232d5c753f65389b0205ec1a5adc44f46fac56bc73,92696cd5813d9a3bc34cd2a1141ca58cb0a13729618160766aa239b2a1db5d2a,1,train,0
5297,[5297],93b71e18cd002b36170c8955d7c1d522e100b89f9ddaddfd02bc3e16da42adc4,917243ea52882c617aca7016a3f9c20d22ffb320ce7b7b10253ac5162a770755,0,train,4
5298,[5298],f81446495c869379bd486af8168f24239e3e6331d00fda143c15373a9431bb5a,d771012a6b5f7c2c87a3968a90ae9f923fb30448b0d248f5789fc8816b15f680,0,validation,
5299,[5299],845ace01ff98234d21ccbc9c2260df85eb9d45bfc72f1a1c804cf3bcdd3eadbb,68f5a3aa5808b1c0ab484492c4cd11c1e43743e00768225bfbe4a6b49c4d4b71,0,train,4
5300,[5300],7eef53a102e30fbdc79383cafc467fb64561887294af988dbdf9eff5e721ce20,dd9530707536c7c0089b33baf49a28511867f8aff75349ea5c203bc076dcd460,0,test,
5301,[5301],6e2a6e41434965e6029cfa3e9f33bc39b920ef3ff748225aa003369250c64488,3ed1c9d54fe7da602c11c528f9d48fc0d523fe7375773e9997d843b335a97b56,0,test,
5302,[5302],88acc2a3c239641d7b5c0ac48172e7070194b9cd6a0ce7eca724e26feff5f4d5,51b8a066a0238ce711c598c13f477a771134789546a8b21a1144666086fd933f,0,validation,
5304,[5304],00de5df16e7c958f89939142655ceb0d01fdffa176920d267b00ecd170c08310,8a5aa67dc41d4e2b10736de39c7f64c4cf42259f2a5222586fe319e22f9ce617,0,train,4
5305,[5305],ce06c8388a49d8dc1bd8cbda1789de9cbdba094caed21585612810a98fe9a4fa,5a36da56c23505f73907d4128ca1751797c18dfc6e72769e9736ac028d5b82f9,0,validation,
5306,[5306],45627696dbe14d3274c84cad15942459af6d862b9fdf54fcfe47d496cc8a1893,e915690ba2f69b9e82f9f8ab8cb8a107b7325ec268db2323a5f44a069d2ebf1d,0,train,0
5307,[5307],9f5ee93c0dc712c970438f184f3e37882edddc5c64ef431c4aeb09738d4c5e1e,3e7c6852691c108618a3ea3cd4e3f739f34e8c9b88179322ffc151b35326bb3f,0,test,
5308,[5308],e8fa600ddde3c0b1e97b8d2455bfa27bd3eddbd237ccbb6478757069aa0fa02a,7cd65fd61acd4d56b5a828184b4dcee0db982db75a28f85714127f0d6b6ad391,0,train,1
5309,[5309],c11745bd661a5705a63e207deda50c16c57f407181aec825bc62c681a3992198,885421609afb8209fa09e2db9143f2e1d2317cb5ef843bb5b5fb766ec11eef5d,0,train,0
5310,[5310],602f8d068c2019e133a8af141711fb0a8a4567b324f631674e23d0f2ba646ba8,46e621168cd19a5ff96a5d0215f169855428eb1c41a3f9f0b8a4cf2521aa85cd,0,train,4
5311,[5311],04c83d44b57b38e88ea0ce7e410155c2902e9efe8704ff520b394f8ae98b7b8c,2ed9f395158405de72a3f35fe38d63513451b5aef65d7042d64c50cc79617c1a,0,train,4
5312,[5312],fbe9784553d0d906cee8ee411ae414c7cee840995f4d0482b6233808d8febb94,4f559168e85d3927d9d8973d295ed9c283704df67dcaae7eacf3aee8038fdccf,0,validation,
5313,[5313],538fa7714a239c44f274b3d9f959b76213448300f062a20cf486778ca71da854,389f86980791090d11e3775ff9c2ff258462ee799185fba2a630ddb8ccc99738,0,train,1
5314,[5314],a3b87ced05902bb4c4fb0196d938f8837c2a1744ac0c08ae57312b4d3017f08f,3c6f956bb3c468e161f0d6bc61a95575edd19b53c0cd19e517f82832ae312667,0,train,3
5315,[5315],6e12f40cb5dc214b19e93ef81e7f18d85dfc2ce933396fbdd0b37d0300ecd3a1,5e6ede944111f3f96bad715989ceca3a13bc894024d836ec8804f9ad9cfc2551,0,train,2
5318,[5318],23047a36720485e06e53f371afaef2e6171a0bcbec302c59246f39928cd9d224,d8a5f30cfac9fdb655caf6d0f1f56c5a2c85675b3b02bd41a8748b37d23a25bd,0,train,1
5319,[5319],d5716f6bacb9d602189833334c99a947cdd24b6fad6a9276c2b2cc55eb44248c,ff1116e58021bbc21ae2c8b80d87b3cc6bbcfe3e0634b5f681b58e705cdea137,0,train,2
5320,[5320],f151f070568e93cbd38123d5dc7c3789fa59be05d50048b3286a74bf76295577,488781c91f90fa903c8847a82f433a26f305badc23d30a5ec41359fc20fd1e58,0,test,
5321,[5321],a980b1c41bbf6c62b07988d5f02a38c34ad37db962cdb6f501b5cefe8f25c80c,e54c40667c5a4f32012783a5d6d906996bf0e139274c5c30a616dc828e48185e,0,train,0
5322,[5322],56313ec38de7fc2ec4f5598f9240ed0be9cab55d363bc2288a4c59aa4654a2f6,f8ab2c8a05639fecacb2da7c2b3c2a8b3f7c61bc5df60c2cead4291c4d6ff776,0,train,2
5323,[5323],7489f8ca0cbffbd131c9df41240dcc776f462a35c746a182dfd1660be8f1e238,89cb625e2f32e9c1159f1e6ca4c61821ce4032ae7b617f1be2cfbe48a79d13ef,0,train,0
5324,[5324],9c734bf731c9c617b4bf638afaa36a1413739cc68be65e00012e56a2606a1602,9a366d0aafe0c3be5d0cec99f7ccd261598656a2b759aa259d283a66311ba986,0,train,3
5325,[5325],82ffa9ff4a94a2191d73cb34f092a7960a17776ee01d6a49a4552f989bba301c,11df2eb864f03baa8dc29d803db84b7cf3f740d4f1a69f7fbdb9ef7368a61cff,0,train,3
5326,[5326],6097559c5dedad2e2e06167828ebe010025a32bc7d8bf2a0721696b2dd768a92,0de837fb8fc17756c84204244f2a0933d24fc65e7d924b98bba45d79f981efc5,0,train,0
5327,[5327],25e92c02d241eb7e48e806b799df3528ed2fb3fdb2d0a04f6402b03568f3241e,d4862dd224ca7119608e7579535f8bf48fbecd653478267a0b6fc5007da1a5b2,0,test,
5328,[5328],59ed188c73c77b206402f646b675085e19247a84c047763335e1fe60faaffb6d,8327639f1fa7dbe7dc88260fc737001474f6c1eef78b573cceb192eccb4242c9,0,test,
5329,[5329],75d3ddc07fd4e17443ac02968cf1e5b67a06b3912bf8254accb289b8a062a21a,ea45285e53be029ce0f854e2ad641602c0100d3a14f54ca1e82c34cf9da236c7,0,train,1
5330,[5330],f8136a2d2e8e2a2419333ef7d4d9722e94ad1c6e290996303901fe0b14db95c8,d1e618a8ad06b96d661c68baedcd482e81b200cc8afb94a09522dcc3c55e6632,0,train,1
5331,[5331],5139ca71270324ae0b402cee21c7689623b4f49ab45bbbe648737428d946bb5b,64749f324c2a334accdb48230cdc4bb74dd7c0e4257921263fbc88cd31615f16,0,train,0
5332,[5332],dc6703798700547c650d1038f3ee92c30ef956b0bc0673556d61364291e1a889,ca46d843fd9d17c0e4caf80f7c222d66d576ae1eebb609b1f7b6e8e7dcd26f09,0,train,2
5333,[5333],0426d3ac8841de415a9a2af9e511a47745df295394ad3b863cbcedc600da1f50,9aaf7612bbdb8b24d01bf5754157bb55d8f20a8386823f3122f0043953bf4f1e,0,train,2
5334,[5334],ccc8adb5e5ece1bf0a762e8734539801e42beed83e32d4f0214cc991de48e1b5,1c338851d4d689db2afdbf5e507de0a9e13b5aac92f80197a8b42d636216d822,0,validation,
5335,[5335],08ea151891a9fef7b9a2819e2f2eaab539216b57f806b55d6d3ca8a43458a732,3dc770e89ce0166944eb73f0683b7bb9516b297e80f98c43b8307aaa9545365e,0,train,0
5336,[5336],3234f7bd29bcd9b563c13404434fa13e1037f8bb7e614c105ad58090627424d9,1c09de2a0d9ff51a7fcad7d186ac571d832d0002b8d12f5119e2f00db3dacb19,0,test,
5337,[5337],953b6889f964cdd564088bdec8740c177bd14a10645bb9a3fb98bd2e254b995c,83544c54c00c34a13d7a40546329458c143ee372b75ac7f85d0f8d778db3c196,0,train,2
5338,[5338],659ac7eb8d9db42be6299ff10ef7fabb15ab82cf097a960841c6f000ab43ed40,8c201f5ec6bb914528d247a41f7bf740291247bdefcc76f2e0f8d3f525e2a850,0,train,2
5339,[5339],4a7a3adacee525747c3135ffadf2cf1209928556f1c1e7e76fa39ebb37612a0c,7a3d9bdd41246a2462676f7272e8c4655b57dd069dab3f5c5830fd10f546d7e9,0,test,
5340,[5340],60af815e3d43a07dcbf5a230ff44e6c2d980a4e4cd236efc280bbe619c1f4697,8e257741c9748a8cd348f8be608804b9d8a74f76f152a8b8a6421cabaaff7a59,0,test,
5341,[5341],065735d8300358886fffa31b37ea0b92a4633a7fadb764c493b5f1d4281fc3fe,284ed56080f353723a0ad9e59981f4d10a49b002b28d77ce65ceef7563742df3,0,validation,
5342,[5342],ad4ccac7902e4263744a090cbcbb5e46212f795201d91c7f271cc6acc77b01d0,c14367db39f2ac3874f93a456d2e2bfd9ea4a6c906835d2175b85a620e625564,0,train,4
5343,[5343],04acb1bfba28db760fdcf23819a188283d944bbd7aea083b3c21e3538d35f3bb,4592466fc847c98166e0c9a0d903468a2c5e7e74930300abacc68daf75960725,0,train,1
5344,[5344],363062e484ee2567cbe76be1b90dc32882293a6d1bd54e7aa9e1007f98143111,400305f3852916ed8c60a200d3c7e0e30befc6fb4eb3588dad8d0098c166a116,1,train,3
5345,[5345],346c5eaa481d71ea7015d79472030e312fc4fcebbc154ef89404365e79f74c91,fc3210037482d7f06c10c72b2a6c349c19d154a2a80fa1ec43ccad1eaa20ce11,0,validation,
5346,[5346],57b73134fe52925f5731dae86a9dc38191bc1051c6662e0109b72a222c53d884,d42ccc40ed8bdc0dd91225eaccb9633db8a331599505bdb3fe773a03de3cb2c4,0,validation,
5347,[5347],45532d3719e4657b695c8d2b6a56726f73c21cf4343d0df1a96b88b1d32998db,58d419884f4c6ae948f1e5727071190161aa47a37760a365bc99f703a01e325d,0,train,1
5349,[5349],8db9d3bae73f9cc77afde8a08b9c7e987125f868f3a81a6545f36027dd1dfe90,8966d16f44411e43404265d32eb62f192aed90b75837b320847cce6b88fd3379,0,validation,
5350,[5350],6a57d139e529927cc3a18fdfbf96ec473c685b03ae2ce40e7fcbcebf6ca719c2,26c0bf8bcc1202c30cd0e917c83dc05aa6da77cf863a3d9baea96fd9c6c5aca4,0,train,4
5351,[5351],73c8f7ae4ee6c8c764c9b9d68d702ceb7081c62acc611637154d3f40f271ff78,122f529c97692653fe0e77307111a09a8cd4327644f8631267c290a6fd7c3e90,0,train,0
5352,[5352],e1895ee5b3cd47787b52b88106e0d44d69f91c67489d5eaddc87411b8017e5b3,7a05b1885b93bb4cacf5abb01d82a91a53d10100a1a4df4e344780be38fae579,0,validation,
5353,[5353],d124c826c0888a518960bc4f3dee5c46cbbfb8a709dc6e0c1d1430bc77407522,c3b4e66c35033a8849762b104a8cc7ce54185600bd2063aaa29ef7e3bca8e0d5,0,train,4
5354,[5354],35c540a8f7ac1513d65a766ad0dd7d060c12536a0ae6898b1fc24b026d2d4afe,3afbce8b03ce8b182176524feae8874aea75294079916a5f55e5a5a30370655b,0,test,
5355,[5355],c2172946fc2f510f2d36b2525c346f9bb8462cb1ce99fdb9a3ba098daf6924c2,d7bd6d59569d64d45f2a162e15c04707a9199abfc495229b753f3968353d6751,0,test,
5356,[5356],1ff3e6aa5ce4b9ca376264569c7fd5c9cc5d3d464633530a7ee5e36ee061e39c,d8cfe25d865e5026638129fc0f71424230be8510f1c065c35a32b90fcec7dfee,0,train,2
5357,[5357],bd7b93d5d4d11d8c0736ee8e5643a5b35b464b1d1ce3756fca854e1b9fd3758b,caecf0d7c07862518f908fdb1c6d04decd0f9b865447ac252017f444141c1ae3,0,train,3
5358,[5358],f6e21bcd6f4d8bcc154190158b993225fa041a1c024be5fb37ed14fde0f402ae,9012a3e413cf2eef61d5cb0f57f7b499fc145011fa47f0d4b8383bc576be65a8,0,train,3
5360,[5360],dbe5be9a1e61ec1092ca4143bffe1261469850a03c56920c0cb324c92c34a997,06faeed82058b34c06693544ad1d1857db6fce64a0f07e1384141f385b35d2e1,0,validation,
5361,[5361],fcdd95994e2b6aa76f69221de5716b5777586d438ebcc5939c00c48a3b23fa46,c4987adbd8c46c8138d3ba61ce87ad4656c580e4423a85959c6cb4693d7a0869,0,train,1
5362,[5362],6e7caf7204802c3a8ee197d02c855b409434e27e275ff78c9252b82fb2bf2903,cf973ec1d538d664024927d5aa4faba1720eed22bf1709b4f0a20872025371bf,0,train,2
5363,[5363],b270800012d32fa3f2cf9c1f5680a4ea089a52814839fcd616b2db2de4951a48,094dd63ff077ed55906af82b1945493005497761a545a552efd43b55430e86d2,0,train,0
5364,[5364],42ef7b790803136ff3d9ade6ed7c3a8b0be465bb4403359754d4f2f540555fa6,c2e228a124cd1270c2ff8251ca4f5383d63c252b530c15990d2ac6f658766bef,0,train,4
5365,[5365],5e10e6647c741b2f1127bb3c766b1470eab1595631166fb41fcd02f63ee696f9,de0ac256222c3113257ed736af7ce9586612d4faccd58ae50f52804c21c38a54,0,train,4
5366,[5366],8d538f96a1d95fecf3df2b39166768da8bcaf6a9ed52a04bc13d78c95c5bbeb2,63a76de1abe93dac9e552b50c4bd436172712b421b769537a5770169d5e28153,1,validation,
5368,[5368],6272a7e2f6432b18a32677eb7fa399282ab2cbde685a02908124ae16b5571bc8,36a50303b5a3df22f6e5bf6705c9a9a1e6e8e36ae84f94b0e1ac542189a9857a,1,test,
5369,[5369],c1950b370d14a26234219443457ba349933f6a7f8b8120c2544c10b399c50bdf,a411ddf3a139973c9d31e4b80e561efb808d0482c0c6c80f07833b08533ce00b,0,train,4
5370,[5370],db1e87a2f3b0cdea889936736790e684159895abf46f62fa41059f6c034de441,6915bc85032f42de91c3e25e454156906694cc1104976126ec0e27a9ee38e25c,1,train,1
5371,[5371],945ed322644b581e248a69a8187da78971344636950ee36834ea3fbaff38ffa7,b609cc0a3359ebcdf4055da273ccc6117c31ec5be901902bbee7c929bcf7c644,0,validation,
5372,[5372],8114a93ab413407a122b81e95303f5f522188559e75dcd08574e52eeeadc46d6,05dc2565cb87d1c45073c121706c2a7203e89d3504942dee30c2bde08f380c5f,1,test,
5373,[5373],0e01cc983890bc48ef87a2c07aaa1c553d1823e8e40c7d8848cb8e2014aa5932,48cdecbb75210134f57453536cd3cc79ec994b14559a879cc75235107e3deba4,0,train,1
5374,[5374],75f196fad9b694c8332a681207ba15901dc4a7a3404f23b8c4dae886875e13e2,e0aa30cde9fae3efc62a964f6a842cb0830f5c0b3ef06237e2f334a76d2c80a3,0,test,
5375,[5375],e5b8d872a218f380d407d86befdf41949c0bf5a8774064b597af4e764c3a3b4a,40764e132764148332bbb2db2cb0cd0192bd15b1090c251e4a40e87d16ceff24,0,train,1
5378,[5378],cc35bbdc73477d97678f8c573b0c5323cbe9c4f321931139b7494944a89e5901,30c0be080ae0453712bbe4f23ede39a268abe0225979b61ad81a8eba517f5fc0,0,train,4
5379,[5379],6e4b14b06e42edafe4e97b9f0224601451e0f6f884232ed192a0907f4501cb09,ba347df93b809b3fa1c0ce66b968b4a7858148c1e8e2fab272e3a9895ab8fe2d,1,train,4
5380,[5380],51ad5e0359c378ffb8ccfc5b61ccff26b649f22610db5cd6d7b2abf6919178c5,6a7d0a55e9592394c93863239a1c7a3b10377c3202bc82cb1446f396256bbc1e,1,train,0
5381,[5381],6af56afba74ed97e97e0078d865c56f640472418ee53e53d0a3337be60ea4ffb,fcb79230779b62867ca24dda2fa972b96e1586ac4509aef080a7d1bb3557210d,0,train,1
5382,[5382],6b790e021b3b8dae552dcc612ed1f4d43f0b61d07bb4ba6d5bae0f4995acccd6,e31d839b40231ce840538a62019ffd8d8bfc7657d3b1c6e4565db3b6d9c6e4d1,0,test,
5383,[5383],40b1c8ce66850276dc003d65f09101058ef1dcf8514772017e85e11c72496846,39c29ef01f0a1653591d8e399fbf798881fc67e3e996b2df6fc1530e134dd09f,1,train,1
5384,[5384],204239bca630b8925055fc4e90143f593deeabe3eaa787199d9570eb979440a1,2a15e454fc30e0fede1b0a3b9212b610422103c1f77fd2670f4c25eed8562164,0,train,1
5385,[5385],d4d23259a7cf8ef8878fe8e56f9da2b0aaeb9789a2bc7338d6b52d2373874030,f28abf5b659eb2319f402831671745f4320c52c0900372e8ce99b14df68a8ff9,0,train,4
5386,[5386],7d84e7730f483407b57accdcdcd770a2f238c196d3cf2d3a5d22ff2b692ad159,db8d552b0707f3f379fcf4a6e9885a10181c4c6a460aeb64f4d3f38b18f0a69e,0,train,4
5387,[5387],c36909168237352df39d62273b122cad4e20cce7b8db4603ff5b5bec85cbee7f,43bb8631d50dc3169d40cad2c56b055ece9d79eb33bb01cfd69dda492b5858e9,0,train,4
5389,[5389],d655a527b548b4cbeba2751b3769a7f5f7dcbd1fe9cb45c4c52789ecc201a3c6,b78a88f3f33d219da0d905593360de45e7c4e088ff9c977fd6aac2867f9c9437,0,test,
5390,[5390],cf92bcbdc036877d4c84e2e6546ea7be55bd7738c47d5958673b6810939a94e6,32987e7e55a6c3fab981250ad5522a0e3310f9bac1cd8eb2c6d6459c640deb02,0,train,1
5392,[5392],05659f3f739834b186132fa2442aa638a93966adaff99920a3a016ae0879a04d,d5f8adf286cf255ab747adeb2743cd6400d40414d7fe611aa7a6f0817a0b4898,0,train,3
5393,[5393],2fc9f36280354cfc7d88c36e8bb9e2b59a8fa04061a60df3b89499f85b2d386b,f2897f7e4e1eb3332bd9746a4f716fd412a0065e56561748612d6166ae0dd217,0,validation,
5394,[5394],7942acf1dcb4f49c1410ff4512af1e105432a6b691216ef3f21cc14e9e4f1fb6,b42d0abcc79a81dc8ba2fb004cb34fe6cd6f71b44d38b7d3334f02838753b3c0,0,test,
5395,[5395],fa1ee8dc38ff15b4311f9b50ec0146db12be103de8311a75ddde892ed327987d,7f959795e30aab5347cd1b5d5e363bbed74388c3826a70d3114aeab77414ac6c,0,train,0
5396,[5396],5ac87285e049b4de299cca57be935c1a679ca350da67d8c9ea5e4856e636a7b0,f4289fd2dc8b758c769b7fa9a13bc660f035b1815d968034cb8fecc4257e97e1,0,train,1
5397,[5397],93430afb7b3d25219ed4ad631dbc567337c3b7c7ddeb3915ce1e20b85c202a18,5bdb2462cdd57c59ac6c19f873958cc0e8a84f1e140a478e3cdb9c9781a168e5,0,train,3
5398,[5398],dd1f6ed0c0a70d616387f4a7f3ee947befc0edee93f9ad6ff2a3738a03b65d45,8b24cdc4b7706d818f88c133420f00dac72448f40cd19a5ef726955a37caca78,0,train,1
5399,[5399],51bfee4d4ec15e3b95b16bdf70afee07a472acbbe57e1d94a795377a3f2330da,6eed7bd53112740db4f930d2581d632a14df78829fc2a439739db0c7d21d23bc,0,test,
5400,[5400],b1f6856c9b083d59c82a481da565d7526a79bbf6a3726767f2ad9b36f08d95e4,94381fb01a50a7e2277bc9859d9bb65f343e67a4e0add1aed3eb25e46814dcfa,0,train,4
5401,[5401],cbc05da1a1569a339eebad886b14596170068934d4c6bc53e3742e126437255e,576a20eea4579bed591ccf562e76a8527bc0035833cf9ff8c2b9f54fe0844262,0,validation,
5402,[5402],851c058ad7fbc39a72e0c75dadeccef7a4681a4032cd17cd899a92976674b0b6,f2a484896f8a358eaf981709b7ff1acd7cd6d57e00aa9499212d726ca6745514,0,train,4
5403,[5403],d4c72d37f6ba55ae54fbed200c9283d5b4eff0518101d3848fa5d51e746b63ef,412e9bc0cfbdccda712c6f8fdda7d44091d65e0cfcab710413f8b79f56ffb5f7,0,train,4
5404,[5404],9bc8fa0c8a1209e03441c0f8994b903779e6306dbe8b7dce6af475c5981fdd46,e7fa7cf6378785afa32b410a11e23b4be475587b5f94d3358f05ba743ddd5a85,0,train,0
5405,[5405],e4d2cd4c3fc3d5c152454e10aa3c6f278dabb77d63cb73238034da47bd86a099,76afed4c3d953aad0ebb5e3b8ff7816967d18aefd37ce3023b235ca7c249bae3,0,train,3
5406,[5406],28236565071bade45ac1eb85e6dd87a590af5031778c0de6543ab9b940b6a4d0,eb0a2632570c29ff6f92d940e5665e37e2d869f42a84f07fa1e360956955c3fd,0,validation,
5407,[5407],da8bf5a9590a79f21c9b03c5f9eeea32cc5a3da1d5ea5912dd052222952bd7e5,25c5aad8faa42176de1402baa0847ed6b3ed982b17bee1f8865648c04fcdaa1c,0,test,
5408,[5408],31173acdab8259f4e386be8ba7c2da68804ec356fa59cece33c86ba247ef620e,88dc8258ee985e6e300fd872d89bc598e2ec57695203c38f2e0d1f5920d47362,0,train,1
5409,[5409],7a72202ae6ca85736a4588456470952bbb6fabe09aa111e52c9d7af1f9dfabe1,af318724a5ce4da327ff757c095978f8d5df168c9a10c732cc724101fa1d31b4,0,train,4
5410,[5410],dc8e12b588be28c0a520d1b2c8412dc0686bcb7794faf61c69c3261cb1d8c845,17a77f571738506312040589a51ea299b097f358ebef1c72a1b65a0e1d946b8d,0,train,4
5411,[5411],f120e84dc42264a80d572352efc33c0f20ebcde344aa8b1d23aa4d4de5ca3ce2,78225356d07595b7eb1c1d181326da16518096050bf30a3eefdb63b62e0f3205,0,validation,
5412,[5412],bb0acdd91d9f432dc655af24420e91f5710ec28db9540252dbc2d018fed369b2,3767395cdb025c87c666964a88e15bc4f516041f51aca7512ed4db64aedf2e4d,0,validation,
5413,[5413],c8721a7e0d57b29c52b547d349875c3a3eead0426c1a4f5c761094aa7b0f4e3a,00bcc0765a12e48368f437cd5d974f5d0429ac197a2c631254a7e372762f0aa0,0,train,2
5414,[5414],4297d0c7055452e85a6555c2012d37e7e7ccc9299b11bbda9643b6361e91bdbe,fc954acb2790c0475e88f9ee67fae50e4372eb8494d09c6b1fb350f77ba515ed,0,train,3
5415,[5415],fd82611a45cd47ab6af681bedd9b3ef48daa83840eb803c7fb714a28f2ab3177,f2cca6d21d2890a901eb95b4ac0a5a5d7149c45842c202d40e5585e59af84e09,0,train,2
5416,[5416],f552d17ee2a221d2623582c6d35f3dfec18a6f0e76b54b116972039c12d0e285,866cd9a334bdeeaaf54119461f6423dbb7facf0ba29658c6ae45449e90d3660e,0,train,0
5417,[5417],1bfd0d0b273c6fc8be88043b723a1da7c66e68d7174d1d9c116b171d5e5902b3,a30eec461e79c0e857aed42867f256c974d04a27cd576f043ad110d3bec99b6a,0,train,1
5418,[5418],c6dcd6e64ca9ecd4f2185eafe723eafec8307105df924f787d9d2896945e14c3,cf42e6bb91978190d776162564582ad956451e06fddef3aa1b1a16f046273025,0,train,3
5419,[5419],751a84f94656155dd70247353619fbf8496c2bf6ef67d7647f194e2f513bc3fe,48ed169a23c8eef00298e922bf93e9c2d32cd4cd2ee99520ccd23d85491cbed5,0,validation,
5420,[5420],26a2271ef5125c34c15768f65a64760b9d57c02e403db1ccfd79f556fc38c355,ed6869c21b9e0f5d7686b64c7e52caed02186d6c8f18799f89f5ad46db238550,0,train,4
5421,[5421],d6e47476672a5143f3ac268b0f0deb4f5abfe36f6f2a2cc5fd4d911ede49a729,6ac3bbaeffaa6f9e51ccd355de5f449f629c7a9d47b64ced4edbf43e869481e8,0,train,3
5422,[5422],ebd3a3ebcafc1d1dae74193ac8bc7bf5c94f8af61491dee4907d05307a5dfbdd,02d231c7a9742e628f21fe2ca83b1b2f5754f99c5a965f18cf543a2d6c604dc9,0,train,1
5423,[5423],8159ccd5b99ccf2ffeabf34dadcd5874c37711a876df4906645639c566402f1d,3f529111a5bc70fb64120c844e4f3a1f53b7efba98e1c96c8f5ca7bbe863767f,0,test,
5424,[5424],28d25f3a4aa79521864940152a8cf4c3c79a7776ab1f584e2695aab1844b29d0,aece0c776e9efb0380fd4a3825ff316b1ff58ea3714e0b4ee570903722230884,0,train,3
5426,[5426],072af5bf70db96a5f9d47c6f8197cd981595be1ccbc9501a3f83a3b3c0c796ba,ee787577631db30c6abfc03edc729e3c337a2da9380f19246e54e6290b9e7d94,0,validation,
5428,[5428],caa75964dda316185e4f53252f996e186746fba86b82c5a72d6dec8402d2e3be,029b3e74e166e9791c3c7069468ebb2b8ae5498f5ce1b61948cd60c8acf6c821,0,validation,
5429,[5429],a5da15a08ba71757cadc516d2a6ddbf46513efdc648502fd8235015c14041db5,cdecc603995f6ef1e297bda3d7dae77080867ec560a49992e65eb9ac0668d751,1,validation,
5430,[5430],573509e0fb950074c2a09fb577a5fd29dca924a3e4f4e1dcb1b2fc13b73f191d,88c557b7b7f03218d519d972921f79fbc0e289ea3bff3b99d27989667ac104f7,0,train,1
5431,[5431],65982b1c60dbbc5d87bde5d09cfb5a46c641d11c6132cd11b8c251a0839d46ab,f5763656694551db050cf347cad71c55fe9d705c235ea3bca5fe8b857bf00f20,0,train,0
5432,[5432],fe74f3d67c78acf3461d2569932ba374273189006364b54caaeb0af666c6baaa,ae04047e492a19bfc3fd1ac01d7f4891421e7785d8b859b3ab7fbbeec10f2c4b,0,train,3
5433,[5433],529aef7f5955660bbca9d6139c3954b7b870ee61a209dec91d1c4a704bc0731b,7a0cee66284175771124eebdb5c9c2dace3cccd3911c39246022b0d897a4cfd8,0,train,2
5434,[5434],bec5cc9cacc4b9eb3b2f235670ff3b76d1184f5e5f6b34513aa85517ecf21ff1,989737d955dda657362d874525f2277b47e7f8b6e3eb4935116bddea9380a760,0,train,4
5435,[5435],23af04be9dab3f29eb73f6ec7a106c775a6af78c9e739a6a9d2cfb76fad039f8,d7b3e8fb9418bff42f229a64f06f79f04321b46e45466c20eb7bf6bf60b95dee,0,validation,
5436,[5436],aadc6bc2d02b8d0f6d61bf49b97d9d6827d5eacba05454d21fce435c11309307,6572b3e45eac01f4a72796b02f26ab1d4634831c4477c2b9a76c6e074ea700a1,0,validation,
5437,[5437],c5a391bda9ecfaac2dd3042e9e3f2f50df9c9e15f2347099daa28f756ffa0bd8,da5b33285270bf30311cb83b09e7275d19f2c63cc557c8802f3c323b45176899,0,validation,
5438,[5438],edbcde4d24643e45dd26c28dc27635345fe64c533da8ebeed9a27b93a5deb447,87803a058959dbb0b19bebb174948928d3622b060fb6fa8f387e65c35aa83f8a,0,test,
5439,[5439],10dbac3cebf7675093aee4b02a701c92af359f4277b778bf54677b495e73beca,87730ae490d7aff65cba891bb9f3e9ec1b20b450052e39e390a801c700dabeb3,0,test,
5440,[5440],209af30d9923b67cf6ffad595f3321ad7dffe35e30dfe3f778ffd5a44a89221d,7459c9b1e94462e29be83d507c286750386493f114ce63a5d16de74a765592f3,0,train,3
5441,[5441],a09ccca38390f0fd9e821ebaed316cac4fedfb4a028fbe7b6cfff1192cda8953,a711be18d469e89f9c290dca570167385dc697b3249fc77878a9b75bdf99c99b,0,validation,
5442,[5442],5949e3f823d50efe4c3d5891253ab63ad825593e46f64bcfc14249da12dc3fd3,1d0031b3096494bb8ef8a67e60b3febfa1beea804e60b08ed997e91fa1f691e1,0,validation,
5443,[5443],7653c00b4a4c8cc850aedb74e4241bb837dfd805eeb584dccf2c7544d43da29d,a0b4660e8d3b20bf4160020da65069d657ce59ee8a2c6a123e4e8a328a48e3b0,0,test,
5444,[5444],2b9f1f2b78d8e6faaeefacafb397817bd62b5cdfa3ba24994a139f2173524b9d,b4b66eac772af6950c964ad37058b6b6aba5a13120951559f8fe7ff4fdd762e3,0,train,3
5445,[5445],c3251a80bf7b13174746368174bc0f370aa9ed4c4703e4493937e0aea0cb12e7,0d168c7f5e0a22e792788f79b668b4b1765062026e7dc0612a11545c0ad733b3,1,validation,
5446,[5446],be40f2994eb51e29ac9bf585f8c1625fe4cad19ecbd61ae5b99191b5189c6620,847eb7cc2f071aa7c77ae44ad7686360af2bb93ae67197309dc77ebcf1451d32,0,train,0
5447,[5447],1d647ab1161109c9fa531f64cb3951d769946434fcee205569d0235c01e6037f,73a0e93c32ded76852ebd297e1b9ab50e6c609c72a9c06796feaf5be1a9c1ea0,0,train,4
5448,[5448],abcadb63423208b2c5da09f37517c0a5c2cb2ce6a4f60ec4b72cfdd84a1d8779,dc0e3fa27e3485719aefeed856508acf0a6110a65bc01043b892c0bcbc8e9723,0,test,
5449,[5449],d4e860f11cfb7c225e648e904c597cf543dc87383d47f37c9825d4db538281c4,58e6a2c5d5994e395d73bbd50767a9e8979b770d67d25fe2f47a41b2bb7478eb,0,validation,
5450,[5450],543726b1db9bc505c0a0ca885646e82de1139a9a38c1558333c931d1e7276b29,f758e4bffecb65bd186f0466d44c132bb29573f000c3c23fb88bf5f9ccbaf2ea,0,validation,
5451,[5451],09ec153d73b5514cfe0c08103b6e4f2a48cb0c626b06e1a85190ac4d2a09d721,89bdad5470a413c73202a87f8c6576f29619e19cd230f389a67a513b57305425,1,train,4
5452,[5452],d597731d54e0820e85d2c5d759bb6a426778ad26c45504cfc94a7beffaaac994,2ce1b53c22310436f0b8489733210ad20943983f52b4f50ab91a95ba85146c3f,0,validation,
5453,[5453],8b13f364a22d4d249ede19b8e457e22cd1606f5fcf54ddb3b65379fb0dce1e95,18657261cfe4dac48d29674615304c486a956b46bffdb7b2ed69e74872c294da,0,test,
5454,[5454],b927d95f65b4596cdf678fa91b10530d9d1a107aecda8d4157e0edce79ed6353,18649a1161badc07a9c276766d2be88e83daf2c0840ef66e6cb234f2818d1f48,0,train,1
5455,[5455],08d81b449e2887128ea207b4142f18efcadaece0c76018e4eb8a7d0e0ea7fbdd,fb5d23f761a9cffe20f830d8002cf064929cd344e6f14e5ff35f59b2584997e6,0,train,0
5456,[5456],2d5a43fd0f7f4e19660119566e4f082fd2028b6f742748870a841e80c8428d11,1874dc4c5a9652e0646418be79f70085af60c6f3f2af4cc6bf95544d9bb0bb69,0,train,1
5457,[5457],f5d3e9c11da35f416adc18c4a131ac79fd3fa26c66da08bdaf34c5ffead2edbd,d004536579b11efc1904a261c4448f04f5bd8645886524f57b6eccf493c7cf38,0,validation,
5458,[5458],0fd27800e5884ad8b13cbe327fe799eeb61429405d980424362c4fb3d080874b,5ebb7fcef77801a55ae96246777f7caeb9768eaa862a8b83625ad90741b80162,1,test,
5461,[5461],aa70f4ac88636eef1d4234e81850a24221553f5e062a7aaca3d58c5368ad959f,47d079518e7a16899ce2b3cb1af0e071194600d0e9e8054e683f44d9e04dd231,0,test,
5463,[5463],7bb40b13734c876ee28666ccdb435db5a357cd6b62e65db4f27c27a354be9085,e7544f0b9d01b4efa7c26f81827a7ae0069d39822cd87e560104701e70aa77a0,0,train,0
5464,[5464],29ea127d77a16b9bbd678b63c3257c9d2075f3a7c2e95018e8b5ab46c3d11fca,90e258b6e30a4e95d87655c66e285e2b593e6058a4c58b1d650adf6adc91befe,1,validation,
5465,[5465],18e3968238a766019e471f00055530d12bebf7d49aba1db202994dfc1fe49011,210216fdee42f308104ca05223b0b343f5b4ba88f2bfc0b6df18db12773aa47e,0,train,0
5466,[5466],bb9e08168dfe113a0f02c7653837686462d0e9e6d34515c4eec16164e9ed3be8,0f263362df47928f302d183581459411d89964e703f4c856c181925018ccd304,0,train,0
5467,[5467],0357128893a388a133dba202bb97bbdff41bb8698deecb72f04ab9303b0ed580,5153160aaf18664c5a4a6ecfe49f29fd57e216caa042eb5e7f8aaeac55d16690,0,validation,
5468,[5468],1b4ceded834e61397e30ab2e11b7e2de079d0a692459fe5541d59f978ad26215,462366e90df94ef8661cbbbbdcc5fafa00b02a47c30fac630d1ac1560b1b3289,1,validation,
5470,[5470],a6842b13458c53b87ec9bf0992ccdbc6cf4d6343434b5c6df7e6a6532e700f41,2ce56cdae7c91fbba0a6c2c4c612f17ea1bb35413f6dc7c570fb90589ba9a4d9,1,train,2
5472,[5472],2ac273c5cc883b7fa1da73bfc8c062fd6764d9fcf6eb9238ba4b4daa9b8c343d,2a63e4c2a41a46d062da50cc6d85592cd9f72eec1d39b95743edf8e5cb9d93ce,0,train,3
5474,[5474],7675a129e1562ace2049469cc51dcf6a0ad8dfd497b4cf3a355c3418f239115f,8c7ea1dc4ae400325428a246dbfce32ee4904797e9ceaddcb77a3f57d9dbaf13,0,test,
5475,[5475],268285765b08cbdd5ac913cda2d2b22e544ad241e3589bfe5485cd4a944e775d,a415d953d85517c1ccaa598fa551fab00534955c2516e6a8f8c00963aa2c7534,0,train,1
5476,[5476],c8b3b60935c68630d638c0ceaa17c629442e9c21fabc4e021f0adfb5e5bb929d,e15ec65968e0dd19398b4562a58c95cf9eb2fe547551eb6a904a719a8baec5dd,0,validation,
5477,[5477],27a062f05e6c1433b51963ff605d9d90ee82bc83a4174a8629fb827a998e5795,8196d06a5e549976208af9e98f5bfe99612ce92e44dcf2155d6f4265c0193ac0,0,train,3
5478,[5478],d07b0cdc2b0342b0264400ce7b6f7e051b9237c1559de01a8a2610f701fa2044,afbe38373b46776be824ee0d823cd413176bd41c1ae58f19c1e92d080914e22e,0,train,4
5480,[5480],af6fa2de393d250827ae54aa9a7ad33b5710fc3381aab8241d26b1613d53caf0,2891136826677de07f10f8724eb07ffca98cde66972eade9a36377c0e1fdcedb,0,train,1
5481,[5481],1c7fadd71b47f25ba5f538d53a2425bcfa9d143f99f2581b0acaf4d290955bf6,4eb2c5dc9ddf9b047dfeb2564e9d9f8613ec889d64a4b42e7d54b94037b8252d,0,train,4
5482,[5482],a4322b5b6f682c3d678fe04f70bdebd88b772280bf23dfa571c3e9a40554d681,312f6a520171b533afb2f7abc31a8748e25d5649dbd3a088e9f0c220dbff96ae,0,train,1
5483,[5483],f61a84f6049d1c44a2e39eaaad757b6003deb98bbdf10191d6872e6fba2f95c8,ba49b00f2c1225ac0b227a0d7f0f57f2d08ca9f024e973d2d908d8117d567f04,0,train,3
5484,[5484],bf55f1da3ae046d7d69a313d824e90f34f0c2809356223e6a9d34161ea4e3d55,888c4f102e7ed2d049612ad78d4cf5adadaca87aef694328aea054dca1250262,1,train,3
5485,[5485],80920b13329a8355efee6c85a4753d6b87d55a44e5ffb621561e931eeeb5f354,e0b0a3f0aa5260fd1dfbea07c57faafe89f8374650525ba1adbb67c9a7a971d0,0,train,4
5486,[5486],89ba680f8014b42eb63136dbc3a2e2221a4d86c5608fcc4cfac6130933c000b2,2903f1990baec318e811c6d5a99b1fc6a79f7ea05f49c6904ee89546fed1ab8e,0,train,3
5487,[5487],42a252cf49d398a9845bff8d99646f00da3feee7700a01a5bebb4c71490a9a88,076291e19c25fbd36829343626a621b382f89cfdb08a306dd314af948bba03f1,0,train,4
5488,[5488],ac127779b23f8f1909514395be1fb5c8af4d679f584ab6ece7ee31dfb2f80b07,c11e7ca0210cdbb949ac269c39efb4e06ccfd35b04e31663f6d7635ecc9368a0,0,validation,
5489,[5489],13578b597e5900d2aa3e2d3d305eed070b1742d0ea2b63c00c1fab0435060030,c39a737548d598f3012484e8a060c49cb9244929d60ac30d616c2a6736e69a1b,1,train,2
5491,[5491],a8a9eea8d2de033a371bbee4dba58a24aafd3bc2fde8fefac60424f9f369b628,f5890646a50806289ec7b20ec81177a2a382305fa617182c109f638dbf197dda,0,test,
5493,[5493],002c7e0e8051717bc10615c1bf1136c2e517828d7f3f475ac46e1d0ab4ecb5cc,a6a7db146be7a50d8b8c480b931b8d8e8581043093ac36aaad6a1049de6539e2,0,train,1
5494,[5494],2aa4067fc465ce11d5be5083f3f3dee04cb07a5629e5f45d1781e30722a23d7f,3d64f526b7855322568a0e823a4fe8568ef1aff7b9db432fdc1a794dc8ea3fda,1,train,4
5495,[5495],0e1b98b749f8fd5159ad78a4369709a3f3e974a70b5c5d32bcf95bbc4c9b4715,4dcedb1711979fb9337a06d10cfeae9acad6ed98eae233a0c5439285f00dd50b,0,validation,
5496,[5496],c277ff961a44c4953fe8acf0b0e9b7816ef00331bffe90fff31bc5fec9a27acc,1d134607dfb1d1fd4e99b4a6a354e3bc2193e093515698c1cee6d8538cf3a47d,0,train,0
5497,[5497],d99b0b5a40c54d6872539bd2466f6579d1642f19669e7c4e6f9c7422c6af4279,23a2fd2a23abe63d1cbeff9963fbd1353e9fdbc1b22e0bf712a9c9ae58eb89e4,0,train,2
5498,[5498],1b3fdc197cf8ea1876dbdb5030a1f4eb4c1f3c2d7ebf555ba84bc66d80108487,b0e3cf332bf0a73124f7909c6e88644863a87fb0ed30494168d0c101929b825e,0,test,
5500,[5500],c95ac669a3481c35b11a6dda2d25955acd6fab9625e5757f6b909af1ea8ec5d8,c95bfe80c8b9792010578c06d4b8a320050b53362a637a4a4bd7503cc18222b5,0,validation,
5501,[5501],e5a11968f75c638521ff1e0ae9d3379b42b0cd57da356db1c0c03c4ecdac5834,d114d3e08b0211fa6725557685e3afcc2aca9f4b96facd3c34a4f23915b9627d,0,validation,
5502,[5502],17c8d57334404f99a8d4a5ba022051e98f86620f5561d36b85f3c96f6778ad92,f9fcb0137f6009eeb51432f7e3ed79258d7fb204461a57d77f6de62bf33f67fe,0,train,0
5503,[5503],bf19e452e97e2125b1d956e06939d18ffd78913fd8b022cb30657e407264cd70,76cae5e8cc81e27ee2053bcd0e75a7d2df7ddcca83dc892f6ca7455d4a40bb9c,1,validation,
5504,[5504],e0b41a25e71b5b871666f1bab110456b4f05a4bc7aca786356acf8d60f3a6795,fd88bea3942773b203edd66fe145751e23a865d0cc8164067aee4b38e4fc95a9,0,train,3
5505,[5505],0870f1b611e8aaa33ed5baf32f6528f4ad4b878ad809a0eb525cd30b53c688c6,21348eb56c303ec256040b40628931a59c4fad4be77d0052391a3f1a21fe18f1,0,train,1
5506,[5506],e7fe5b441978c10ac52e076dc78b45baab7dd435ed496e157aae6e317cef4a30,932fcc27e862d729ad5f12c559ad9b35a49a95c9d398dee775f57191bf4bc451,0,validation,
5507,[5507],b6ab8f3375a609fd2c03542e29397f512efe4973384e66641b0ccea114ffb207,738bbf31afee070fb415ab3d2205a7beacd4c5a205405b6e1786b0f0cdf85130,0,train,4
5508,[5508],c17b3fea91c062b753c09a598eab407ad0f23c0b8f8d01f3e52bf1ffd0869ca8,742fe8a32328dd8c7052dbf82e450ecdcd24e5c397f9c83ddfc0afc76999be89,0,validation,
5509,[5509],143dd006be7756957466938fa2e0c26ece42cff8746ee99e2200d71685bd0c40,ff344b0f319e5c4251e8ee40b601a08ca937884d96dd3f2554b31b56c87ece4e,0,train,3
5510,[5510],2dbfbe826e2d27acd134032a1d64771ba444b62547e5f597c7e9018ee017a3b0,2e1b619b57c685292ee2507e7204918c68a305d822b6ad34b2ae680c4112c2e2,0,train,3
5511,[5511],b35d9e0b6b811220419b7bd0138f1b771796939c9c07e6ea257b794706890489,9a94b0ed57b43e4251340d771e3b3e877cbd56988320b3a02172f3bd5ec10a69,0,train,0
5513,[5513],4229daff9a94988f2ae60618e861f3a9ad3492490ec646033da62938588c5503,64d937bd145b6a9a82ac110088a0bf79103600fe63cb6573d3a25e4b15ec02de,0,test,
5514,[5514],d178f9ad8c183de01756973b1d6d8095d583c4d61cdc98d86982dd5059ee464d,86c3b410fe2df70c225fffec2a24b0e5f52120f5b9094ad7240f28c8f96dbf16,0,validation,
5515,[5515],9f2d68134a36c723f653d57fb0cdc31383f6e606faba6b6b0a014eea7be42b73,45a466f10670993f59f5a00e1b4641ab22ab7215441b8655e3fd2f3a060e2e99,0,test,
5516,[5516],924881ea4711354fc5d6e0359ad48197d7cd8734e6ff168e6cef4146f20eda14,afae5c04f8409bb5ae68c1918eb1f79c6aab44bbfb583ce7d53eae65fa1580db,0,test,
5517,[5517],12fbd87003e88e626caa4c94a255aed0b1aba1f07203de07878fa5e8d26e75fa,63c8a5005e597ecc9f4c60db953908026d0b49d92e0b124c82adac082c4bb645,0,validation,
5518,[5518],ddcdeac3fabbb8e7954424cc02099af5a1dc2097af0289e9cbd17b5997ec2206,c9fdfdcf9f679b946dbfb6482ff56f9715638dddcf5c5c8fb75549624d81640e,0,validation,
5519,[5519],e4ca7089ffed287e98a46f3437af2b81379394bc0456819bdbcf7ede10e59021,63798d8e22a0f246f430b903c810ce1e28855209fac6bc123d347ad11d596332,0,test,
5520,[5520],545e453c2f1c8599f817271b53f2fc8c9ed07c93b123e562cdaab0493646dc84,026f13d6d0b0c2f2e55532ff2618ae354d65139fb6fb11e94ce1011f71030807,0,train,0
5521,[5521],fccd81e5964b96c78688d3b024ee784c5bfd508172e1b49b0eac1e81d02d48a3,7730c43873173d14324c7a4b7f1030f33668726b7142ec5d2876e4035ad4d258,0,train,0
5522,[5522],95b862981291a0295bfa820be14497f3e4ddce428996e92eda3e86cbb408459f,70d71a6fc0cb87a459ad05bf987e7ce49d81e89fe4ddd4e8214851ab68708009,0,validation,
5523,[5523],db6f86e62ec35771b44addf796f8fa18a1957ae296b64cdeef283e495cd1e074,0fc4916748bf08728bd00c261e7d35e1c3331cc9dc962cba585be4a404ed808d,0,train,1
5524,[5524],ad48d461a9b927cdd12206d62863acbb64ba3ddc6ab8a22d691a950a0001ea0c,56ee2d3e1ad30a4aadd097dcd77371c62bfd84c462968fbbf458d6f6cff9f9ef,0,train,3
5525,[5525],d4f821ded8b86be6e4f834ff3a04e7d4fae8d3daacedf7b857408eb88a65f05d,2966bd31f7391dd558d6c03bcc340015d7452bcb4798b8e49baf80a5ab67479e,0,validation,
5527,[5527],857a03ad11772db02aebf82ee56ce175c511fead96a21109f0929db917756ed2,e4d8beec57a3740682f365c8ba4b1ab1bcc2980f8ec915a8714d86a358342aa1,0,train,3
5528,[5528],35338ebd3ae00a89cd5f12e3a5d1f3d7103cd759fb92d64de40c3725523e27b0,fed82f5016bb8fe15ca80f7f86d4f8419d1e27b3495e03b942e8c184855b6911,1,train,3
5529,[5529],6f21914295c938dcc075ccbbfebfe86c32f806b477996cb42b73ea52171de3e5,448d85e10a3ed93362efa8a3b31be3fca3a298e7cb4a72390339e2dd3054d03b,0,train,3
5530,[5530],f883aeca07af592e69d754acb304d36350f98a3644470b1780a36aae01f411f1,1c030d7676c496786f4612e3dac66fa41cb1f13ca7a6ed9d806005513a84c478,0,train,4
5531,[5531],e935d760c95451a46a35ae816d10b1af6d091f34523e25c9da5a2a65e2de601d,e9006575db31485792be378e8ff83237d8b92cacad56e59d6e63aaab9a7f525c,0,validation,
5532,[5532],6f5642fb94c35ba0c1e981da2d56a26f95690038922a6a095604dcc0e19922f6,2df045ed57931e31e1293d7bd52bfa7dc596fbe670aecfde6f602fab0a0c1de6,0,train,2
5533,[5533],d544fc583a5978c37829f2e58b1cfd3294b27c4ca54f5d29cb07581caec29f86,52b1a58cb9bb736ff9521741246e1a4506f0de63a70abc9ddf15bf7164347e77,0,train,4
5534,[5534],97ad546f3e174b29225ca88b8b0b1517bb249359aedcb8923fcec0760500e49b,8eeda22fcffb7c2c024b03d7213c46d57253c956afccb2113e6ea04019773b47,0,validation,
5535,[5535],0ae4b668f2181db3825520d34f67a5ac3d90b2f21cfd63a3a4e46d5d3c637cff,621b3fcabb8408abed5bca8eb30725e8fd0c0f98d6aa83e4d735c9209dcb2d13,0,validation,
5536,[5536],f83812789edf81824e3731e4e66e90fcab85d70eb8ca1833f949db09687dac65,c17b3222f8c557d814c7e4810ef263c371a78785f55342af34cf598620746f2f,0,train,0
5538,[5538],106255138cd9ce5d36a56667362109f6a80a29b82f13e746ba3cdca1f2e21da9,b873dabca7f4bb491e2161f43b09e570f491374d554c2ee18ceade1484275a5c,0,train,3
5539,[5539],d9fc7969c6a6efc788688627f1e62dc9856533608d7624fddaa3076f2c19dc40,9373bed5e9883ecf4612977735bf922f11e8cd789a8187b2aa5f9cdf0581c746,1,train,2
5540,[5540],c2dc6f317692d1d11308f96da71c49f361638117dfcb572b619bd47adf27d88d,0e40538454cb89c59c90a945cc92052bb57446f9d2ac4ef8aba8533c09f3cb7b,0,train,3
5542,[5542],bccf19a632f71c0476996556f542faeb5f30eea01d8b83d9bae1aa3d95acd234,21710834dc8e0b402c4d7fef5370e10792619352b51d48e93264bd0762694fb3,1,test,
5543,[5543],04b35582fac8872fe4211a2cf5cc8bdea81638becffeb72943d9356456bdf02a,95b634a71c58ccad164feb918104900f862dc8a6fafc63be5913b4302c68fbac,0,train,3
5544,[5544],feebafc09c5e47e8ff10f5fef74ecf82828eb882af995a8b4e8ec4efb246ab57,af60b8727e39717c8c61ed38523c57c3da3f4284bd4c83bf9accba447524177c,0,test,
5545,[5545],c4cc6cc2bafd0da3853920c9178f77b4a47d7057d9ccbd1ec160b5798e69368c,a7f0bff3455a510321d0a89c591d045dd6a575e187529106752c7388b35c8bde,0,train,4
5546,[5546],8933c5cc722ca03c9a7a7337be778056d8adc4a676fb80a37e734eb42637b18b,f986de2c253fb6c563544327993d11098f9c872c1213e1c795e1661a082b8ada,0,train,2
5547,[5547],330b67c9343e2c470a8e2849da20e5d10d86a207ee6e0eb580196161b2f550da,ef87b86350a22c913ff01de7e7551a517bc5d06d474069e840c4f2800a04ceae,0,train,0
5548,[5548],4d61b3da45167e52f3cb8889782767879c84f6f81ea912bb08ee78291c4ed649,3b8eb41527618654f5ba1842040676900381fe47ba2c775e443bcded97ff9436,0,train,2
5549,[5549],56006ead302d47f15b1aba05d1bb777a1b24dcf89f8d28085674b3011801dfaf,12693a4abdc5fb04c2a827a1930c47c21d3a531deeeb703a2584db4a03b5f0d5,1,test,
5550,[5550],bae20338b35f2bdda6f09c79a87af34b7370681472359c9e674690ad1e9e76e4,a1eb7d5acca0daed43e7867b72fc6d7f4c3d274b85da3ba2ae73d258ef83058b,0,train,4
5551,[5551],73dd3b3bee15fa0277f1a629176ea5918ab2cb0b12efeef339372c98472c2776,157b68276feb435be85109b54a1d4c0be599ef4a960d62c9ce1eb784e7140272,0,validation,
5552,[5552],837d94395b8c095eccb6cdd2277ee7acd98d6829b00a8de30a9a66f61c5ce284,774e8ca6222bbd3b7dedd6151b715888b4d6a847a6516ac82f1069ac2d0dd570,0,train,2
5553,[5553],9a1e1551a878c55c7ca54a14ea464d035a151d8dc7e18a976af6b3ddf8a2ed2e,eeb817a58f45155fe05ad9e0d7ebfaa424f110fec9b28b8f464790a102e3538a,0,train,0
5554,[5554],0cb606a5508f693667f938448c77ff538b23cb35bc4458751566c608eb4d5871,d832a58e060a6614a299a9cf723c9c597ac80c33a035037489d955be95931dcf,0,test,
5556,[5556],29a64d80f64e888a353adbcb4b9b56651c4c7d2840998bb1fd631ab11b4265e9,a5f44fbfdc3b234c4bb4d8ee17c9efa762ebe18b5d0ff9ede624f08f2617c086,0,train,0
5557,[5557],60d89a183407e239d2a5ab0c028c9fe60327e1ef1818b24121b3f0502d941990,0d1a4656a4586e898b0487920385451fad9b65c404ae8cbd54e5b233e1ad7442,0,test,
5558,[5558],95db74fccf4f614a8e1ca635c61e5d7626010a3cda64121cde810e475eab6d75,3965f30def817f236a99b56e1ec09b61d64a014bab37ff644c6ffaacc903b4aa,0,train,4
5559,[5559],89a8b72fbf9716417f54b5eea87a64220cfa146126d801c3459ada02a1f355db,445c8737f09615d2a407f6562c49c22b63588642d9e524b04dfb1c132e601eff,0,train,3
5561,[5561],c6bea0405eddbf7fdca23fc682131ede6f8ffa2e9010a7bff9ec949e54921b2a,0f190c8470ac406340f9f1c10603aa6c198974c4f96ed3ea96503db27c73b541,0,validation,
5562,[5562],da0f04dba84e376b9148d45e0bd56b1f5e202b30b9b0a48b99f93b55c2bc5068,bac98096529e87de0db4ff708b1b0c45f45929b8e1e9a59fdfc596ca1df236e0,0,train,2
5563,[5563],6c37ee7bfb5a50bb12d2d19743364dc24cb0cb1d86d474770781e86c160d16b2,323501d22364ee32a4711e90efbd8f011aae5f9ac37cfb1c52377d51deb61ecf,0,train,3
5564,[5564],89a09763fd91e67e1acfc814fa4f6bdeb77d8287700d0dd5a7374007c43b908a,4af15ab5948a987646188227c579f59dd6d04a8dcdfdf269b468404d2731f7fb,0,test,
5565,[5565],d2de3ffca3eefdb4d423ba008fb17e47bd058963aa134325b4c8137a265dcb9e,8c7fb1d9ba6abd56894b575f7c3adcd3e3de46491f836731b96853be8b5c3e3c,0,train,3
5566,[5566],a0e46b1cd25d7e4ffb44944d4e36cc9eab2a0e64753f2b05e0adcc8ced1551a6,e1b0b1466e71ef8f77d44d8c75d50ced8a1631b0c16ffe7d066a04c13ee2ce78,0,test,
5567,[5567],4ea991fe6b575ccd5996b16bb23eba2ce71f19cf7a095bc004c0a77957b78b15,6883d15e9c7c97053165b0255994eb3e161c015c848ee2f4468a3f6d25439d02,0,validation,
5568,[5568],648e6bef0bfb5fe6fd4cad5d70a14404d8d5a5a1575e0d015a039aa9b6ade642,381219956a9fb3cfec566fd85b1541eda7982bd35d0682b6d80741b8ccf32713,1,train,3
5569,[5569],5a2dd1ba97306c484dfb3f60cf2fe15488db8dd0e2171aaecabfd89853f9bff9,6a8f57e3719f583f82623a1a7f45e1f3b0f95ca4de8e19b9323b1e1e5fe97621,1,train,4
5570,[5570],6407c4b29840564f119077008c73ebe40f3481dfc4015e04074e17733683c68b,5479fb79a7f47168c49afa35d9d440249bb80560c1b57503d9e344c75e1cc9e3,0,train,4
5571,[5571],73a764e9673e773b6f91fbeccc279c3aaa6b92ff867a4c1622837d7f8fd60898,939226721d42e8b153d37976e7b8f5a7d4bd02abe88b75d0198b2c1fb6ca3b6d,0,train,4
5572,[5572],27f2bfda74a6e6cbf006ea91d321665be73753164092aae3964bf982e5342246,fffd208b6fd622f28004b073d8153a44e694debeaf257c0a18d3753730983c6d,0,train,3
5573,[5573],8772311b6729b911c919ba95a8c5d60a1a88af85ccbbddb7c0ce55645b295aeb,6c6b2a24b7f104caa4ba734c6914dc93a8d26d624c7fd3dc1b48bb99c4b5ec2c,0,train,3
